Warning: You are sending unauthenticated requests to the HF Hub. Please set a HF_TOKEN to enable higher rate limits and faster downloads.
/usr/local/lib/python3.13/dist-packages/transformers/modeling_rope_utils.py:1080: FutureWarning: `rope_config_validation` is deprecated and has been removed. Its functionality has been moved to RotaryEmbeddingConfigMixin.validate_rope method. PreTrainedConfig inherits this class, so please call self.validate_rope() instead. Also, make sure to use the new rope_parameters syntax. You can call self.standardize_rope_params() in the meantime.
  warnings.warn(
[transformers] Unrecognized keys in `rope_parameters` for 'rope_type'='yarn': {'llama_4_scaling_beta'}
[transformers] Unrecognized keys in `rope_parameters` for 'rope_type'='yarn': {'llama_4_scaling_beta'}
[transformers] Model config: mask_token_id must be `None` or an integer within the vocabulary (between 0 and 131071), got -1. This may result in unexpected behavior.
[transformers] Unrecognized keys in `rope_parameters` for 'rope_type'='yarn': {'llama_4_scaling_beta'}
[transformers] Unrecognized keys in `rope_parameters` for 'rope_type'='yarn': {'llama_4_scaling_beta'}
[transformers] The `check_model_inputs` decorator is deprecated in favor of `merge_with_config_defaults`.
[ERROR] `cache_position` is part of Ministral3Model.forward's signature, but not documented. Make sure to add it to the docstring of the function in /root/.cache/huggingface/modules/transformers_modules/nvidia/Nemotron_hyphen_Labs_hyphen_Diffusion_hyphen_3B/0d51902da1f8869f83413ce642fab402fa5641e0/modeling_ministral.py.
Loading weights:   0%|          | 0/237 [00:00<?, ?it/s]Loading weights: 100%|██████████| 237/237 [00:00<00:00, 4415.21it/s]
{"arm": "nemotron-3b-ar", "case_id": "live_simple_0-0-0", "stop_reason": "eos", "output_tokens": 27, "nfe": 28, "elapsed_seconds": 1.0255}
{"arm": "nemotron-3b-ar", "case_id": "live_simple_1-1-0", "stop_reason": "eos", "output_tokens": 30, "nfe": 31, "elapsed_seconds": 1.1516}
{"arm": "nemotron-3b-ar", "case_id": "live_simple_2-2-0", "stop_reason": "eos", "output_tokens": 30, "nfe": 31, "elapsed_seconds": 1.1404}
{"arm": "nemotron-3b-ar", "case_id": "live_simple_3-2-1", "stop_reason": "eos", "output_tokens": 33, "nfe": 34, "elapsed_seconds": 1.2384}
{"arm": "nemotron-3b-ar", "case_id": "live_simple_4-3-0", "stop_reason": "eos", "output_tokens": 31, "nfe": 32, "elapsed_seconds": 1.1507}
{"arm": "nemotron-3b-ar", "case_id": "live_simple_5-3-1", "stop_reason": "eos", "output_tokens": 33, "nfe": 34, "elapsed_seconds": 1.2385}
{"arm": "nemotron-3b-ar", "case_id": "live_simple_6-3-2", "stop_reason": "eos", "output_tokens": 19, "nfe": 20, "elapsed_seconds": 0.7337}
{"arm": "nemotron-3b-ar", "case_id": "live_simple_7-3-3", "stop_reason": "eos", "output_tokens": 19, "nfe": 20, "elapsed_seconds": 0.7786}
{"arm": "nemotron-3b-ar", "case_id": "live_simple_8-3-4", "stop_reason": "eos", "output_tokens": 30, "nfe": 31, "elapsed_seconds": 1.1288}
{"arm": "nemotron-3b-ar", "case_id": "live_simple_9-3-5", "stop_reason": "eos", "output_tokens": 31, "nfe": 32, "elapsed_seconds": 1.1512}
{"arm": "nemotron-3b-ar", "case_id": "live_simple_10-3-6", "stop_reason": "eos", "output_tokens": 32, "nfe": 33, "elapsed_seconds": 1.2}
{"arm": "nemotron-3b-ar", "case_id": "live_simple_11-3-7", "stop_reason": "eos", "output_tokens": 31, "nfe": 32, "elapsed_seconds": 1.1607}
{"arm": "nemotron-3b-ar", "case_id": "live_simple_12-3-8", "stop_reason": "eos", "output_tokens": 31, "nfe": 32, "elapsed_seconds": 1.1588}
{"arm": "nemotron-3b-ar", "case_id": "live_simple_13-3-9", "stop_reason": "eos", "output_tokens": 18, "nfe": 19, "elapsed_seconds": 0.692}
{"arm": "nemotron-3b-ar", "case_id": "live_simple_14-3-10", "stop_reason": "eos", "output_tokens": 31, "nfe": 32, "elapsed_seconds": 1.1531}
{"arm": "nemotron-3b-ar", "case_id": "live_simple_15-3-11", "stop_reason": "eos", "output_tokens": 20, "nfe": 21, "elapsed_seconds": 0.7857}
{"arm": "nemotron-3b-ar", "case_id": "live_simple_16-3-12", "stop_reason": "eos", "output_tokens": 31, "nfe": 32, "elapsed_seconds": 1.1981}
{"arm": "nemotron-3b-ar", "case_id": "live_simple_17-3-13", "stop_reason": "eos", "output_tokens": 30, "nfe": 31, "elapsed_seconds": 1.1206}
{"arm": "nemotron-3b-ar", "case_id": "live_simple_18-3-14", "stop_reason": "eos", "output_tokens": 32, "nfe": 33, "elapsed_seconds": 1.185}
{"arm": "nemotron-3b-ar", "case_id": "live_simple_19-3-15", "stop_reason": "eos", "output_tokens": 34, "nfe": 35, "elapsed_seconds": 1.2567}
{"arm": "nemotron-3b-ar", "case_id": "live_simple_20-4-0", "stop_reason": "eos", "output_tokens": 33, "nfe": 34, "elapsed_seconds": 1.2169}
{"arm": "nemotron-3b-ar", "case_id": "live_simple_21-4-1", "stop_reason": "eos", "output_tokens": 33, "nfe": 34, "elapsed_seconds": 1.2092}
{"arm": "nemotron-3b-ar", "case_id": "live_simple_22-5-0", "stop_reason": "eos", "output_tokens": 24, "nfe": 25, "elapsed_seconds": 0.8979}
{"arm": "nemotron-3b-ar", "case_id": "live_simple_23-5-1", "stop_reason": "eos", "output_tokens": 21, "nfe": 22, "elapsed_seconds": 0.8068}
{"arm": "nemotron-3b-ar", "case_id": "live_simple_24-5-2", "stop_reason": "eos", "output_tokens": 24, "nfe": 25, "elapsed_seconds": 0.9083}
{"arm": "nemotron-3b-ar", "case_id": "live_simple_25-5-3", "stop_reason": "eos", "output_tokens": 24, "nfe": 25, "elapsed_seconds": 0.923}
{"arm": "nemotron-3b-ar", "case_id": "live_simple_26-6-0", "stop_reason": "eos", "output_tokens": 33, "nfe": 34, "elapsed_seconds": 1.2472}
{"arm": "nemotron-3b-ar", "case_id": "live_simple_27-7-0", "stop_reason": "eos", "output_tokens": 32, "nfe": 33, "elapsed_seconds": 1.2291}
{"arm": "nemotron-3b-ar", "case_id": "live_simple_28-7-1", "stop_reason": "eos", "output_tokens": 52, "nfe": 53, "elapsed_seconds": 1.9041}
{"arm": "nemotron-3b-ar", "case_id": "live_simple_29-7-2", "stop_reason": "eos", "output_tokens": 4, "nfe": 5, "elapsed_seconds": 0.2137}
{"arm": "nemotron-3b-ar", "case_id": "live_simple_30-8-0", "stop_reason": "eos", "output_tokens": 37, "nfe": 38, "elapsed_seconds": 1.447}
{"arm": "nemotron-3b-ar", "case_id": "live_simple_31-8-1", "stop_reason": "eos", "output_tokens": 34, "nfe": 35, "elapsed_seconds": 1.3332}
{"arm": "nemotron-3b-ar", "case_id": "live_simple_32-9-0", "stop_reason": "eos", "output_tokens": 35, "nfe": 36, "elapsed_seconds": 1.2932}
{"arm": "nemotron-3b-ar", "case_id": "live_simple_33-10-0", "stop_reason": "eos", "output_tokens": 11, "nfe": 12, "elapsed_seconds": 0.4552}
{"arm": "nemotron-3b-ar", "case_id": "live_simple_34-11-0", "stop_reason": "eos", "output_tokens": 35, "nfe": 36, "elapsed_seconds": 1.286}
{"arm": "nemotron-3b-ar", "case_id": "live_simple_35-12-0", "stop_reason": "eos", "output_tokens": 76, "nfe": 77, "elapsed_seconds": 2.6936}
{"arm": "nemotron-3b-ar", "case_id": "live_simple_36-13-0", "stop_reason": "eos", "output_tokens": 33, "nfe": 34, "elapsed_seconds": 1.2187}
{"arm": "nemotron-3b-ar", "case_id": "live_simple_37-14-0", "stop_reason": "eos", "output_tokens": 33, "nfe": 34, "elapsed_seconds": 1.249}
{"arm": "nemotron-3b-ar", "case_id": "live_simple_38-15-0", "stop_reason": "eos", "output_tokens": 34, "nfe": 35, "elapsed_seconds": 1.3018}
{"arm": "nemotron-3b-ar", "case_id": "live_simple_39-16-0", "stop_reason": "eos", "output_tokens": 37, "nfe": 38, "elapsed_seconds": 1.4006}
{"arm": "nemotron-3b-ar", "case_id": "live_simple_40-17-0", "stop_reason": "eos", "output_tokens": 36, "nfe": 37, "elapsed_seconds": 1.3752}
{"arm": "nemotron-3b-ar", "case_id": "live_simple_41-17-1", "stop_reason": "eos", "output_tokens": 30, "nfe": 31, "elapsed_seconds": 1.1521}
{"arm": "nemotron-3b-ar", "case_id": "live_simple_42-17-2", "stop_reason": "eos", "output_tokens": 45, "nfe": 46, "elapsed_seconds": 1.6923}
{"arm": "nemotron-3b-ar", "case_id": "live_simple_43-17-3", "stop_reason": "eos", "output_tokens": 33, "nfe": 34, "elapsed_seconds": 1.269}
{"arm": "nemotron-3b-ar", "case_id": "live_simple_44-18-0", "stop_reason": "eos", "output_tokens": 38, "nfe": 39, "elapsed_seconds": 1.4614}
{"arm": "nemotron-3b-ar", "case_id": "live_simple_45-18-1", "stop_reason": "eos", "output_tokens": 50, "nfe": 51, "elapsed_seconds": 1.9303}
{"arm": "nemotron-3b-ar", "case_id": "live_simple_46-19-0", "stop_reason": "eos", "output_tokens": 54, "nfe": 55, "elapsed_seconds": 2.0085}
{"arm": "nemotron-3b-ar", "case_id": "live_simple_47-20-0", "stop_reason": "eos", "output_tokens": 25, "nfe": 26, "elapsed_seconds": 0.9352}
{"arm": "nemotron-3b-ar", "case_id": "live_simple_48-21-0", "stop_reason": "eos", "output_tokens": 46, "nfe": 47, "elapsed_seconds": 1.7708}
{"arm": "nemotron-3b-ar", "case_id": "live_simple_49-21-1", "stop_reason": "eos", "output_tokens": 68, "nfe": 69, "elapsed_seconds": 2.5414}
{"arm": "nemotron-3b-ar", "case_id": "live_simple_50-22-0", "stop_reason": "eos", "output_tokens": 16, "nfe": 17, "elapsed_seconds": 0.6079}
{"arm": "nemotron-3b-ar", "case_id": "live_simple_51-23-0", "stop_reason": "eos", "output_tokens": 61, "nfe": 62, "elapsed_seconds": 2.2954}
{"arm": "nemotron-3b-ar", "case_id": "live_simple_52-23-1", "stop_reason": "eos", "output_tokens": 53, "nfe": 54, "elapsed_seconds": 2.0104}
{"arm": "nemotron-3b-ar", "case_id": "live_simple_53-24-0", "stop_reason": "eos", "output_tokens": 25, "nfe": 26, "elapsed_seconds": 0.9328}
{"arm": "nemotron-3b-ar", "case_id": "live_simple_54-25-0", "stop_reason": "eos", "output_tokens": 25, "nfe": 26, "elapsed_seconds": 0.9405}
{"arm": "nemotron-3b-ar", "case_id": "live_simple_55-25-1", "stop_reason": "eos", "output_tokens": 30, "nfe": 31, "elapsed_seconds": 1.1151}
{"arm": "nemotron-3b-ar", "case_id": "live_simple_56-26-0", "stop_reason": "eos", "output_tokens": 29, "nfe": 30, "elapsed_seconds": 1.0865}
{"arm": "nemotron-3b-ar", "case_id": "live_simple_57-26-1", "stop_reason": "eos", "output_tokens": 33, "nfe": 34, "elapsed_seconds": 1.2288}
{"arm": "nemotron-3b-ar", "case_id": "live_simple_58-27-0", "stop_reason": "eos", "output_tokens": 32, "nfe": 33, "elapsed_seconds": 1.2256}
{"arm": "nemotron-3b-ar", "case_id": "live_simple_59-28-0", "stop_reason": "eos", "output_tokens": 26, "nfe": 27, "elapsed_seconds": 1.0204}
{"arm": "nemotron-3b-ar", "case_id": "live_simple_60-29-0", "stop_reason": "eos", "output_tokens": 27, "nfe": 28, "elapsed_seconds": 1.0278}
{"arm": "nemotron-3b-ar", "case_id": "live_simple_61-29-1", "stop_reason": "eos", "output_tokens": 28, "nfe": 29, "elapsed_seconds": 1.0495}
{"arm": "nemotron-3b-ar", "case_id": "live_simple_62-29-2", "stop_reason": "eos", "output_tokens": 25, "nfe": 26, "elapsed_seconds": 0.9389}
{"arm": "nemotron-3b-ar", "case_id": "live_simple_63-29-3", "stop_reason": "eos", "output_tokens": 30, "nfe": 31, "elapsed_seconds": 1.1693}
{"arm": "nemotron-3b-ar", "case_id": "live_simple_64-29-4", "stop_reason": "eos", "output_tokens": 26, "nfe": 27, "elapsed_seconds": 1.0061}
{"arm": "nemotron-3b-ar", "case_id": "live_simple_65-29-5", "stop_reason": "eos", "output_tokens": 26, "nfe": 27, "elapsed_seconds": 0.981}
{"arm": "nemotron-3b-ar", "case_id": "live_simple_66-30-0", "stop_reason": "eos", "output_tokens": 28, "nfe": 29, "elapsed_seconds": 1.0736}
{"arm": "nemotron-3b-ar", "case_id": "live_simple_67-31-0", "stop_reason": "eos", "output_tokens": 62, "nfe": 63, "elapsed_seconds": 2.3058}
{"arm": "nemotron-3b-ar", "case_id": "live_simple_68-32-0", "stop_reason": "eos", "output_tokens": 28, "nfe": 29, "elapsed_seconds": 1.0644}
{"arm": "nemotron-3b-ar", "case_id": "live_simple_69-33-0", "stop_reason": "eos", "output_tokens": 44, "nfe": 45, "elapsed_seconds": 1.6195}
{"arm": "nemotron-3b-ar", "case_id": "live_simple_70-34-0", "stop_reason": "eos", "output_tokens": 41, "nfe": 42, "elapsed_seconds": 1.5803}
{"arm": "nemotron-3b-ar", "case_id": "live_simple_71-35-0", "stop_reason": "eos", "output_tokens": 69, "nfe": 70, "elapsed_seconds": 2.5588}
{"arm": "nemotron-3b-ar", "case_id": "live_simple_72-36-0", "stop_reason": "eos", "output_tokens": 24, "nfe": 25, "elapsed_seconds": 0.9422}
{"arm": "nemotron-3b-ar", "case_id": "live_simple_73-36-1", "stop_reason": "eos", "output_tokens": 25, "nfe": 26, "elapsed_seconds": 0.9673}
{"arm": "nemotron-3b-ar", "case_id": "live_simple_74-36-2", "stop_reason": "eos", "output_tokens": 24, "nfe": 25, "elapsed_seconds": 0.9216}
{"arm": "nemotron-3b-ar", "case_id": "live_simple_75-36-3", "stop_reason": "eos", "output_tokens": 24, "nfe": 25, "elapsed_seconds": 0.9238}
{"arm": "nemotron-3b-ar", "case_id": "live_simple_76-37-0", "stop_reason": "eos", "output_tokens": 25, "nfe": 26, "elapsed_seconds": 0.9569}
{"arm": "nemotron-3b-ar", "case_id": "live_simple_77-38-0", "stop_reason": "eos", "output_tokens": 22, "nfe": 23, "elapsed_seconds": 0.8804}
{"arm": "nemotron-3b-ar", "case_id": "live_simple_78-39-0", "stop_reason": "eos", "output_tokens": 48, "nfe": 49, "elapsed_seconds": 1.8512}
{"arm": "nemotron-3b-ar", "case_id": "live_simple_79-40-0", "stop_reason": "eos", "output_tokens": 14, "nfe": 15, "elapsed_seconds": 0.5723}
{"arm": "nemotron-3b-ar", "case_id": "live_simple_80-41-0", "stop_reason": "eos", "output_tokens": 96, "nfe": 97, "elapsed_seconds": 3.527}
{"arm": "nemotron-3b-ar", "case_id": "live_simple_81-42-0", "stop_reason": "eos", "output_tokens": 35, "nfe": 36, "elapsed_seconds": 1.3506}
{"arm": "nemotron-3b-ar", "case_id": "live_simple_82-43-0", "stop_reason": "eos", "output_tokens": 89, "nfe": 90, "elapsed_seconds": 3.2778}
{"arm": "nemotron-3b-ar", "case_id": "live_simple_83-44-0", "stop_reason": "eos", "output_tokens": 82, "nfe": 83, "elapsed_seconds": 3.0305}
{"arm": "nemotron-3b-ar", "case_id": "live_simple_84-45-0", "stop_reason": "eos", "output_tokens": 21, "nfe": 22, "elapsed_seconds": 0.8244}
{"arm": "nemotron-3b-ar", "case_id": "live_simple_85-46-0", "stop_reason": "eos", "output_tokens": 37, "nfe": 38, "elapsed_seconds": 1.3967}
{"arm": "nemotron-3b-ar", "case_id": "live_simple_86-47-0", "stop_reason": "eos", "output_tokens": 48, "nfe": 49, "elapsed_seconds": 1.7815}
{"arm": "nemotron-3b-ar", "case_id": "live_simple_87-48-0", "stop_reason": "eos", "output_tokens": 18, "nfe": 19, "elapsed_seconds": 0.7142}
{"arm": "nemotron-3b-ar", "case_id": "live_simple_88-49-0", "stop_reason": "eos", "output_tokens": 31, "nfe": 32, "elapsed_seconds": 1.1904}
{"arm": "nemotron-3b-ar", "case_id": "live_simple_89-50-0", "stop_reason": "eos", "output_tokens": 65, "nfe": 66, "elapsed_seconds": 2.3952}
{"arm": "nemotron-3b-ar", "case_id": "live_simple_90-51-0", "stop_reason": "eos", "output_tokens": 32, "nfe": 33, "elapsed_seconds": 1.2107}
{"arm": "nemotron-3b-ar", "case_id": "live_simple_91-52-0", "stop_reason": "eos", "output_tokens": 8, "nfe": 9, "elapsed_seconds": 0.3425}
{"arm": "nemotron-3b-ar", "case_id": "live_simple_92-53-0", "stop_reason": "eos", "output_tokens": 21, "nfe": 22, "elapsed_seconds": 0.7967}
{"arm": "nemotron-3b-ar", "case_id": "live_simple_93-54-0", "stop_reason": "eos", "output_tokens": 21, "nfe": 22, "elapsed_seconds": 0.8103}
{"arm": "nemotron-3b-ar", "case_id": "live_simple_94-55-0", "stop_reason": "eos", "output_tokens": 30, "nfe": 31, "elapsed_seconds": 1.1226}
{"arm": "nemotron-3b-ar", "case_id": "live_simple_95-56-0", "stop_reason": "eos", "output_tokens": 69, "nfe": 70, "elapsed_seconds": 2.5399}
{"arm": "nemotron-3b-ar", "case_id": "live_simple_96-57-0", "stop_reason": "eos", "output_tokens": 30, "nfe": 31, "elapsed_seconds": 1.1426}
{"arm": "nemotron-3b-ar", "case_id": "live_simple_97-57-1", "stop_reason": "eos", "output_tokens": 28, "nfe": 29, "elapsed_seconds": 1.0712}
{"arm": "nemotron-3b-ar", "case_id": "live_simple_98-58-0", "stop_reason": "eos", "output_tokens": 34, "nfe": 35, "elapsed_seconds": 1.2845}
{"arm": "nemotron-3b-ar", "case_id": "live_simple_99-59-0", "stop_reason": "eos", "output_tokens": 35, "nfe": 36, "elapsed_seconds": 1.3164}
{"arm": "nemotron-3b-ar", "case_id": "live_simple_100-59-1", "stop_reason": "eos", "output_tokens": 38, "nfe": 39, "elapsed_seconds": 1.4264}
{"arm": "nemotron-3b-ar", "case_id": "live_simple_101-60-0", "stop_reason": "eos", "output_tokens": 25, "nfe": 26, "elapsed_seconds": 0.9872}
{"arm": "nemotron-3b-ar", "case_id": "live_simple_102-61-0", "stop_reason": "eos", "output_tokens": 45, "nfe": 46, "elapsed_seconds": 1.7131}
{"arm": "nemotron-3b-ar", "case_id": "live_simple_103-61-1", "stop_reason": "eos", "output_tokens": 19, "nfe": 20, "elapsed_seconds": 0.8066}
{"arm": "nemotron-3b-ar", "case_id": "live_simple_104-61-2", "stop_reason": "eos", "output_tokens": 42, "nfe": 43, "elapsed_seconds": 1.6014}
{"arm": "nemotron-3b-ar", "case_id": "live_simple_105-62-0", "stop_reason": "eos", "output_tokens": 39, "nfe": 40, "elapsed_seconds": 1.4624}
{"arm": "nemotron-3b-ar", "case_id": "live_simple_106-63-0", "stop_reason": "eos", "output_tokens": 238, "nfe": 239, "elapsed_seconds": 8.6998}
{"arm": "nemotron-3b-ar", "case_id": "live_simple_107-64-0", "stop_reason": "eos", "output_tokens": 127, "nfe": 128, "elapsed_seconds": 4.5778}
{"arm": "nemotron-3b-ar", "case_id": "live_simple_108-65-0", "stop_reason": "eos", "output_tokens": 153, "nfe": 154, "elapsed_seconds": 5.4654}
{"arm": "nemotron-3b-ar", "case_id": "live_simple_109-66-0", "stop_reason": "eos", "output_tokens": 90, "nfe": 91, "elapsed_seconds": 3.2575}
{"arm": "nemotron-3b-ar", "case_id": "live_simple_110-67-0", "stop_reason": "eos", "output_tokens": 56, "nfe": 57, "elapsed_seconds": 2.0876}
{"arm": "nemotron-3b-ar", "case_id": "live_simple_111-67-1", "stop_reason": "eos", "output_tokens": 122, "nfe": 123, "elapsed_seconds": 4.4735}
{"arm": "nemotron-3b-ar", "case_id": "live_simple_112-68-0", "stop_reason": "eos", "output_tokens": 87, "nfe": 88, "elapsed_seconds": 3.191}
{"arm": "nemotron-3b-ar", "case_id": "live_simple_113-69-0", "stop_reason": "eos", "output_tokens": 42, "nfe": 43, "elapsed_seconds": 1.6095}
{"arm": "nemotron-3b-ar", "case_id": "live_simple_114-70-0", "stop_reason": "eos", "output_tokens": 37, "nfe": 38, "elapsed_seconds": 1.4157}
{"arm": "nemotron-3b-ar", "case_id": "live_simple_115-71-0", "stop_reason": "eos", "output_tokens": 30, "nfe": 31, "elapsed_seconds": 1.1425}
{"arm": "nemotron-3b-ar", "case_id": "live_simple_116-72-0", "stop_reason": "eos", "output_tokens": 27, "nfe": 28, "elapsed_seconds": 1.0209}
{"arm": "nemotron-3b-ar", "case_id": "live_simple_117-73-0", "stop_reason": "eos", "output_tokens": 17, "nfe": 18, "elapsed_seconds": 0.6871}
{"arm": "nemotron-3b-ar", "case_id": "live_simple_118-74-0", "stop_reason": "eos", "output_tokens": 35, "nfe": 36, "elapsed_seconds": 1.362}
{"arm": "nemotron-3b-ar", "case_id": "live_simple_119-75-0", "stop_reason": "eos", "output_tokens": 25, "nfe": 26, "elapsed_seconds": 0.9644}
{"arm": "nemotron-3b-ar", "case_id": "live_simple_120-76-0", "stop_reason": "eos", "output_tokens": 56, "nfe": 57, "elapsed_seconds": 2.1057}
{"arm": "nemotron-3b-ar", "case_id": "live_simple_121-77-0", "stop_reason": "eos", "output_tokens": 67, "nfe": 68, "elapsed_seconds": 2.4864}
{"arm": "nemotron-3b-ar", "case_id": "live_simple_122-78-0", "stop_reason": "eos", "output_tokens": 38, "nfe": 39, "elapsed_seconds": 1.4511}
{"arm": "nemotron-3b-ar", "case_id": "live_simple_123-79-0", "stop_reason": "eos", "output_tokens": 117, "nfe": 118, "elapsed_seconds": 4.2121}
{"arm": "nemotron-3b-ar", "case_id": "live_simple_124-80-0", "stop_reason": "eos", "output_tokens": 21, "nfe": 22, "elapsed_seconds": 0.8233}
{"arm": "nemotron-3b-ar", "case_id": "live_simple_125-81-0", "stop_reason": "eos", "output_tokens": 30, "nfe": 31, "elapsed_seconds": 1.1402}
{"arm": "nemotron-3b-ar", "case_id": "live_simple_126-82-0", "stop_reason": "eos", "output_tokens": 43, "nfe": 44, "elapsed_seconds": 1.6453}
{"arm": "nemotron-3b-ar", "case_id": "live_simple_127-82-1", "stop_reason": "eos", "output_tokens": 39, "nfe": 40, "elapsed_seconds": 1.4881}
{"arm": "nemotron-3b-ar", "case_id": "live_simple_128-83-0", "stop_reason": "eos", "output_tokens": 62, "nfe": 63, "elapsed_seconds": 2.3059}
{"arm": "nemotron-3b-ar", "case_id": "live_simple_129-83-1", "stop_reason": "eos", "output_tokens": 68, "nfe": 69, "elapsed_seconds": 2.4726}
{"arm": "nemotron-3b-ar", "case_id": "live_simple_130-84-0", "stop_reason": "eos", "output_tokens": 95, "nfe": 96, "elapsed_seconds": 3.5085}
{"arm": "nemotron-3b-ar", "case_id": "live_simple_131-84-1", "stop_reason": "eos", "output_tokens": 87, "nfe": 88, "elapsed_seconds": 3.2462}
{"arm": "nemotron-3b-ar", "case_id": "live_simple_132-85-0", "stop_reason": "eos", "output_tokens": 39, "nfe": 40, "elapsed_seconds": 1.4863}
{"arm": "nemotron-3b-ar", "case_id": "live_simple_133-86-0", "stop_reason": "eos", "output_tokens": 37, "nfe": 38, "elapsed_seconds": 1.4197}
{"arm": "nemotron-3b-ar", "case_id": "live_simple_134-87-0", "stop_reason": "eos", "output_tokens": 37, "nfe": 38, "elapsed_seconds": 1.4117}
{"arm": "nemotron-3b-ar", "case_id": "live_simple_135-88-0", "stop_reason": "eos", "output_tokens": 34, "nfe": 35, "elapsed_seconds": 1.3468}
{"arm": "nemotron-3b-ar", "case_id": "live_simple_136-89-0", "stop_reason": "eos", "output_tokens": 57, "nfe": 58, "elapsed_seconds": 2.1493}
{"arm": "nemotron-3b-ar", "case_id": "live_simple_137-90-0", "stop_reason": "eos", "output_tokens": 45, "nfe": 46, "elapsed_seconds": 1.7062}
{"arm": "nemotron-3b-ar", "case_id": "live_simple_138-91-0", "stop_reason": "eos", "output_tokens": 45, "nfe": 46, "elapsed_seconds": 1.6985}
{"arm": "nemotron-3b-ar", "case_id": "live_simple_139-92-0", "stop_reason": "eos", "output_tokens": 72, "nfe": 73, "elapsed_seconds": 2.652}
{"arm": "nemotron-3b-ar", "case_id": "live_simple_140-93-0", "stop_reason": "eos", "output_tokens": 36, "nfe": 37, "elapsed_seconds": 1.3642}
{"arm": "nemotron-3b-ar", "case_id": "live_simple_141-94-0", "stop_reason": "eos", "output_tokens": 25, "nfe": 26, "elapsed_seconds": 0.9895}
{"arm": "nemotron-3b-ar", "case_id": "live_simple_142-94-1", "stop_reason": "eos", "output_tokens": 36, "nfe": 37, "elapsed_seconds": 1.3623}
{"arm": "nemotron-3b-ar", "case_id": "live_simple_143-95-0", "stop_reason": "eos", "output_tokens": 24, "nfe": 25, "elapsed_seconds": 0.9322}
{"arm": "nemotron-3b-ar", "case_id": "live_simple_144-95-1", "stop_reason": "eos", "output_tokens": 28, "nfe": 29, "elapsed_seconds": 1.0867}
{"arm": "nemotron-3b-ar", "case_id": "live_simple_145-95-2", "stop_reason": "eos", "output_tokens": 26, "nfe": 27, "elapsed_seconds": 1.0085}
{"arm": "nemotron-3b-ar", "case_id": "live_simple_146-95-3", "stop_reason": "eos", "output_tokens": 33, "nfe": 34, "elapsed_seconds": 1.2697}
{"arm": "nemotron-3b-ar", "case_id": "live_simple_147-95-4", "stop_reason": "eos", "output_tokens": 27, "nfe": 28, "elapsed_seconds": 1.0389}
{"arm": "nemotron-3b-ar", "case_id": "live_simple_148-95-5", "stop_reason": "eos", "output_tokens": 24, "nfe": 25, "elapsed_seconds": 0.9292}
{"arm": "nemotron-3b-ar", "case_id": "live_simple_149-95-6", "stop_reason": "eos", "output_tokens": 24, "nfe": 25, "elapsed_seconds": 0.9284}
{"arm": "nemotron-3b-ar", "case_id": "live_simple_150-95-7", "stop_reason": "eos", "output_tokens": 27, "nfe": 28, "elapsed_seconds": 1.0368}
{"arm": "nemotron-3b-ar", "case_id": "live_simple_151-95-8", "stop_reason": "eos", "output_tokens": 24, "nfe": 25, "elapsed_seconds": 0.9328}
{"arm": "nemotron-3b-ar", "case_id": "live_simple_152-95-9", "stop_reason": "eos", "output_tokens": 32, "nfe": 33, "elapsed_seconds": 1.2169}
{"arm": "nemotron-3b-ar", "case_id": "live_simple_153-95-10", "stop_reason": "eos", "output_tokens": 27, "nfe": 28, "elapsed_seconds": 1.04}
{"arm": "nemotron-3b-ar", "case_id": "live_simple_154-95-11", "stop_reason": "eos", "output_tokens": 57, "nfe": 58, "elapsed_seconds": 2.1065}
{"arm": "nemotron-3b-ar", "case_id": "live_simple_155-95-12", "stop_reason": "eos", "output_tokens": 23, "nfe": 24, "elapsed_seconds": 0.8992}
{"arm": "nemotron-3b-ar", "case_id": "live_simple_156-95-13", "stop_reason": "eos", "output_tokens": 26, "nfe": 27, "elapsed_seconds": 1.0054}
{"arm": "nemotron-3b-ar", "case_id": "live_simple_157-95-14", "stop_reason": "eos", "output_tokens": 28, "nfe": 29, "elapsed_seconds": 1.0781}
{"arm": "nemotron-3b-ar", "case_id": "live_simple_158-95-15", "stop_reason": "eos", "output_tokens": 29, "nfe": 30, "elapsed_seconds": 1.1146}
{"arm": "nemotron-3b-ar", "case_id": "live_simple_159-95-16", "stop_reason": "eos", "output_tokens": 17, "nfe": 18, "elapsed_seconds": 0.6857}
{"arm": "nemotron-3b-ar", "case_id": "live_simple_160-95-17", "stop_reason": "eos", "output_tokens": 31, "nfe": 32, "elapsed_seconds": 1.1828}
{"arm": "nemotron-3b-ar", "case_id": "live_simple_161-96-0", "stop_reason": "eos", "output_tokens": 54, "nfe": 55, "elapsed_seconds": 2.025}
{"arm": "nemotron-3b-ar", "case_id": "live_simple_162-96-1", "stop_reason": "eos", "output_tokens": 30, "nfe": 31, "elapsed_seconds": 1.1423}
{"arm": "nemotron-3b-ar", "case_id": "live_simple_163-96-2", "stop_reason": "eos", "output_tokens": 35, "nfe": 36, "elapsed_seconds": 1.3297}
{"arm": "nemotron-3b-ar", "case_id": "live_simple_164-97-0", "stop_reason": "eos", "output_tokens": 46, "nfe": 47, "elapsed_seconds": 1.7515}
{"arm": "nemotron-3b-ar", "case_id": "live_simple_165-98-0", "stop_reason": "eos", "output_tokens": 57, "nfe": 58, "elapsed_seconds": 2.1422}
{"arm": "nemotron-3b-ar", "case_id": "live_simple_166-99-0", "stop_reason": "eos", "output_tokens": 23, "nfe": 24, "elapsed_seconds": 0.8965}
{"arm": "nemotron-3b-ar", "case_id": "live_simple_167-99-1", "stop_reason": "eos", "output_tokens": 34, "nfe": 35, "elapsed_seconds": 1.287}
{"arm": "nemotron-3b-ar", "case_id": "live_simple_168-99-2", "stop_reason": "eos", "output_tokens": 21, "nfe": 22, "elapsed_seconds": 0.8192}
{"arm": "nemotron-3b-ar", "case_id": "live_simple_169-99-3", "stop_reason": "eos", "output_tokens": 32, "nfe": 33, "elapsed_seconds": 1.2439}
{"arm": "nemotron-3b-ar", "case_id": "live_simple_170-99-4", "stop_reason": "eos", "output_tokens": 22, "nfe": 23, "elapsed_seconds": 0.8849}
{"arm": "nemotron-3b-ar", "case_id": "live_simple_171-99-5", "stop_reason": "eos", "output_tokens": 23, "nfe": 24, "elapsed_seconds": 0.8962}
{"arm": "nemotron-3b-ar", "case_id": "live_simple_172-99-6", "stop_reason": "eos", "output_tokens": 33, "nfe": 34, "elapsed_seconds": 1.2443}
{"arm": "nemotron-3b-ar", "case_id": "live_simple_173-99-7", "stop_reason": "eos", "output_tokens": 21, "nfe": 22, "elapsed_seconds": 0.8201}
{"arm": "nemotron-3b-ar", "case_id": "live_simple_174-100-0", "stop_reason": "eos", "output_tokens": 23, "nfe": 24, "elapsed_seconds": 0.9025}
{"arm": "nemotron-3b-ar", "case_id": "live_simple_175-101-0", "stop_reason": "eos", "output_tokens": 24, "nfe": 25, "elapsed_seconds": 0.9358}
{"arm": "nemotron-3b-ar", "case_id": "live_simple_176-102-0", "stop_reason": "eos", "output_tokens": 76, "nfe": 77, "elapsed_seconds": 2.7824}
{"arm": "nemotron-3b-ar", "case_id": "live_simple_177-103-0", "stop_reason": "eos", "output_tokens": 14, "nfe": 15, "elapsed_seconds": 0.5806}
{"arm": "nemotron-3b-ar", "case_id": "live_simple_178-103-1", "stop_reason": "eos", "output_tokens": 10, "nfe": 11, "elapsed_seconds": 0.4288}
{"arm": "nemotron-3b-ar", "case_id": "live_simple_179-104-0", "stop_reason": "eos", "output_tokens": 28, "nfe": 29, "elapsed_seconds": 1.1004}
{"arm": "nemotron-3b-ar", "case_id": "live_simple_180-105-0", "stop_reason": "eos", "output_tokens": 21, "nfe": 22, "elapsed_seconds": 0.8283}
{"arm": "nemotron-3b-ar", "case_id": "live_simple_181-106-0", "stop_reason": "eos", "output_tokens": 28, "nfe": 29, "elapsed_seconds": 1.0963}
{"arm": "nemotron-3b-ar", "case_id": "live_simple_182-107-0", "stop_reason": "eos", "output_tokens": 50, "nfe": 51, "elapsed_seconds": 1.8894}
{"arm": "nemotron-3b-ar", "case_id": "live_simple_183-108-0", "stop_reason": "eos", "output_tokens": 20, "nfe": 21, "elapsed_seconds": 0.8162}
{"arm": "nemotron-3b-ar", "case_id": "live_simple_184-109-0", "stop_reason": "eos", "output_tokens": 27, "nfe": 28, "elapsed_seconds": 1.06}
{"arm": "nemotron-3b-ar", "case_id": "live_simple_185-110-0", "stop_reason": "eos", "output_tokens": 64, "nfe": 65, "elapsed_seconds": 2.3814}
{"arm": "nemotron-3b-ar", "case_id": "live_simple_186-111-0", "stop_reason": "eos", "output_tokens": 78, "nfe": 79, "elapsed_seconds": 2.9065}
{"arm": "nemotron-3b-ar", "case_id": "live_simple_187-112-0", "stop_reason": "eos", "output_tokens": 85, "nfe": 86, "elapsed_seconds": 3.1621}
{"arm": "nemotron-3b-ar", "case_id": "live_simple_188-113-0", "stop_reason": "eos", "output_tokens": 40, "nfe": 41, "elapsed_seconds": 1.5509}
{"arm": "nemotron-3b-ar", "case_id": "live_simple_189-114-0", "stop_reason": "eos", "output_tokens": 32, "nfe": 33, "elapsed_seconds": 1.2342}
{"arm": "nemotron-3b-ar", "case_id": "live_simple_190-115-0", "stop_reason": "eos", "output_tokens": 25, "nfe": 26, "elapsed_seconds": 0.9753}
{"arm": "nemotron-3b-ar", "case_id": "live_simple_191-115-1", "stop_reason": "eos", "output_tokens": 26, "nfe": 27, "elapsed_seconds": 1.0126}
{"arm": "nemotron-3b-ar", "case_id": "live_simple_192-116-0", "stop_reason": "eos", "output_tokens": 27, "nfe": 28, "elapsed_seconds": 1.0569}
{"arm": "nemotron-3b-ar", "case_id": "live_simple_193-116-1", "stop_reason": "eos", "output_tokens": 27, "nfe": 28, "elapsed_seconds": 1.0346}
{"arm": "nemotron-3b-ar", "case_id": "live_simple_194-116-2", "stop_reason": "eos", "output_tokens": 27, "nfe": 28, "elapsed_seconds": 1.0374}
{"arm": "nemotron-3b-ar", "case_id": "live_simple_195-116-3", "stop_reason": "eos", "output_tokens": 28, "nfe": 29, "elapsed_seconds": 1.0718}
{"arm": "nemotron-3b-ar", "case_id": "live_simple_196-116-4", "stop_reason": "eos", "output_tokens": 28, "nfe": 29, "elapsed_seconds": 1.0711}
{"arm": "nemotron-3b-ar", "case_id": "live_simple_197-116-5", "stop_reason": "eos", "output_tokens": 28, "nfe": 29, "elapsed_seconds": 1.0709}
{"arm": "nemotron-3b-ar", "case_id": "live_simple_198-116-6", "stop_reason": "eos", "output_tokens": 28, "nfe": 29, "elapsed_seconds": 1.0718}
{"arm": "nemotron-3b-ar", "case_id": "live_simple_199-116-7", "stop_reason": "eos", "output_tokens": 29, "nfe": 30, "elapsed_seconds": 1.1093}
{"arm": "nemotron-3b-ar", "case_id": "live_simple_200-116-8", "stop_reason": "eos", "output_tokens": 28, "nfe": 29, "elapsed_seconds": 1.0754}
{"arm": "nemotron-3b-ar", "case_id": "live_simple_201-116-9", "stop_reason": "eos", "output_tokens": 27, "nfe": 28, "elapsed_seconds": 1.0409}
{"arm": "nemotron-3b-ar", "case_id": "live_simple_202-116-10", "stop_reason": "eos", "output_tokens": 28, "nfe": 29, "elapsed_seconds": 1.0779}
{"arm": "nemotron-3b-ar", "case_id": "live_simple_203-116-11", "stop_reason": "eos", "output_tokens": 28, "nfe": 29, "elapsed_seconds": 1.0719}
{"arm": "nemotron-3b-ar", "case_id": "live_simple_204-116-12", "stop_reason": "eos", "output_tokens": 29, "nfe": 30, "elapsed_seconds": 1.1047}
{"arm": "nemotron-3b-ar", "case_id": "live_simple_205-116-13", "stop_reason": "eos", "output_tokens": 27, "nfe": 28, "elapsed_seconds": 1.0341}
{"arm": "nemotron-3b-ar", "case_id": "live_simple_206-116-14", "stop_reason": "eos", "output_tokens": 28, "nfe": 29, "elapsed_seconds": 1.0716}
{"arm": "nemotron-3b-ar", "case_id": "live_simple_207-116-15", "stop_reason": "eos", "output_tokens": 27, "nfe": 28, "elapsed_seconds": 1.0372}
{"arm": "nemotron-3b-ar", "case_id": "live_simple_208-117-0", "stop_reason": "eos", "output_tokens": 30, "nfe": 31, "elapsed_seconds": 1.1743}
{"arm": "nemotron-3b-ar", "case_id": "live_simple_209-117-1", "stop_reason": "eos", "output_tokens": 33, "nfe": 34, "elapsed_seconds": 1.2818}
{"arm": "nemotron-3b-ar", "case_id": "live_simple_210-117-2", "stop_reason": "eos", "output_tokens": 26, "nfe": 27, "elapsed_seconds": 1.032}
{"arm": "nemotron-3b-ar", "case_id": "live_simple_211-117-3", "stop_reason": "eos", "output_tokens": 27, "nfe": 28, "elapsed_seconds": 1.0753}
{"arm": "nemotron-3b-ar", "case_id": "live_simple_212-117-4", "stop_reason": "eos", "output_tokens": 27, "nfe": 28, "elapsed_seconds": 1.0639}
{"arm": "nemotron-3b-ar", "case_id": "live_simple_213-117-5", "stop_reason": "eos", "output_tokens": 26, "nfe": 27, "elapsed_seconds": 1.0287}
{"arm": "nemotron-3b-ar", "case_id": "live_simple_214-117-6", "stop_reason": "eos", "output_tokens": 30, "nfe": 31, "elapsed_seconds": 1.1847}
{"arm": "nemotron-3b-ar", "case_id": "live_simple_215-117-7", "stop_reason": "eos", "output_tokens": 26, "nfe": 27, "elapsed_seconds": 1.0263}
{"arm": "nemotron-3b-ar", "case_id": "live_simple_216-117-8", "stop_reason": "eos", "output_tokens": 26, "nfe": 27, "elapsed_seconds": 1.0312}
{"arm": "nemotron-3b-ar", "case_id": "live_simple_217-117-9", "stop_reason": "eos", "output_tokens": 30, "nfe": 31, "elapsed_seconds": 1.1669}
{"arm": "nemotron-3b-ar", "case_id": "live_simple_218-117-10", "stop_reason": "eos", "output_tokens": 31, "nfe": 32, "elapsed_seconds": 1.2068}
{"arm": "nemotron-3b-ar", "case_id": "live_simple_219-117-11", "stop_reason": "eos", "output_tokens": 26, "nfe": 27, "elapsed_seconds": 1.0276}
{"arm": "nemotron-3b-ar", "case_id": "live_simple_220-117-12", "stop_reason": "eos", "output_tokens": 28, "nfe": 29, "elapsed_seconds": 1.0978}
{"arm": "nemotron-3b-ar", "case_id": "live_simple_221-117-13", "stop_reason": "eos", "output_tokens": 26, "nfe": 27, "elapsed_seconds": 1.0327}
{"arm": "nemotron-3b-ar", "case_id": "live_simple_222-117-14", "stop_reason": "eos", "output_tokens": 33, "nfe": 34, "elapsed_seconds": 1.2951}
{"arm": "nemotron-3b-ar", "case_id": "live_simple_223-117-15", "stop_reason": "eos", "output_tokens": 26, "nfe": 27, "elapsed_seconds": 1.0396}
{"arm": "nemotron-3b-ar", "case_id": "live_simple_224-117-16", "stop_reason": "eos", "output_tokens": 27, "nfe": 28, "elapsed_seconds": 1.068}
{"arm": "nemotron-3b-ar", "case_id": "live_simple_225-117-17", "stop_reason": "eos", "output_tokens": 33, "nfe": 34, "elapsed_seconds": 1.2982}
{"arm": "nemotron-3b-ar", "case_id": "live_simple_226-118-0", "stop_reason": "eos", "output_tokens": 37, "nfe": 38, "elapsed_seconds": 1.4119}
{"arm": "nemotron-3b-ar", "case_id": "live_simple_227-118-1", "stop_reason": "eos", "output_tokens": 31, "nfe": 32, "elapsed_seconds": 1.2225}
{"arm": "nemotron-3b-ar", "case_id": "live_simple_228-119-0", "stop_reason": "eos", "output_tokens": 31, "nfe": 32, "elapsed_seconds": 1.2051}
{"arm": "nemotron-3b-ar", "case_id": "live_simple_229-120-0", "stop_reason": "eos", "output_tokens": 17, "nfe": 18, "elapsed_seconds": 0.6621}
{"arm": "nemotron-3b-ar", "case_id": "live_simple_230-121-0", "stop_reason": "eos", "output_tokens": 42, "nfe": 43, "elapsed_seconds": 1.591}
{"arm": "nemotron-3b-ar", "case_id": "live_simple_231-122-0", "stop_reason": "eos", "output_tokens": 54, "nfe": 55, "elapsed_seconds": 2.0051}
{"arm": "nemotron-3b-ar", "case_id": "live_simple_232-122-1", "stop_reason": "eos", "output_tokens": 39, "nfe": 40, "elapsed_seconds": 1.4784}
{"arm": "nemotron-3b-ar", "case_id": "live_simple_233-123-0", "stop_reason": "eos", "output_tokens": 38, "nfe": 39, "elapsed_seconds": 1.4651}
{"arm": "nemotron-3b-ar", "case_id": "live_simple_234-123-1", "stop_reason": "eos", "output_tokens": 39, "nfe": 40, "elapsed_seconds": 1.4958}
{"arm": "nemotron-3b-ar", "case_id": "live_simple_235-124-0", "stop_reason": "eos", "output_tokens": 39, "nfe": 40, "elapsed_seconds": 1.4676}
{"arm": "nemotron-3b-ar", "case_id": "live_simple_236-124-1", "stop_reason": "eos", "output_tokens": 46, "nfe": 47, "elapsed_seconds": 1.735}
{"arm": "nemotron-3b-ar", "case_id": "live_simple_237-125-0", "stop_reason": "eos", "output_tokens": 41, "nfe": 42, "elapsed_seconds": 1.5538}
{"arm": "nemotron-3b-ar", "case_id": "live_simple_238-125-1", "stop_reason": "eos", "output_tokens": 45, "nfe": 46, "elapsed_seconds": 1.6989}
{"arm": "nemotron-3b-ar", "case_id": "live_simple_239-125-2", "stop_reason": "eos", "output_tokens": 40, "nfe": 41, "elapsed_seconds": 1.5163}
{"arm": "nemotron-3b-ar", "case_id": "live_simple_240-125-3", "stop_reason": "eos", "output_tokens": 40, "nfe": 41, "elapsed_seconds": 1.5156}
{"arm": "nemotron-3b-ar", "case_id": "live_simple_241-125-4", "stop_reason": "eos", "output_tokens": 36, "nfe": 37, "elapsed_seconds": 1.3639}
{"arm": "nemotron-3b-ar", "case_id": "live_simple_242-126-0", "stop_reason": "eos", "output_tokens": 20, "nfe": 21, "elapsed_seconds": 0.7702}
{"arm": "nemotron-3b-ar", "case_id": "live_simple_243-126-1", "stop_reason": "eos", "output_tokens": 20, "nfe": 21, "elapsed_seconds": 0.7723}
{"arm": "nemotron-3b-ar", "case_id": "live_simple_244-126-2", "stop_reason": "eos", "output_tokens": 20, "nfe": 21, "elapsed_seconds": 0.7675}
{"arm": "nemotron-3b-ar", "case_id": "live_simple_245-127-0", "stop_reason": "eos", "output_tokens": 37, "nfe": 38, "elapsed_seconds": 1.4144}
{"arm": "nemotron-3b-ar", "case_id": "live_simple_246-128-0", "stop_reason": "eos", "output_tokens": 44, "nfe": 45, "elapsed_seconds": 1.6659}
{"arm": "nemotron-3b-ar", "case_id": "live_simple_247-129-0", "stop_reason": "eos", "output_tokens": 10, "nfe": 11, "elapsed_seconds": 0.4088}
{"arm": "nemotron-3b-ar", "case_id": "live_simple_248-130-0", "stop_reason": "eos", "output_tokens": 27, "nfe": 28, "elapsed_seconds": 1.0422}
{"arm": "nemotron-3b-ar", "case_id": "live_simple_249-131-0", "stop_reason": "eos", "output_tokens": 29, "nfe": 30, "elapsed_seconds": 1.0932}
{"arm": "nemotron-3b-ar", "case_id": "live_simple_250-132-0", "stop_reason": "eos", "output_tokens": 32, "nfe": 33, "elapsed_seconds": 1.2114}
{"arm": "nemotron-3b-ar", "case_id": "live_simple_251-133-0", "stop_reason": "eos", "output_tokens": 45, "nfe": 46, "elapsed_seconds": 1.6737}
{"arm": "nemotron-3b-ar", "case_id": "live_simple_252-134-0", "stop_reason": "eos", "output_tokens": 41, "nfe": 42, "elapsed_seconds": 1.5351}
{"arm": "nemotron-3b-ar", "case_id": "live_simple_253-135-0", "stop_reason": "eos", "output_tokens": 31, "nfe": 32, "elapsed_seconds": 1.183}
{"arm": "nemotron-3b-ar", "case_id": "live_simple_254-136-0", "stop_reason": "eos", "output_tokens": 19, "nfe": 20, "elapsed_seconds": 0.7524}
{"arm": "nemotron-3b-ar", "case_id": "live_simple_255-136-1", "stop_reason": "eos", "output_tokens": 22, "nfe": 23, "elapsed_seconds": 0.8564}
{"arm": "nemotron-3b-ar", "case_id": "live_simple_256-137-0", "stop_reason": "eos", "output_tokens": 30, "nfe": 31, "elapsed_seconds": 1.1485}
{"arm": "nemotron-3b-ar", "case_id": "live_simple_257-137-1", "stop_reason": "eos", "output_tokens": 28, "nfe": 29, "elapsed_seconds": 1.0745}
{"arm": "nemotron-3b-ar", "case_id": "live_multiple_1-0-1", "stop_reason": "eos", "output_tokens": 59, "nfe": 60, "elapsed_seconds": 2.2513}
{"arm": "nemotron-3b-ar", "case_id": "live_multiple_2-1-0", "stop_reason": "eos", "output_tokens": 29, "nfe": 30, "elapsed_seconds": 1.1653}
{"arm": "nemotron-3b-ar", "case_id": "live_multiple_3-2-0", "stop_reason": "eos", "output_tokens": 14, "nfe": 15, "elapsed_seconds": 0.5998}
{"arm": "nemotron-3b-ar", "case_id": "live_multiple_17-4-9", "stop_reason": "eos", "output_tokens": 30, "nfe": 31, "elapsed_seconds": 1.3433}
{"arm": "nemotron-3b-ar", "case_id": "live_multiple_19-4-11", "stop_reason": "eos", "output_tokens": 46, "nfe": 47, "elapsed_seconds": 1.9228}
{"arm": "nemotron-3b-ar", "case_id": "live_multiple_23-5-0", "stop_reason": "eos", "output_tokens": 19, "nfe": 20, "elapsed_seconds": 0.8237}
{"arm": "nemotron-3b-ar", "case_id": "live_multiple_33-10-3", "stop_reason": "eos", "output_tokens": 13, "nfe": 14, "elapsed_seconds": 0.6511}
{"arm": "nemotron-3b-ar", "case_id": "live_multiple_39-14-1", "stop_reason": "eos", "output_tokens": 20, "nfe": 21, "elapsed_seconds": 0.814}
{"arm": "nemotron-3b-ar", "case_id": "live_multiple_40-15-0", "stop_reason": "eos", "output_tokens": 17, "nfe": 18, "elapsed_seconds": 0.6994}
{"arm": "nemotron-3b-ar", "case_id": "live_multiple_51-21-0", "stop_reason": "eos", "output_tokens": 19, "nfe": 20, "elapsed_seconds": 0.83}
{"arm": "nemotron-3b-ar", "case_id": "live_multiple_59-22-6", "stop_reason": "eos", "output_tokens": 39, "nfe": 40, "elapsed_seconds": 1.5875}
{"arm": "nemotron-3b-ar", "case_id": "live_multiple_65-26-1", "stop_reason": "eos", "output_tokens": 18, "nfe": 19, "elapsed_seconds": 0.7918}
{"arm": "nemotron-3b-ar", "case_id": "live_multiple_94-41-1", "stop_reason": "eos", "output_tokens": 14, "nfe": 15, "elapsed_seconds": 0.7372}
{"arm": "nemotron-3b-ar", "case_id": "live_multiple_96-42-0", "stop_reason": "eos", "output_tokens": 24, "nfe": 25, "elapsed_seconds": 1.1805}
{"arm": "nemotron-3b-ar", "case_id": "live_multiple_118-45-3", "stop_reason": "eos", "output_tokens": 10, "nfe": 11, "elapsed_seconds": 0.5199}
{"arm": "nemotron-3b-ar", "case_id": "live_multiple_129-50-1", "stop_reason": "eos", "output_tokens": 20, "nfe": 21, "elapsed_seconds": 0.954}
{"arm": "nemotron-3b-ar", "case_id": "live_multiple_185-80-0", "stop_reason": "eos", "output_tokens": 15, "nfe": 16, "elapsed_seconds": 0.8726}
{"arm": "nemotron-3b-ar", "case_id": "live_multiple_186-81-0", "stop_reason": "eos", "output_tokens": 22, "nfe": 23, "elapsed_seconds": 0.8788}
{"arm": "nemotron-3b-ar", "case_id": "live_multiple_193-87-0", "stop_reason": "eos", "output_tokens": 29, "nfe": 30, "elapsed_seconds": 1.1255}
{"arm": "nemotron-3b-ar", "case_id": "live_multiple_198-90-0", "stop_reason": "eos", "output_tokens": 6, "nfe": 7, "elapsed_seconds": 0.426}
{"arm": "nemotron-3b-ar", "case_id": "live_multiple_200-90-2", "stop_reason": "eos", "output_tokens": 34, "nfe": 35, "elapsed_seconds": 1.4274}
{"arm": "nemotron-3b-ar", "case_id": "live_multiple_204-90-6", "stop_reason": "eos", "output_tokens": 78, "nfe": 79, "elapsed_seconds": 2.9603}
{"arm": "nemotron-3b-ar", "case_id": "live_multiple_206-91-0", "stop_reason": "eos", "output_tokens": 10, "nfe": 11, "elapsed_seconds": 0.6004}
{"arm": "nemotron-3b-ar", "case_id": "live_multiple_216-92-0", "stop_reason": "eos", "output_tokens": 33, "nfe": 34, "elapsed_seconds": 1.3028}
{"arm": "nemotron-3b-ar", "case_id": "live_multiple_239-107-0", "stop_reason": "eos", "output_tokens": 31, "nfe": 32, "elapsed_seconds": 1.3839}
{"arm": "nemotron-3b-ar", "case_id": "live_multiple_244-108-0", "stop_reason": "eos", "output_tokens": 10, "nfe": 11, "elapsed_seconds": 0.5026}
{"arm": "nemotron-3b-ar", "case_id": "live_multiple_263-126-0", "stop_reason": "eos", "output_tokens": 44, "nfe": 45, "elapsed_seconds": 1.6513}
{"arm": "nemotron-3b-ar", "case_id": "live_multiple_274-127-9", "stop_reason": "eos", "output_tokens": 34, "nfe": 35, "elapsed_seconds": 1.5407}
{"arm": "nemotron-3b-ar", "case_id": "live_multiple_290-129-5", "stop_reason": "eos", "output_tokens": 24, "nfe": 25, "elapsed_seconds": 1.0181}
{"arm": "nemotron-3b-ar", "case_id": "live_multiple_323-132-13", "stop_reason": "eos", "output_tokens": 27, "nfe": 28, "elapsed_seconds": 1.1661}
{"arm": "nemotron-3b-ar", "case_id": "live_multiple_325-132-15", "stop_reason": "eos", "output_tokens": 28, "nfe": 29, "elapsed_seconds": 1.2073}
{"arm": "nemotron-3b-ar", "case_id": "live_multiple_326-132-16", "stop_reason": "eos", "output_tokens": 32, "nfe": 33, "elapsed_seconds": 1.3467}
{"arm": "nemotron-3b-ar", "case_id": "live_multiple_342-133-6", "stop_reason": "eos", "output_tokens": 45, "nfe": 46, "elapsed_seconds": 1.8146}
{"arm": "nemotron-3b-ar", "case_id": "live_multiple_346-133-10", "stop_reason": "eos", "output_tokens": 46, "nfe": 47, "elapsed_seconds": 1.8372}
{"arm": "nemotron-3b-ar", "case_id": "live_multiple_354-133-18", "stop_reason": "eos", "output_tokens": 33, "nfe": 34, "elapsed_seconds": 1.3813}
{"arm": "nemotron-3b-ar", "case_id": "live_multiple_363-134-8", "stop_reason": "eos", "output_tokens": 26, "nfe": 27, "elapsed_seconds": 1.1486}
{"arm": "nemotron-3b-ar", "case_id": "live_multiple_367-134-12", "stop_reason": "eos", "output_tokens": 25, "nfe": 26, "elapsed_seconds": 1.1211}
{"arm": "nemotron-3b-ar", "case_id": "live_multiple_379-136-0", "stop_reason": "eos", "output_tokens": 27, "nfe": 28, "elapsed_seconds": 1.2943}
{"arm": "nemotron-3b-ar", "case_id": "live_multiple_385-137-3", "stop_reason": "eos", "output_tokens": 24, "nfe": 25, "elapsed_seconds": 1.0643}
{"arm": "nemotron-3b-ar", "case_id": "live_multiple_400-139-4", "stop_reason": "eos", "output_tokens": 37, "nfe": 38, "elapsed_seconds": 1.4856}
{"arm": "nemotron-3b-ar", "case_id": "live_multiple_412-141-1", "stop_reason": "eos", "output_tokens": 58, "nfe": 59, "elapsed_seconds": 2.2381}
{"arm": "nemotron-3b-ar", "case_id": "live_multiple_416-141-5", "stop_reason": "eos", "output_tokens": 31, "nfe": 32, "elapsed_seconds": 1.3074}
{"arm": "nemotron-3b-ar", "case_id": "live_multiple_425-141-14", "stop_reason": "eos", "output_tokens": 42, "nfe": 43, "elapsed_seconds": 1.7147}
{"arm": "nemotron-3b-ar", "case_id": "live_multiple_426-141-15", "stop_reason": "eos", "output_tokens": 27, "nfe": 28, "elapsed_seconds": 1.1777}
{"arm": "nemotron-3b-ar", "case_id": "live_multiple_434-142-0", "stop_reason": "eos", "output_tokens": 64, "nfe": 65, "elapsed_seconds": 2.6993}
{"arm": "nemotron-3b-ar", "case_id": "live_multiple_438-142-4", "stop_reason": "eos", "output_tokens": 63, "nfe": 64, "elapsed_seconds": 2.6704}
{"arm": "nemotron-3b-ar", "case_id": "live_multiple_450-145-1", "stop_reason": "eos", "output_tokens": 50, "nfe": 51, "elapsed_seconds": 2.0989}
{"arm": "nemotron-3b-ar", "case_id": "live_multiple_457-145-8", "stop_reason": "eos", "output_tokens": 50, "nfe": 51, "elapsed_seconds": 2.1126}
{"arm": "nemotron-3b-ar", "case_id": "live_multiple_463-145-14", "stop_reason": "eos", "output_tokens": 49, "nfe": 50, "elapsed_seconds": 2.0879}
{"arm": "nemotron-3b-ar", "case_id": "live_multiple_477-146-2", "stop_reason": "eos", "output_tokens": 33, "nfe": 34, "elapsed_seconds": 1.3237}
{"arm": "nemotron-3b-ar", "case_id": "live_multiple_486-147-1", "stop_reason": "eos", "output_tokens": 70, "nfe": 71, "elapsed_seconds": 2.8755}
{"arm": "nemotron-3b-ar", "case_id": "live_multiple_493-148-3", "stop_reason": "eos", "output_tokens": 39, "nfe": 40, "elapsed_seconds": 1.5865}
{"arm": "nemotron-3b-ar", "case_id": "live_multiple_497-148-7", "stop_reason": "eos", "output_tokens": 40, "nfe": 41, "elapsed_seconds": 1.6254}
{"arm": "nemotron-3b-ar", "case_id": "live_multiple_515-150-3", "stop_reason": "eos", "output_tokens": 31, "nfe": 32, "elapsed_seconds": 1.4043}
{"arm": "nemotron-3b-ar", "case_id": "live_multiple_522-150-10", "stop_reason": "eos", "output_tokens": 33, "nfe": 34, "elapsed_seconds": 1.4826}
{"arm": "nemotron-3b-ar", "case_id": "live_multiple_529-151-5", "stop_reason": "eos", "output_tokens": 38, "nfe": 39, "elapsed_seconds": 1.4622}
{"arm": "nemotron-3b-ar", "case_id": "live_multiple_532-151-8", "stop_reason": "eos", "output_tokens": 30, "nfe": 31, "elapsed_seconds": 1.1792}
{"arm": "nemotron-3b-ar", "case_id": "live_multiple_541-152-3", "stop_reason": "eos", "output_tokens": 41, "nfe": 42, "elapsed_seconds": 1.6591}
{"arm": "nemotron-3b-ar", "case_id": "live_multiple_553-153-2", "stop_reason": "eos", "output_tokens": 33, "nfe": 34, "elapsed_seconds": 1.3512}
{"arm": "nemotron-3b-ar", "case_id": "live_multiple_569-155-9", "stop_reason": "eos", "output_tokens": 43, "nfe": 44, "elapsed_seconds": 1.8615}
{"arm": "nemotron-3b-ar", "case_id": "live_multiple_573-155-13", "stop_reason": "eos", "output_tokens": 40, "nfe": 41, "elapsed_seconds": 1.7312}
{"arm": "nemotron-3b-ar", "case_id": "live_multiple_590-157-11", "stop_reason": "eos", "output_tokens": 25, "nfe": 26, "elapsed_seconds": 1.0461}
{"arm": "nemotron-3b-ar", "case_id": "live_multiple_606-158-12", "stop_reason": "eos", "output_tokens": 47, "nfe": 48, "elapsed_seconds": 1.8247}
{"arm": "nemotron-3b-ar", "case_id": "live_multiple_624-160-4", "stop_reason": "eos", "output_tokens": 31, "nfe": 32, "elapsed_seconds": 1.2002}
{"arm": "nemotron-3b-ar", "case_id": "live_multiple_633-161-1", "stop_reason": "eos", "output_tokens": 32, "nfe": 33, "elapsed_seconds": 1.389}
{"arm": "nemotron-3b-ar", "case_id": "live_multiple_663-162-5", "stop_reason": "eos", "output_tokens": 38, "nfe": 39, "elapsed_seconds": 1.8238}
{"arm": "nemotron-3b-ar", "case_id": "live_multiple_687-164-3", "stop_reason": "eos", "output_tokens": 29, "nfe": 30, "elapsed_seconds": 1.1895}
{"arm": "nemotron-3b-ar", "case_id": "live_multiple_696-164-12", "stop_reason": "eos", "output_tokens": 30, "nfe": 31, "elapsed_seconds": 1.2332}
{"arm": "nemotron-3b-ar", "case_id": "live_multiple_712-164-28", "stop_reason": "eos", "output_tokens": 26, "nfe": 27, "elapsed_seconds": 1.0914}
{"arm": "nemotron-3b-ar", "case_id": "live_multiple_718-165-5", "stop_reason": "eos", "output_tokens": 98, "nfe": 99, "elapsed_seconds": 3.6779}
{"arm": "nemotron-3b-ar", "case_id": "live_multiple_720-165-7", "stop_reason": "eos", "output_tokens": 42, "nfe": 43, "elapsed_seconds": 1.6921}
{"arm": "nemotron-3b-ar", "case_id": "live_multiple_728-166-3", "stop_reason": "eos", "output_tokens": 46, "nfe": 47, "elapsed_seconds": 1.7904}
{"arm": "nemotron-3b-ar", "case_id": "live_multiple_740-168-2", "stop_reason": "eos", "output_tokens": 36, "nfe": 37, "elapsed_seconds": 1.5654}
{"arm": "nemotron-3b-ar", "case_id": "live_multiple_757-169-12", "stop_reason": "eos", "output_tokens": 26, "nfe": 27, "elapsed_seconds": 1.1966}
{"arm": "nemotron-3b-ar", "case_id": "live_multiple_760-169-15", "stop_reason": "eos", "output_tokens": 19, "nfe": 20, "elapsed_seconds": 0.9646}
{"arm": "nemotron-3b-ar", "case_id": "live_multiple_761-169-16", "stop_reason": "eos", "output_tokens": 21, "nfe": 22, "elapsed_seconds": 1.026}
{"arm": "nemotron-3b-ar", "case_id": "live_multiple_780-173-2", "stop_reason": "eos", "output_tokens": 31, "nfe": 32, "elapsed_seconds": 1.2457}
{"arm": "nemotron-3b-ar", "case_id": "live_multiple_796-175-2", "stop_reason": "eos", "output_tokens": 22, "nfe": 23, "elapsed_seconds": 1.0744}
{"arm": "nemotron-3b-ar", "case_id": "live_multiple_815-176-6", "stop_reason": "eos", "output_tokens": 32, "nfe": 33, "elapsed_seconds": 1.2661}
{"arm": "nemotron-3b-ar", "case_id": "live_multiple_819-177-2", "stop_reason": "eos", "output_tokens": 76, "nfe": 77, "elapsed_seconds": 2.9488}
{"arm": "nemotron-3b-ar", "case_id": "live_multiple_823-177-6", "stop_reason": "eos", "output_tokens": 58, "nfe": 59, "elapsed_seconds": 2.2967}
{"arm": "nemotron-3b-ar", "case_id": "live_multiple_857-180-5", "stop_reason": "eos", "output_tokens": 71, "nfe": 72, "elapsed_seconds": 2.8023}
{"arm": "nemotron-3b-ar", "case_id": "live_multiple_864-182-1", "stop_reason": "eos", "output_tokens": 21, "nfe": 22, "elapsed_seconds": 1.0716}
{"arm": "nemotron-3b-ar", "case_id": "live_multiple_870-182-7", "stop_reason": "eos", "output_tokens": 43, "nfe": 44, "elapsed_seconds": 1.867}
{"arm": "nemotron-3b-ar", "case_id": "live_multiple_879-183-4", "stop_reason": "eos", "output_tokens": 69, "nfe": 70, "elapsed_seconds": 2.796}
{"arm": "nemotron-3b-ar", "case_id": "live_multiple_883-184-0", "stop_reason": "eos", "output_tokens": 56, "nfe": 57, "elapsed_seconds": 2.3117}
{"arm": "nemotron-3b-ar", "case_id": "live_multiple_884-184-1", "stop_reason": "eos", "output_tokens": 59, "nfe": 60, "elapsed_seconds": 2.4333}
{"arm": "nemotron-3b-ar", "case_id": "live_multiple_891-185-1", "stop_reason": "eos", "output_tokens": 27, "nfe": 28, "elapsed_seconds": 1.2457}
{"arm": "nemotron-3b-ar", "case_id": "live_multiple_910-189-0", "stop_reason": "eos", "output_tokens": 10, "nfe": 11, "elapsed_seconds": 0.5127}
{"arm": "nemotron-3b-ar", "case_id": "live_multiple_932-191-20", "stop_reason": "eos", "output_tokens": 16, "nfe": 17, "elapsed_seconds": 0.8111}
{"arm": "nemotron-3b-ar", "case_id": "live_multiple_947-197-0", "stop_reason": "eos", "output_tokens": 18, "nfe": 19, "elapsed_seconds": 0.834}
{"arm": "nemotron-3b-ar", "case_id": "live_multiple_949-199-0", "stop_reason": "eos", "output_tokens": 23, "nfe": 24, "elapsed_seconds": 0.93}
{"arm": "nemotron-3b-ar", "case_id": "live_multiple_978-215-2", "stop_reason": "eos", "output_tokens": 50, "nfe": 51, "elapsed_seconds": 2.0936}
{"arm": "nemotron-3b-ar", "case_id": "live_multiple_984-215-8", "stop_reason": "eos", "output_tokens": 16, "nfe": 17, "elapsed_seconds": 0.8443}
{"arm": "nemotron-3b-ar", "case_id": "live_multiple_985-216-0", "stop_reason": "eos", "output_tokens": 29, "nfe": 30, "elapsed_seconds": 2.3332}
{"arm": "nemotron-3b-ar", "case_id": "live_multiple_1012-241-0", "stop_reason": "eos", "output_tokens": 46, "nfe": 47, "elapsed_seconds": 1.8599}
{"arm": "nemotron-3b-ar", "case_id": "live_multiple_1033-261-0", "stop_reason": "eos", "output_tokens": 24, "nfe": 25, "elapsed_seconds": 1.0221}
{"arm": "nemotron-3b-ar", "case_id": "live_multiple_1037-264-0", "stop_reason": "eos", "output_tokens": 42, "nfe": 43, "elapsed_seconds": 1.8022}
{"arm": "nemotron-3b-ar", "case_id": "live_multiple_1047-274-0", "stop_reason": "eos", "output_tokens": 59, "nfe": 60, "elapsed_seconds": 2.2652}
{"arm": "nemotron-3b-ar", "case_id": "live_multiple_1052-279-0", "stop_reason": "eos", "output_tokens": 26, "nfe": 27, "elapsed_seconds": 1.0329}
{"arm": "nemotron-3b-ar", "case_id": "live_parallel_0-0-0", "stop_reason": "eos", "output_tokens": 34, "nfe": 35, "elapsed_seconds": 1.2905}
{"arm": "nemotron-3b-ar", "case_id": "live_parallel_1-0-1", "stop_reason": "eos", "output_tokens": 24, "nfe": 25, "elapsed_seconds": 0.9384}
{"arm": "nemotron-3b-ar", "case_id": "live_parallel_2-0-2", "stop_reason": "eos", "output_tokens": 24, "nfe": 25, "elapsed_seconds": 0.9411}
{"arm": "nemotron-3b-ar", "case_id": "live_parallel_3-0-3", "stop_reason": "eos", "output_tokens": 38, "nfe": 39, "elapsed_seconds": 1.4268}
{"arm": "nemotron-3b-ar", "case_id": "live_parallel_4-1-0", "stop_reason": "eos", "output_tokens": 24, "nfe": 25, "elapsed_seconds": 0.9292}
{"arm": "nemotron-3b-ar", "case_id": "live_parallel_5-2-0", "stop_reason": "eos", "output_tokens": 34, "nfe": 35, "elapsed_seconds": 1.2897}
{"arm": "nemotron-3b-ar", "case_id": "live_parallel_6-3-0", "stop_reason": "eos", "output_tokens": 25, "nfe": 26, "elapsed_seconds": 0.9994}
{"arm": "nemotron-3b-ar", "case_id": "live_parallel_7-3-1", "stop_reason": "eos", "output_tokens": 24, "nfe": 25, "elapsed_seconds": 0.9584}
{"arm": "nemotron-3b-ar", "case_id": "live_parallel_8-4-0", "stop_reason": "eos", "output_tokens": 50, "nfe": 51, "elapsed_seconds": 1.8455}
{"arm": "nemotron-3b-ar", "case_id": "live_parallel_9-5-0", "stop_reason": "eos", "output_tokens": 17, "nfe": 18, "elapsed_seconds": 0.7041}
{"arm": "nemotron-3b-ar", "case_id": "live_parallel_10-6-0", "stop_reason": "eos", "output_tokens": 113, "nfe": 114, "elapsed_seconds": 4.1303}
{"arm": "nemotron-3b-ar", "case_id": "live_parallel_11-7-0", "stop_reason": "eos", "output_tokens": 208, "nfe": 209, "elapsed_seconds": 7.5059}
{"arm": "nemotron-3b-ar", "case_id": "live_parallel_12-8-0", "stop_reason": "eos", "output_tokens": 178, "nfe": 179, "elapsed_seconds": 6.4964}
{"arm": "nemotron-3b-ar", "case_id": "live_parallel_13-9-0", "stop_reason": "eos", "output_tokens": 24, "nfe": 25, "elapsed_seconds": 0.9313}
{"arm": "nemotron-3b-ar", "case_id": "live_parallel_14-10-0", "stop_reason": "eos", "output_tokens": 24, "nfe": 25, "elapsed_seconds": 0.9304}
{"arm": "nemotron-3b-ar", "case_id": "live_parallel_15-11-0", "stop_reason": "eos", "output_tokens": 64, "nfe": 65, "elapsed_seconds": 2.3554}
{"arm": "nemotron-3b-ar", "case_id": "live_parallel_multiple_0-0-0", "stop_reason": "eos", "output_tokens": 85, "nfe": 86, "elapsed_seconds": 3.1931}
{"arm": "nemotron-3b-ar", "case_id": "live_parallel_multiple_1-1-0", "stop_reason": "eos", "output_tokens": 29, "nfe": 30, "elapsed_seconds": 1.1867}
{"arm": "nemotron-3b-ar", "case_id": "live_parallel_multiple_2-2-0", "stop_reason": "eos", "output_tokens": 30, "nfe": 31, "elapsed_seconds": 1.3579}
{"arm": "nemotron-3b-ar", "case_id": "live_parallel_multiple_3-2-1", "stop_reason": "eos", "output_tokens": 101, "nfe": 102, "elapsed_seconds": 3.8553}
{"arm": "nemotron-3b-ar", "case_id": "live_parallel_multiple_4-3-0", "stop_reason": "eos", "output_tokens": 43, "nfe": 44, "elapsed_seconds": 1.6485}
{"arm": "nemotron-3b-ar", "case_id": "live_parallel_multiple_5-4-0", "stop_reason": "eos", "output_tokens": 29, "nfe": 30, "elapsed_seconds": 1.131}
{"arm": "nemotron-3b-ar", "case_id": "live_parallel_multiple_6-5-0", "stop_reason": "eos", "output_tokens": 45, "nfe": 46, "elapsed_seconds": 1.7053}
{"arm": "nemotron-3b-ar", "case_id": "live_parallel_multiple_7-6-0", "stop_reason": "eos", "output_tokens": 33, "nfe": 34, "elapsed_seconds": 1.2861}
{"arm": "nemotron-3b-ar", "case_id": "live_parallel_multiple_8-7-0", "stop_reason": "eos", "output_tokens": 70, "nfe": 71, "elapsed_seconds": 2.7021}
{"arm": "nemotron-3b-ar", "case_id": "live_parallel_multiple_9-8-0", "stop_reason": "eos", "output_tokens": 96, "nfe": 97, "elapsed_seconds": 3.6535}
{"arm": "nemotron-3b-ar", "case_id": "live_parallel_multiple_10-9-0", "stop_reason": "eos", "output_tokens": 52, "nfe": 53, "elapsed_seconds": 2.2147}
{"arm": "nemotron-3b-ar", "case_id": "live_parallel_multiple_11-10-0", "stop_reason": "eos", "output_tokens": 81, "nfe": 82, "elapsed_seconds": 3.1277}
{"arm": "nemotron-3b-ar", "case_id": "live_parallel_multiple_12-10-1", "stop_reason": "eos", "output_tokens": 33, "nfe": 34, "elapsed_seconds": 1.3442}
{"arm": "nemotron-3b-ar", "case_id": "live_parallel_multiple_13-11-0", "stop_reason": "eos", "output_tokens": 73, "nfe": 74, "elapsed_seconds": 2.6783}
{"arm": "nemotron-3b-ar", "case_id": "live_parallel_multiple_14-12-0", "stop_reason": "eos", "output_tokens": 72, "nfe": 73, "elapsed_seconds": 2.6499}
{"arm": "nemotron-3b-ar", "case_id": "live_parallel_multiple_15-13-0", "stop_reason": "eos", "output_tokens": 26, "nfe": 27, "elapsed_seconds": 1.052}
{"arm": "nemotron-3b-ar", "case_id": "live_parallel_multiple_16-14-0", "stop_reason": "eos", "output_tokens": 26, "nfe": 27, "elapsed_seconds": 1.0273}
{"arm": "nemotron-3b-ar", "case_id": "live_parallel_multiple_17-15-0", "stop_reason": "eos", "output_tokens": 22, "nfe": 23, "elapsed_seconds": 1.0452}
{"arm": "nemotron-3b-ar", "case_id": "live_parallel_multiple_18-16-0", "stop_reason": "eos", "output_tokens": 43, "nfe": 44, "elapsed_seconds": 1.8942}
{"arm": "nemotron-3b-ar", "case_id": "live_parallel_multiple_19-16-1", "stop_reason": "eos", "output_tokens": 40, "nfe": 41, "elapsed_seconds": 1.7464}
{"arm": "nemotron-3b-ar", "case_id": "live_parallel_multiple_20-17-0", "stop_reason": "eos", "output_tokens": 93, "nfe": 94, "elapsed_seconds": 3.8035}
{"arm": "nemotron-3b-ar", "case_id": "live_parallel_multiple_21-18-0", "stop_reason": "eos", "output_tokens": 73, "nfe": 74, "elapsed_seconds": 2.7331}
{"arm": "nemotron-3b-ar", "case_id": "live_parallel_multiple_22-19-0", "stop_reason": "eos", "output_tokens": 34, "nfe": 35, "elapsed_seconds": 1.4752}
{"arm": "nemotron-3b-ar", "case_id": "live_parallel_multiple_23-20-0", "stop_reason": "eos", "output_tokens": 19, "nfe": 20, "elapsed_seconds": 0.7762}
[transformers] Calling `crop` with a positive value is deprecated and will be removed in version 5.18. Please use a negative integer to remove that number of tokens from the cache instead.
{"arm": "nemotron-3b-linear_spec", "case_id": "live_simple_0-0-0", "stop_reason": "eos", "output_tokens": 27, "nfe": 7, "elapsed_seconds": 0.3177}
{"arm": "nemotron-3b-linear_spec", "case_id": "live_simple_1-1-0", "stop_reason": "eos", "output_tokens": 30, "nfe": 9, "elapsed_seconds": 0.4048}
{"arm": "nemotron-3b-linear_spec", "case_id": "live_simple_2-2-0", "stop_reason": "eos", "output_tokens": 30, "nfe": 7, "elapsed_seconds": 0.3273}
{"arm": "nemotron-3b-linear_spec", "case_id": "live_simple_3-2-1", "stop_reason": "eos", "output_tokens": 33, "nfe": 7, "elapsed_seconds": 0.3292}
{"arm": "nemotron-3b-linear_spec", "case_id": "live_simple_4-3-0", "stop_reason": "eos", "output_tokens": 31, "nfe": 11, "elapsed_seconds": 0.4888}
{"arm": "nemotron-3b-linear_spec", "case_id": "live_simple_5-3-1", "stop_reason": "eos", "output_tokens": 33, "nfe": 13, "elapsed_seconds": 0.569}
{"arm": "nemotron-3b-linear_spec", "case_id": "live_simple_6-3-2", "stop_reason": "eos", "output_tokens": 19, "nfe": 9, "elapsed_seconds": 0.4093}
{"arm": "nemotron-3b-linear_spec", "case_id": "live_simple_7-3-3", "stop_reason": "eos", "output_tokens": 19, "nfe": 9, "elapsed_seconds": 0.4097}
{"arm": "nemotron-3b-linear_spec", "case_id": "live_simple_8-3-4", "stop_reason": "eos", "output_tokens": 30, "nfe": 11, "elapsed_seconds": 0.4891}
{"arm": "nemotron-3b-linear_spec", "case_id": "live_simple_9-3-5", "stop_reason": "eos", "output_tokens": 31, "nfe": 11, "elapsed_seconds": 0.4888}
{"arm": "nemotron-3b-linear_spec", "case_id": "live_simple_10-3-6", "stop_reason": "eos", "output_tokens": 32, "nfe": 11, "elapsed_seconds": 0.4921}
{"arm": "nemotron-3b-linear_spec", "case_id": "live_simple_11-3-7", "stop_reason": "eos", "output_tokens": 31, "nfe": 11, "elapsed_seconds": 0.4907}
{"arm": "nemotron-3b-linear_spec", "case_id": "live_simple_12-3-8", "stop_reason": "eos", "output_tokens": 31, "nfe": 11, "elapsed_seconds": 0.4927}
{"arm": "nemotron-3b-linear_spec", "case_id": "live_simple_13-3-9", "stop_reason": "eos", "output_tokens": 18, "nfe": 9, "elapsed_seconds": 0.4112}
{"arm": "nemotron-3b-linear_spec", "case_id": "live_simple_14-3-10", "stop_reason": "eos", "output_tokens": 31, "nfe": 11, "elapsed_seconds": 0.4876}
{"arm": "nemotron-3b-linear_spec", "case_id": "live_simple_15-3-11", "stop_reason": "eos", "output_tokens": 20, "nfe": 7, "elapsed_seconds": 0.3236}
{"arm": "nemotron-3b-linear_spec", "case_id": "live_simple_16-3-12", "stop_reason": "eos", "output_tokens": 31, "nfe": 11, "elapsed_seconds": 0.4904}
{"arm": "nemotron-3b-linear_spec", "case_id": "live_simple_17-3-13", "stop_reason": "eos", "output_tokens": 30, "nfe": 11, "elapsed_seconds": 0.4894}
{"arm": "nemotron-3b-linear_spec", "case_id": "live_simple_18-3-14", "stop_reason": "eos", "output_tokens": 32, "nfe": 11, "elapsed_seconds": 0.4947}
{"arm": "nemotron-3b-linear_spec", "case_id": "live_simple_19-3-15", "stop_reason": "eos", "output_tokens": 34, "nfe": 11, "elapsed_seconds": 0.492}
{"arm": "nemotron-3b-linear_spec", "case_id": "live_simple_20-4-0", "stop_reason": "eos", "output_tokens": 33, "nfe": 13, "elapsed_seconds": 0.5714}
{"arm": "nemotron-3b-linear_spec", "case_id": "live_simple_21-4-1", "stop_reason": "eos", "output_tokens": 33, "nfe": 11, "elapsed_seconds": 0.4908}
{"arm": "nemotron-3b-linear_spec", "case_id": "live_simple_22-5-0", "stop_reason": "eos", "output_tokens": 24, "nfe": 11, "elapsed_seconds": 0.49}
{"arm": "nemotron-3b-linear_spec", "case_id": "live_simple_23-5-1", "stop_reason": "eos", "output_tokens": 21, "nfe": 7, "elapsed_seconds": 0.3227}
{"arm": "nemotron-3b-linear_spec", "case_id": "live_simple_24-5-2", "stop_reason": "eos", "output_tokens": 24, "nfe": 9, "elapsed_seconds": 0.4023}
{"arm": "nemotron-3b-linear_spec", "case_id": "live_simple_25-5-3", "stop_reason": "eos", "output_tokens": 24, "nfe": 11, "elapsed_seconds": 0.4889}
{"arm": "nemotron-3b-linear_spec", "case_id": "live_simple_26-6-0", "stop_reason": "eos", "output_tokens": 33, "nfe": 11, "elapsed_seconds": 0.5114}
{"arm": "nemotron-3b-linear_spec", "case_id": "live_simple_27-7-0", "stop_reason": "eos", "output_tokens": 32, "nfe": 11, "elapsed_seconds": 0.4907}
{"arm": "nemotron-3b-linear_spec", "case_id": "live_simple_28-7-1", "stop_reason": "eos", "output_tokens": 52, "nfe": 23, "elapsed_seconds": 0.9835}
{"arm": "nemotron-3b-linear_spec", "case_id": "live_simple_29-7-2", "stop_reason": "eos", "output_tokens": 4, "nfe": 5, "elapsed_seconds": 0.2474}
{"arm": "nemotron-3b-linear_spec", "case_id": "live_simple_30-8-0", "stop_reason": "eos", "output_tokens": 37, "nfe": 9, "elapsed_seconds": 0.4697}
{"arm": "nemotron-3b-linear_spec", "case_id": "live_simple_31-8-1", "stop_reason": "eos", "output_tokens": 34, "nfe": 9, "elapsed_seconds": 0.4725}
{"arm": "nemotron-3b-linear_spec", "case_id": "live_simple_32-9-0", "stop_reason": "eos", "output_tokens": 35, "nfe": 13, "elapsed_seconds": 0.5642}
{"arm": "nemotron-3b-linear_spec", "case_id": "live_simple_33-10-0", "stop_reason": "eos", "output_tokens": 11, "nfe": 9, "elapsed_seconds": 0.4056}
{"arm": "nemotron-3b-linear_spec", "case_id": "live_simple_34-11-0", "stop_reason": "eos", "output_tokens": 35, "nfe": 13, "elapsed_seconds": 0.569}
{"arm": "nemotron-3b-linear_spec", "case_id": "live_simple_35-12-0", "stop_reason": "eos", "output_tokens": 43, "nfe": 29, "elapsed_seconds": 1.2226}
{"arm": "nemotron-3b-linear_spec", "case_id": "live_simple_36-13-0", "stop_reason": "eos", "output_tokens": 33, "nfe": 13, "elapsed_seconds": 0.5667}
{"arm": "nemotron-3b-linear_spec", "case_id": "live_simple_37-14-0", "stop_reason": "eos", "output_tokens": 33, "nfe": 13, "elapsed_seconds": 0.5488}
{"arm": "nemotron-3b-linear_spec", "case_id": "live_simple_38-15-0", "stop_reason": "eos", "output_tokens": 34, "nfe": 11, "elapsed_seconds": 0.5139}
{"arm": "nemotron-3b-linear_spec", "case_id": "live_simple_39-16-0", "stop_reason": "eos", "output_tokens": 37, "nfe": 11, "elapsed_seconds": 0.5122}
{"arm": "nemotron-3b-linear_spec", "case_id": "live_simple_40-17-0", "stop_reason": "eos", "output_tokens": 36, "nfe": 11, "elapsed_seconds": 0.5306}
{"arm": "nemotron-3b-linear_spec", "case_id": "live_simple_41-17-1", "stop_reason": "eos", "output_tokens": 79, "nfe": 17, "elapsed_seconds": 0.7856}
{"arm": "nemotron-3b-linear_spec", "case_id": "live_simple_42-17-2", "stop_reason": "eos", "output_tokens": 45, "nfe": 17, "elapsed_seconds": 0.7835}
{"arm": "nemotron-3b-linear_spec", "case_id": "live_simple_43-17-3", "stop_reason": "eos", "output_tokens": 33, "nfe": 13, "elapsed_seconds": 0.6225}
{"arm": "nemotron-3b-linear_spec", "case_id": "live_simple_44-18-0", "stop_reason": "eos", "output_tokens": 38, "nfe": 17, "elapsed_seconds": 0.7957}
{"arm": "nemotron-3b-linear_spec", "case_id": "live_simple_45-18-1", "stop_reason": "eos", "output_tokens": 50, "nfe": 15, "elapsed_seconds": 0.7198}
{"arm": "nemotron-3b-linear_spec", "case_id": "live_simple_46-19-0", "stop_reason": "eos", "output_tokens": 54, "nfe": 11, "elapsed_seconds": 0.5278}
{"arm": "nemotron-3b-linear_spec", "case_id": "live_simple_47-20-0", "stop_reason": "eos", "output_tokens": 25, "nfe": 9, "elapsed_seconds": 0.3871}
{"arm": "nemotron-3b-linear_spec", "case_id": "live_simple_48-21-0", "stop_reason": "eos", "output_tokens": 46, "nfe": 15, "elapsed_seconds": 0.7331}
{"arm": "nemotron-3b-linear_spec", "case_id": "live_simple_49-21-1", "stop_reason": "eos", "output_tokens": 68, "nfe": 21, "elapsed_seconds": 0.9736}
{"arm": "nemotron-3b-linear_spec", "case_id": "live_simple_50-22-0", "stop_reason": "eos", "output_tokens": 16, "nfe": 7, "elapsed_seconds": 0.3046}
{"arm": "nemotron-3b-linear_spec", "case_id": "live_simple_51-23-0", "stop_reason": "eos", "output_tokens": 61, "nfe": 17, "elapsed_seconds": 0.825}
{"arm": "nemotron-3b-linear_spec", "case_id": "live_simple_52-23-1", "stop_reason": "eos", "output_tokens": 53, "nfe": 13, "elapsed_seconds": 0.6476}
{"arm": "nemotron-3b-linear_spec", "case_id": "live_simple_53-24-0", "stop_reason": "eos", "output_tokens": 25, "nfe": 11, "elapsed_seconds": 0.4675}
{"arm": "nemotron-3b-linear_spec", "case_id": "live_simple_54-25-0", "stop_reason": "eos", "output_tokens": 25, "nfe": 9, "elapsed_seconds": 0.4049}
{"arm": "nemotron-3b-linear_spec", "case_id": "live_simple_55-25-1", "stop_reason": "eos", "output_tokens": 30, "nfe": 11, "elapsed_seconds": 0.4837}
{"arm": "nemotron-3b-linear_spec", "case_id": "live_simple_56-26-0", "stop_reason": "eos", "output_tokens": 29, "nfe": 11, "elapsed_seconds": 0.4865}
{"arm": "nemotron-3b-linear_spec", "case_id": "live_simple_57-26-1", "stop_reason": "eos", "output_tokens": 33, "nfe": 11, "elapsed_seconds": 0.4882}
{"arm": "nemotron-3b-linear_spec", "case_id": "live_simple_58-27-0", "stop_reason": "eos", "output_tokens": 32, "nfe": 13, "elapsed_seconds": 0.613}
{"arm": "nemotron-3b-linear_spec", "case_id": "live_simple_59-28-0", "stop_reason": "eos", "output_tokens": 26, "nfe": 15, "elapsed_seconds": 0.6888}
{"arm": "nemotron-3b-linear_spec", "case_id": "live_simple_60-29-0", "stop_reason": "eos", "output_tokens": 27, "nfe": 11, "elapsed_seconds": 0.4872}
{"arm": "nemotron-3b-linear_spec", "case_id": "live_simple_61-29-1", "stop_reason": "eos", "output_tokens": 28, "nfe": 11, "elapsed_seconds": 0.4938}
{"arm": "nemotron-3b-linear_spec", "case_id": "live_simple_62-29-2", "stop_reason": "eos", "output_tokens": 25, "nfe": 9, "elapsed_seconds": 0.4068}
{"arm": "nemotron-3b-linear_spec", "case_id": "live_simple_63-29-3", "stop_reason": "eos", "output_tokens": 30, "nfe": 9, "elapsed_seconds": 0.4073}
{"arm": "nemotron-3b-linear_spec", "case_id": "live_simple_64-29-4", "stop_reason": "eos", "output_tokens": 26, "nfe": 9, "elapsed_seconds": 0.4063}
{"arm": "nemotron-3b-linear_spec", "case_id": "live_simple_65-29-5", "stop_reason": "eos", "output_tokens": 26, "nfe": 9, "elapsed_seconds": 0.423}
{"arm": "nemotron-3b-linear_spec", "case_id": "live_simple_66-30-0", "stop_reason": "eos", "output_tokens": 28, "nfe": 9, "elapsed_seconds": 0.421}
{"arm": "nemotron-3b-linear_spec", "case_id": "live_simple_67-31-0", "stop_reason": "eos", "output_tokens": 62, "nfe": 17, "elapsed_seconds": 0.8137}
{"arm": "nemotron-3b-linear_spec", "case_id": "live_simple_68-32-0", "stop_reason": "eos", "output_tokens": 28, "nfe": 9, "elapsed_seconds": 0.4032}
{"arm": "nemotron-3b-linear_spec", "case_id": "live_simple_69-33-0", "stop_reason": "eos", "output_tokens": 44, "nfe": 13, "elapsed_seconds": 0.571}
{"arm": "nemotron-3b-linear_spec", "case_id": "live_simple_70-34-0", "stop_reason": "eos", "output_tokens": 41, "nfe": 11, "elapsed_seconds": 0.5664}
{"arm": "nemotron-3b-linear_spec", "case_id": "live_simple_71-35-0", "stop_reason": "eos", "output_tokens": 69, "nfe": 31, "elapsed_seconds": 1.3863}
{"arm": "nemotron-3b-linear_spec", "case_id": "live_simple_72-36-0", "stop_reason": "eos", "output_tokens": 24, "nfe": 5, "elapsed_seconds": 0.2486}
{"arm": "nemotron-3b-linear_spec", "case_id": "live_simple_73-36-1", "stop_reason": "eos", "output_tokens": 25, "nfe": 7, "elapsed_seconds": 0.3229}
{"arm": "nemotron-3b-linear_spec", "case_id": "live_simple_74-36-2", "stop_reason": "eos", "output_tokens": 24, "nfe": 7, "elapsed_seconds": 0.3245}
{"arm": "nemotron-3b-linear_spec", "case_id": "live_simple_75-36-3", "stop_reason": "eos", "output_tokens": 24, "nfe": 5, "elapsed_seconds": 0.2435}
{"arm": "nemotron-3b-linear_spec", "case_id": "live_simple_76-37-0", "stop_reason": "eos", "output_tokens": 25, "nfe": 7, "elapsed_seconds": 0.3261}
{"arm": "nemotron-3b-linear_spec", "case_id": "live_simple_77-38-0", "stop_reason": "eos", "output_tokens": 22, "nfe": 9, "elapsed_seconds": 0.4254}
{"arm": "nemotron-3b-linear_spec", "case_id": "live_simple_78-39-0", "stop_reason": "eos", "output_tokens": 48, "nfe": 17, "elapsed_seconds": 0.8043}
{"arm": "nemotron-3b-linear_spec", "case_id": "live_simple_79-40-0", "stop_reason": "eos", "output_tokens": 21, "nfe": 7, "elapsed_seconds": 0.3247}
{"arm": "nemotron-3b-linear_spec", "case_id": "live_simple_80-41-0", "stop_reason": "eos", "output_tokens": 96, "nfe": 17, "elapsed_seconds": 0.7688}
{"arm": "nemotron-3b-linear_spec", "case_id": "live_simple_81-42-0", "stop_reason": "eos", "output_tokens": 35, "nfe": 11, "elapsed_seconds": 0.5255}
{"arm": "nemotron-3b-linear_spec", "case_id": "live_simple_82-43-0", "stop_reason": "eos", "output_tokens": 89, "nfe": 39, "elapsed_seconds": 1.6742}
{"arm": "nemotron-3b-linear_spec", "case_id": "live_simple_83-44-0", "stop_reason": "eos", "output_tokens": 82, "nfe": 17, "elapsed_seconds": 0.7722}
{"arm": "nemotron-3b-linear_spec", "case_id": "live_simple_84-45-0", "stop_reason": "eos", "output_tokens": 21, "nfe": 9, "elapsed_seconds": 0.4032}
{"arm": "nemotron-3b-linear_spec", "case_id": "live_simple_85-46-0", "stop_reason": "eos", "output_tokens": 37, "nfe": 13, "elapsed_seconds": 0.5729}
{"arm": "nemotron-3b-linear_spec", "case_id": "live_simple_86-47-0", "stop_reason": "eos", "output_tokens": 48, "nfe": 13, "elapsed_seconds": 0.574}
{"arm": "nemotron-3b-linear_spec", "case_id": "live_simple_87-48-0", "stop_reason": "eos", "output_tokens": 18, "nfe": 9, "elapsed_seconds": 0.4097}
{"arm": "nemotron-3b-linear_spec", "case_id": "live_simple_88-49-0", "stop_reason": "eos", "output_tokens": 31, "nfe": 11, "elapsed_seconds": 0.5154}
{"arm": "nemotron-3b-linear_spec", "case_id": "live_simple_89-50-0", "stop_reason": "eos", "output_tokens": 65, "nfe": 15, "elapsed_seconds": 0.6875}
{"arm": "nemotron-3b-linear_spec", "case_id": "live_simple_90-51-0", "stop_reason": "eos", "output_tokens": 32, "nfe": 9, "elapsed_seconds": 0.4095}
{"arm": "nemotron-3b-linear_spec", "case_id": "live_simple_91-52-0", "stop_reason": "eos", "output_tokens": 8, "nfe": 5, "elapsed_seconds": 0.223}
{"arm": "nemotron-3b-linear_spec", "case_id": "live_simple_92-53-0", "stop_reason": "eos", "output_tokens": 21, "nfe": 7, "elapsed_seconds": 0.3089}
{"arm": "nemotron-3b-linear_spec", "case_id": "live_simple_93-54-0", "stop_reason": "eos", "output_tokens": 21, "nfe": 7, "elapsed_seconds": 0.3025}
{"arm": "nemotron-3b-linear_spec", "case_id": "live_simple_94-55-0", "stop_reason": "eos", "output_tokens": 30, "nfe": 7, "elapsed_seconds": 0.3179}
{"arm": "nemotron-3b-linear_spec", "case_id": "live_simple_95-56-0", "stop_reason": "eos", "output_tokens": 51, "nfe": 9, "elapsed_seconds": 0.4451}
{"arm": "nemotron-3b-linear_spec", "case_id": "live_simple_96-57-0", "stop_reason": "eos", "output_tokens": 30, "nfe": 11, "elapsed_seconds": 0.4855}
{"arm": "nemotron-3b-linear_spec", "case_id": "live_simple_97-57-1", "stop_reason": "eos", "output_tokens": 25, "nfe": 15, "elapsed_seconds": 0.6501}
{"arm": "nemotron-3b-linear_spec", "case_id": "live_simple_98-58-0", "stop_reason": "eos", "output_tokens": 34, "nfe": 7, "elapsed_seconds": 0.3257}
{"arm": "nemotron-3b-linear_spec", "case_id": "live_simple_99-59-0", "stop_reason": "eos", "output_tokens": 35, "nfe": 11, "elapsed_seconds": 0.4882}
{"arm": "nemotron-3b-linear_spec", "case_id": "live_simple_100-59-1", "stop_reason": "eos", "output_tokens": 38, "nfe": 11, "elapsed_seconds": 0.4892}
{"arm": "nemotron-3b-linear_spec", "case_id": "live_simple_101-60-0", "stop_reason": "eos", "output_tokens": 25, "nfe": 9, "elapsed_seconds": 0.4319}
{"arm": "nemotron-3b-linear_spec", "case_id": "live_simple_102-61-0", "stop_reason": "eos", "output_tokens": 45, "nfe": 17, "elapsed_seconds": 0.7673}
{"arm": "nemotron-3b-linear_spec", "case_id": "live_simple_103-61-1", "stop_reason": "eos", "output_tokens": 19, "nfe": 9, "elapsed_seconds": 0.4352}
{"arm": "nemotron-3b-linear_spec", "case_id": "live_simple_104-61-2", "stop_reason": "eos", "output_tokens": 42, "nfe": 13, "elapsed_seconds": 0.6017}
{"arm": "nemotron-3b-linear_spec", "case_id": "live_simple_105-62-0", "stop_reason": "eos", "output_tokens": 39, "nfe": 11, "elapsed_seconds": 0.4944}
{"arm": "nemotron-3b-linear_spec", "case_id": "live_simple_106-63-0", "stop_reason": "eos", "output_tokens": 238, "nfe": 63, "elapsed_seconds": 2.8189}
{"arm": "nemotron-3b-linear_spec", "case_id": "live_simple_107-64-0", "stop_reason": "eos", "output_tokens": 127, "nfe": 25, "elapsed_seconds": 1.1142}
{"arm": "nemotron-3b-linear_spec", "case_id": "live_simple_108-65-0", "stop_reason": "eos", "output_tokens": 190, "nfe": 69, "elapsed_seconds": 2.9325}
{"arm": "nemotron-3b-linear_spec", "case_id": "live_simple_109-66-0", "stop_reason": "eos", "output_tokens": 105, "nfe": 39, "elapsed_seconds": 1.702}
{"arm": "nemotron-3b-linear_spec", "case_id": "live_simple_110-67-0", "stop_reason": "eos", "output_tokens": 56, "nfe": 33, "elapsed_seconds": 1.4251}
{"arm": "nemotron-3b-linear_spec", "case_id": "live_simple_111-67-1", "stop_reason": "eos", "output_tokens": 122, "nfe": 35, "elapsed_seconds": 1.5507}
{"arm": "nemotron-3b-linear_spec", "case_id": "live_simple_112-68-0", "stop_reason": "eos", "output_tokens": 51, "nfe": 25, "elapsed_seconds": 1.117}
{"arm": "nemotron-3b-linear_spec", "case_id": "live_simple_113-69-0", "stop_reason": "eos", "output_tokens": 41, "nfe": 11, "elapsed_seconds": 0.5268}
{"arm": "nemotron-3b-linear_spec", "case_id": "live_simple_114-70-0", "stop_reason": "eos", "output_tokens": 37, "nfe": 9, "elapsed_seconds": 0.4298}
{"arm": "nemotron-3b-linear_spec", "case_id": "live_simple_115-71-0", "stop_reason": "eos", "output_tokens": 30, "nfe": 13, "elapsed_seconds": 0.5913}
{"arm": "nemotron-3b-linear_spec", "case_id": "live_simple_116-72-0", "stop_reason": "eos", "output_tokens": 27, "nfe": 13, "elapsed_seconds": 0.5489}
{"arm": "nemotron-3b-linear_spec", "case_id": "live_simple_117-73-0", "stop_reason": "eos", "output_tokens": 17, "nfe": 5, "elapsed_seconds": 0.2248}
{"arm": "nemotron-3b-linear_spec", "case_id": "live_simple_118-74-0", "stop_reason": "eos", "output_tokens": 35, "nfe": 11, "elapsed_seconds": 0.4891}
{"arm": "nemotron-3b-linear_spec", "case_id": "live_simple_119-75-0", "stop_reason": "eos", "output_tokens": 25, "nfe": 11, "elapsed_seconds": 0.4849}
{"arm": "nemotron-3b-linear_spec", "case_id": "live_simple_120-76-0", "stop_reason": "eos", "output_tokens": 56, "nfe": 9, "elapsed_seconds": 0.4361}
{"arm": "nemotron-3b-linear_spec", "case_id": "live_simple_121-77-0", "stop_reason": "eos", "output_tokens": 67, "nfe": 11, "elapsed_seconds": 0.5138}
{"arm": "nemotron-3b-linear_spec", "case_id": "live_simple_122-78-0", "stop_reason": "eos", "output_tokens": 38, "nfe": 11, "elapsed_seconds": 0.4972}
{"arm": "nemotron-3b-linear_spec", "case_id": "live_simple_123-79-0", "stop_reason": "eos", "output_tokens": 117, "nfe": 25, "elapsed_seconds": 1.0687}
{"arm": "nemotron-3b-linear_spec", "case_id": "live_simple_124-80-0", "stop_reason": "eos", "output_tokens": 21, "nfe": 7, "elapsed_seconds": 0.3268}
{"arm": "nemotron-3b-linear_spec", "case_id": "live_simple_125-81-0", "stop_reason": "eos", "output_tokens": 30, "nfe": 15, "elapsed_seconds": 0.6457}
{"arm": "nemotron-3b-linear_spec", "case_id": "live_simple_126-82-0", "stop_reason": "eos", "output_tokens": 43, "nfe": 13, "elapsed_seconds": 0.6015}
{"arm": "nemotron-3b-linear_spec", "case_id": "live_simple_127-82-1", "stop_reason": "eos", "output_tokens": 39, "nfe": 13, "elapsed_seconds": 0.6003}
{"arm": "nemotron-3b-linear_spec", "case_id": "live_simple_128-83-0", "stop_reason": "eos", "output_tokens": 62, "nfe": 13, "elapsed_seconds": 0.6118}
{"arm": "nemotron-3b-linear_spec", "case_id": "live_simple_129-83-1", "stop_reason": "eos", "output_tokens": 68, "nfe": 17, "elapsed_seconds": 0.7369}
{"arm": "nemotron-3b-linear_spec", "case_id": "live_simple_130-84-0", "stop_reason": "eos", "output_tokens": 77, "nfe": 21, "elapsed_seconds": 0.9328}
{"arm": "nemotron-3b-linear_spec", "case_id": "live_simple_131-84-1", "stop_reason": "eos", "output_tokens": 87, "nfe": 19, "elapsed_seconds": 0.8599}
{"arm": "nemotron-3b-linear_spec", "case_id": "live_simple_132-85-0", "stop_reason": "eos", "output_tokens": 39, "nfe": 13, "elapsed_seconds": 0.5692}
{"arm": "nemotron-3b-linear_spec", "case_id": "live_simple_133-86-0", "stop_reason": "eos", "output_tokens": 37, "nfe": 13, "elapsed_seconds": 0.5926}
{"arm": "nemotron-3b-linear_spec", "case_id": "live_simple_134-87-0", "stop_reason": "eos", "output_tokens": 37, "nfe": 15, "elapsed_seconds": 0.6785}
{"arm": "nemotron-3b-linear_spec", "case_id": "live_simple_135-88-0", "stop_reason": "eos", "output_tokens": 34, "nfe": 11, "elapsed_seconds": 0.5113}
{"arm": "nemotron-3b-linear_spec", "case_id": "live_simple_136-89-0", "stop_reason": "eos", "output_tokens": 49, "nfe": 9, "elapsed_seconds": 0.434}
{"arm": "nemotron-3b-linear_spec", "case_id": "live_simple_137-90-0", "stop_reason": "eos", "output_tokens": 45, "nfe": 9, "elapsed_seconds": 0.4097}
{"arm": "nemotron-3b-linear_spec", "case_id": "live_simple_138-91-0", "stop_reason": "eos", "output_tokens": 45, "nfe": 11, "elapsed_seconds": 0.5029}
{"arm": "nemotron-3b-linear_spec", "case_id": "live_simple_139-92-0", "stop_reason": "eos", "output_tokens": 72, "nfe": 13, "elapsed_seconds": 0.6025}
{"arm": "nemotron-3b-linear_spec", "case_id": "live_simple_140-93-0", "stop_reason": "eos", "output_tokens": 36, "nfe": 11, "elapsed_seconds": 0.4889}
{"arm": "nemotron-3b-linear_spec", "case_id": "live_simple_141-94-0", "stop_reason": "eos", "output_tokens": 25, "nfe": 9, "elapsed_seconds": 0.4064}
{"arm": "nemotron-3b-linear_spec", "case_id": "live_simple_142-94-1", "stop_reason": "eos", "output_tokens": 36, "nfe": 21, "elapsed_seconds": 0.892}
{"arm": "nemotron-3b-linear_spec", "case_id": "live_simple_143-95-0", "stop_reason": "eos", "output_tokens": 24, "nfe": 9, "elapsed_seconds": 0.405}
{"arm": "nemotron-3b-linear_spec", "case_id": "live_simple_144-95-1", "stop_reason": "eos", "output_tokens": 28, "nfe": 23, "elapsed_seconds": 0.9747}
{"arm": "nemotron-3b-linear_spec", "case_id": "live_simple_145-95-2", "stop_reason": "eos", "output_tokens": 26, "nfe": 9, "elapsed_seconds": 0.4052}
{"arm": "nemotron-3b-linear_spec", "case_id": "live_simple_146-95-3", "stop_reason": "eos", "output_tokens": 30, "nfe": 13, "elapsed_seconds": 0.5668}
{"arm": "nemotron-3b-linear_spec", "case_id": "live_simple_147-95-4", "stop_reason": "eos", "output_tokens": 27, "nfe": 21, "elapsed_seconds": 0.8969}
{"arm": "nemotron-3b-linear_spec", "case_id": "live_simple_148-95-5", "stop_reason": "eos", "output_tokens": 23, "nfe": 13, "elapsed_seconds": 0.5666}
{"arm": "nemotron-3b-linear_spec", "case_id": "live_simple_149-95-6", "stop_reason": "eos", "output_tokens": 24, "nfe": 13, "elapsed_seconds": 0.5728}
{"arm": "nemotron-3b-linear_spec", "case_id": "live_simple_150-95-7", "stop_reason": "eos", "output_tokens": 27, "nfe": 15, "elapsed_seconds": 0.6526}
{"arm": "nemotron-3b-linear_spec", "case_id": "live_simple_151-95-8", "stop_reason": "eos", "output_tokens": 24, "nfe": 17, "elapsed_seconds": 0.7514}
{"arm": "nemotron-3b-linear_spec", "case_id": "live_simple_152-95-9", "stop_reason": "eos", "output_tokens": 32, "nfe": 13, "elapsed_seconds": 0.5794}
{"arm": "nemotron-3b-linear_spec", "case_id": "live_simple_153-95-10", "stop_reason": "eos", "output_tokens": 27, "nfe": 15, "elapsed_seconds": 0.6651}
{"arm": "nemotron-3b-linear_spec", "case_id": "live_simple_154-95-11", "stop_reason": "eos", "output_tokens": 57, "nfe": 23, "elapsed_seconds": 0.9907}
{"arm": "nemotron-3b-linear_spec", "case_id": "live_simple_155-95-12", "stop_reason": "eos", "output_tokens": 23, "nfe": 7, "elapsed_seconds": 0.3307}
{"arm": "nemotron-3b-linear_spec", "case_id": "live_simple_156-95-13", "stop_reason": "eos", "output_tokens": 26, "nfe": 13, "elapsed_seconds": 0.5765}
{"arm": "nemotron-3b-linear_spec", "case_id": "live_simple_157-95-14", "stop_reason": "eos", "output_tokens": 28, "nfe": 13, "elapsed_seconds": 0.5728}
{"arm": "nemotron-3b-linear_spec", "case_id": "live_simple_158-95-15", "stop_reason": "eos", "output_tokens": 27, "nfe": 19, "elapsed_seconds": 0.8202}
{"arm": "nemotron-3b-linear_spec", "case_id": "live_simple_159-95-16", "stop_reason": "eos", "output_tokens": 17, "nfe": 9, "elapsed_seconds": 0.4158}
{"arm": "nemotron-3b-linear_spec", "case_id": "live_simple_160-95-17", "stop_reason": "eos", "output_tokens": 31, "nfe": 11, "elapsed_seconds": 0.497}
{"arm": "nemotron-3b-linear_spec", "case_id": "live_simple_161-96-0", "stop_reason": "eos", "output_tokens": 54, "nfe": 15, "elapsed_seconds": 0.6767}
{"arm": "nemotron-3b-linear_spec", "case_id": "live_simple_162-96-1", "stop_reason": "eos", "output_tokens": 41, "nfe": 13, "elapsed_seconds": 0.5712}
{"arm": "nemotron-3b-linear_spec", "case_id": "live_simple_163-96-2", "stop_reason": "eos", "output_tokens": 35, "nfe": 9, "elapsed_seconds": 0.4158}
{"arm": "nemotron-3b-linear_spec", "case_id": "live_simple_164-97-0", "stop_reason": "eos", "output_tokens": 46, "nfe": 13, "elapsed_seconds": 0.6012}
{"arm": "nemotron-3b-linear_spec", "case_id": "live_simple_165-98-0", "stop_reason": "eos", "output_tokens": 57, "nfe": 17, "elapsed_seconds": 0.7708}
{"arm": "nemotron-3b-linear_spec", "case_id": "live_simple_166-99-0", "stop_reason": "eos", "output_tokens": 23, "nfe": 11, "elapsed_seconds": 0.4946}
{"arm": "nemotron-3b-linear_spec", "case_id": "live_simple_167-99-1", "stop_reason": "eos", "output_tokens": 34, "nfe": 27, "elapsed_seconds": 1.1483}
{"arm": "nemotron-3b-linear_spec", "case_id": "live_simple_168-99-2", "stop_reason": "eos", "output_tokens": 21, "nfe": 11, "elapsed_seconds": 0.4905}
{"arm": "nemotron-3b-linear_spec", "case_id": "live_simple_169-99-3", "stop_reason": "eos", "output_tokens": 32, "nfe": 13, "elapsed_seconds": 0.5894}
{"arm": "nemotron-3b-linear_spec", "case_id": "live_simple_170-99-4", "stop_reason": "eos", "output_tokens": 22, "nfe": 13, "elapsed_seconds": 0.5735}
{"arm": "nemotron-3b-linear_spec", "case_id": "live_simple_171-99-5", "stop_reason": "eos", "output_tokens": 23, "nfe": 11, "elapsed_seconds": 0.4921}
{"arm": "nemotron-3b-linear_spec", "case_id": "live_simple_172-99-6", "stop_reason": "eos", "output_tokens": 33, "nfe": 29, "elapsed_seconds": 1.2202}
{"arm": "nemotron-3b-linear_spec", "case_id": "live_simple_173-99-7", "stop_reason": "eos", "output_tokens": 21, "nfe": 11, "elapsed_seconds": 0.4903}
{"arm": "nemotron-3b-linear_spec", "case_id": "live_simple_174-100-0", "stop_reason": "eos", "output_tokens": 23, "nfe": 9, "elapsed_seconds": 0.4105}
{"arm": "nemotron-3b-linear_spec", "case_id": "live_simple_175-101-0", "stop_reason": "eos", "output_tokens": 24, "nfe": 7, "elapsed_seconds": 0.3231}
{"arm": "nemotron-3b-linear_spec", "case_id": "live_simple_176-102-0", "stop_reason": "eos", "output_tokens": 76, "nfe": 23, "elapsed_seconds": 0.9781}
{"arm": "nemotron-3b-linear_spec", "case_id": "live_simple_177-103-0", "stop_reason": "eos", "output_tokens": 14, "nfe": 7, "elapsed_seconds": 0.3386}
{"arm": "nemotron-3b-linear_spec", "case_id": "live_simple_178-103-1", "stop_reason": "eos", "output_tokens": 10, "nfe": 7, "elapsed_seconds": 0.3195}
{"arm": "nemotron-3b-linear_spec", "case_id": "live_simple_179-104-0", "stop_reason": "eos", "output_tokens": 28, "nfe": 9, "elapsed_seconds": 0.4042}
{"arm": "nemotron-3b-linear_spec", "case_id": "live_simple_180-105-0", "stop_reason": "eos", "output_tokens": 21, "nfe": 7, "elapsed_seconds": 0.3258}
{"arm": "nemotron-3b-linear_spec", "case_id": "live_simple_181-106-0", "stop_reason": "eos", "output_tokens": 28, "nfe": 7, "elapsed_seconds": 0.353}
{"arm": "nemotron-3b-linear_spec", "case_id": "live_simple_182-107-0", "stop_reason": "eos", "output_tokens": 50, "nfe": 19, "elapsed_seconds": 0.8496}
{"arm": "nemotron-3b-linear_spec", "case_id": "live_simple_183-108-0", "stop_reason": "eos", "output_tokens": 20, "nfe": 9, "elapsed_seconds": 0.4342}
{"arm": "nemotron-3b-linear_spec", "case_id": "live_simple_184-109-0", "stop_reason": "eos", "output_tokens": 27, "nfe": 11, "elapsed_seconds": 0.5109}
{"arm": "nemotron-3b-linear_spec", "case_id": "live_simple_185-110-0", "stop_reason": "eos", "output_tokens": 48, "nfe": 13, "elapsed_seconds": 0.6076}
{"arm": "nemotron-3b-linear_spec", "case_id": "live_simple_186-111-0", "stop_reason": "eos", "output_tokens": 78, "nfe": 15, "elapsed_seconds": 0.6969}
{"arm": "nemotron-3b-linear_spec", "case_id": "live_simple_187-112-0", "stop_reason": "eos", "output_tokens": 85, "nfe": 17, "elapsed_seconds": 0.8256}
{"arm": "nemotron-3b-linear_spec", "case_id": "live_simple_188-113-0", "stop_reason": "eos", "output_tokens": 40, "nfe": 13, "elapsed_seconds": 0.6548}
{"arm": "nemotron-3b-linear_spec", "case_id": "live_simple_189-114-0", "stop_reason": "eos", "output_tokens": 32, "nfe": 15, "elapsed_seconds": 0.6828}
{"arm": "nemotron-3b-linear_spec", "case_id": "live_simple_190-115-0", "stop_reason": "eos", "output_tokens": 25, "nfe": 7, "elapsed_seconds": 0.3287}
{"arm": "nemotron-3b-linear_spec", "case_id": "live_simple_191-115-1", "stop_reason": "eos", "output_tokens": 40, "nfe": 13, "elapsed_seconds": 0.5741}
{"arm": "nemotron-3b-linear_spec", "case_id": "live_simple_192-116-0", "stop_reason": "eos", "output_tokens": 27, "nfe": 9, "elapsed_seconds": 0.4035}
{"arm": "nemotron-3b-linear_spec", "case_id": "live_simple_193-116-1", "stop_reason": "eos", "output_tokens": 27, "nfe": 7, "elapsed_seconds": 0.3231}
{"arm": "nemotron-3b-linear_spec", "case_id": "live_simple_194-116-2", "stop_reason": "eos", "output_tokens": 27, "nfe": 7, "elapsed_seconds": 0.3219}
{"arm": "nemotron-3b-linear_spec", "case_id": "live_simple_195-116-3", "stop_reason": "eos", "output_tokens": 28, "nfe": 9, "elapsed_seconds": 0.4046}
{"arm": "nemotron-3b-linear_spec", "case_id": "live_simple_196-116-4", "stop_reason": "eos", "output_tokens": 28, "nfe": 9, "elapsed_seconds": 0.4144}
{"arm": "nemotron-3b-linear_spec", "case_id": "live_simple_197-116-5", "stop_reason": "eos", "output_tokens": 28, "nfe": 7, "elapsed_seconds": 0.3213}
{"arm": "nemotron-3b-linear_spec", "case_id": "live_simple_198-116-6", "stop_reason": "eos", "output_tokens": 28, "nfe": 9, "elapsed_seconds": 0.4274}
{"arm": "nemotron-3b-linear_spec", "case_id": "live_simple_199-116-7", "stop_reason": "eos", "output_tokens": 27, "nfe": 9, "elapsed_seconds": 0.4012}
{"arm": "nemotron-3b-linear_spec", "case_id": "live_simple_200-116-8", "stop_reason": "eos", "output_tokens": 28, "nfe": 7, "elapsed_seconds": 0.3272}
{"arm": "nemotron-3b-linear_spec", "case_id": "live_simple_201-116-9", "stop_reason": "eos", "output_tokens": 27, "nfe": 7, "elapsed_seconds": 0.3273}
{"arm": "nemotron-3b-linear_spec", "case_id": "live_simple_202-116-10", "stop_reason": "eos", "output_tokens": 28, "nfe": 7, "elapsed_seconds": 0.3224}
{"arm": "nemotron-3b-linear_spec", "case_id": "live_simple_203-116-11", "stop_reason": "eos", "output_tokens": 28, "nfe": 7, "elapsed_seconds": 0.3223}
{"arm": "nemotron-3b-linear_spec", "case_id": "live_simple_204-116-12", "stop_reason": "eos", "output_tokens": 29, "nfe": 9, "elapsed_seconds": 0.417}
{"arm": "nemotron-3b-linear_spec", "case_id": "live_simple_205-116-13", "stop_reason": "eos", "output_tokens": 27, "nfe": 13, "elapsed_seconds": 0.5662}
{"arm": "nemotron-3b-linear_spec", "case_id": "live_simple_206-116-14", "stop_reason": "eos", "output_tokens": 28, "nfe": 9, "elapsed_seconds": 0.4056}
{"arm": "nemotron-3b-linear_spec", "case_id": "live_simple_207-116-15", "stop_reason": "eos", "output_tokens": 27, "nfe": 9, "elapsed_seconds": 0.4043}
{"arm": "nemotron-3b-linear_spec", "case_id": "live_simple_208-117-0", "stop_reason": "eos", "output_tokens": 30, "nfe": 11, "elapsed_seconds": 0.5143}
{"arm": "nemotron-3b-linear_spec", "case_id": "live_simple_209-117-1", "stop_reason": "eos", "output_tokens": 33, "nfe": 9, "elapsed_seconds": 0.4338}
{"arm": "nemotron-3b-linear_spec", "case_id": "live_simple_210-117-2", "stop_reason": "eos", "output_tokens": 26, "nfe": 9, "elapsed_seconds": 0.4548}
{"arm": "nemotron-3b-linear_spec", "case_id": "live_simple_211-117-3", "stop_reason": "eos", "output_tokens": 27, "nfe": 11, "elapsed_seconds": 0.5097}
{"arm": "nemotron-3b-linear_spec", "case_id": "live_simple_212-117-4", "stop_reason": "eos", "output_tokens": 27, "nfe": 9, "elapsed_seconds": 0.4345}
{"arm": "nemotron-3b-linear_spec", "case_id": "live_simple_213-117-5", "stop_reason": "eos", "output_tokens": 26, "nfe": 11, "elapsed_seconds": 0.5174}
{"arm": "nemotron-3b-linear_spec", "case_id": "live_simple_214-117-6", "stop_reason": "eos", "output_tokens": 30, "nfe": 9, "elapsed_seconds": 0.4406}
{"arm": "nemotron-3b-linear_spec", "case_id": "live_simple_215-117-7", "stop_reason": "eos", "output_tokens": 26, "nfe": 9, "elapsed_seconds": 0.4384}
{"arm": "nemotron-3b-linear_spec", "case_id": "live_simple_216-117-8", "stop_reason": "eos", "output_tokens": 26, "nfe": 9, "elapsed_seconds": 0.4325}
{"arm": "nemotron-3b-linear_spec", "case_id": "live_simple_217-117-9", "stop_reason": "eos", "output_tokens": 30, "nfe": 9, "elapsed_seconds": 0.4305}
{"arm": "nemotron-3b-linear_spec", "case_id": "live_simple_218-117-10", "stop_reason": "eos", "output_tokens": 31, "nfe": 11, "elapsed_seconds": 0.5124}
{"arm": "nemotron-3b-linear_spec", "case_id": "live_simple_219-117-11", "stop_reason": "eos", "output_tokens": 26, "nfe": 9, "elapsed_seconds": 0.437}
{"arm": "nemotron-3b-linear_spec", "case_id": "live_simple_220-117-12", "stop_reason": "eos", "output_tokens": 28, "nfe": 9, "elapsed_seconds": 0.4317}
{"arm": "nemotron-3b-linear_spec", "case_id": "live_simple_221-117-13", "stop_reason": "eos", "output_tokens": 26, "nfe": 9, "elapsed_seconds": 0.432}
{"arm": "nemotron-3b-linear_spec", "case_id": "live_simple_222-117-14", "stop_reason": "eos", "output_tokens": 33, "nfe": 11, "elapsed_seconds": 0.5112}
{"arm": "nemotron-3b-linear_spec", "case_id": "live_simple_223-117-15", "stop_reason": "eos", "output_tokens": 26, "nfe": 11, "elapsed_seconds": 0.5383}
{"arm": "nemotron-3b-linear_spec", "case_id": "live_simple_224-117-16", "stop_reason": "eos", "output_tokens": 27, "nfe": 11, "elapsed_seconds": 0.5162}
{"arm": "nemotron-3b-linear_spec", "case_id": "live_simple_225-117-17", "stop_reason": "eos", "output_tokens": 33, "nfe": 9, "elapsed_seconds": 0.4383}
{"arm": "nemotron-3b-linear_spec", "case_id": "live_simple_226-118-0", "stop_reason": "eos", "output_tokens": 37, "nfe": 9, "elapsed_seconds": 0.4396}
{"arm": "nemotron-3b-linear_spec", "case_id": "live_simple_227-118-1", "stop_reason": "eos", "output_tokens": 31, "nfe": 11, "elapsed_seconds": 0.5214}
{"arm": "nemotron-3b-linear_spec", "case_id": "live_simple_228-119-0", "stop_reason": "eos", "output_tokens": 31, "nfe": 9, "elapsed_seconds": 0.4338}
{"arm": "nemotron-3b-linear_spec", "case_id": "live_simple_229-120-0", "stop_reason": "eos", "output_tokens": 17, "nfe": 7, "elapsed_seconds": 0.3047}
{"arm": "nemotron-3b-linear_spec", "case_id": "live_simple_230-121-0", "stop_reason": "eos", "output_tokens": 42, "nfe": 11, "elapsed_seconds": 0.4889}
{"arm": "nemotron-3b-linear_spec", "case_id": "live_simple_231-122-0", "stop_reason": "eos", "output_tokens": 54, "nfe": 19, "elapsed_seconds": 0.8102}
{"arm": "nemotron-3b-linear_spec", "case_id": "live_simple_232-122-1", "stop_reason": "eos", "output_tokens": 39, "nfe": 11, "elapsed_seconds": 0.4894}
{"arm": "nemotron-3b-linear_spec", "case_id": "live_simple_233-123-0", "stop_reason": "eos", "output_tokens": 38, "nfe": 11, "elapsed_seconds": 0.5111}
{"arm": "nemotron-3b-linear_spec", "case_id": "live_simple_234-123-1", "stop_reason": "eos", "output_tokens": 39, "nfe": 11, "elapsed_seconds": 0.5117}
{"arm": "nemotron-3b-linear_spec", "case_id": "live_simple_235-124-0", "stop_reason": "eos", "output_tokens": 43, "nfe": 15, "elapsed_seconds": 0.6559}
{"arm": "nemotron-3b-linear_spec", "case_id": "live_simple_236-124-1", "stop_reason": "eos", "output_tokens": 46, "nfe": 15, "elapsed_seconds": 0.6611}
{"arm": "nemotron-3b-linear_spec", "case_id": "live_simple_237-125-0", "stop_reason": "eos", "output_tokens": 41, "nfe": 11, "elapsed_seconds": 0.4945}
{"arm": "nemotron-3b-linear_spec", "case_id": "live_simple_238-125-1", "stop_reason": "eos", "output_tokens": 45, "nfe": 15, "elapsed_seconds": 0.661}
{"arm": "nemotron-3b-linear_spec", "case_id": "live_simple_239-125-2", "stop_reason": "eos", "output_tokens": 40, "nfe": 11, "elapsed_seconds": 0.4875}
{"arm": "nemotron-3b-linear_spec", "case_id": "live_simple_240-125-3", "stop_reason": "eos", "output_tokens": 40, "nfe": 11, "elapsed_seconds": 0.489}
{"arm": "nemotron-3b-linear_spec", "case_id": "live_simple_241-125-4", "stop_reason": "eos", "output_tokens": 36, "nfe": 11, "elapsed_seconds": 0.4909}
{"arm": "nemotron-3b-linear_spec", "case_id": "live_simple_242-126-0", "stop_reason": "eos", "output_tokens": 20, "nfe": 9, "elapsed_seconds": 0.392}
{"arm": "nemotron-3b-linear_spec", "case_id": "live_simple_243-126-1", "stop_reason": "eos", "output_tokens": 20, "nfe": 11, "elapsed_seconds": 0.468}
{"arm": "nemotron-3b-linear_spec", "case_id": "live_simple_244-126-2", "stop_reason": "eos", "output_tokens": 20, "nfe": 9, "elapsed_seconds": 0.3861}
{"arm": "nemotron-3b-linear_spec", "case_id": "live_simple_245-127-0", "stop_reason": "eos", "output_tokens": 37, "nfe": 7, "elapsed_seconds": 0.3471}
{"arm": "nemotron-3b-linear_spec", "case_id": "live_simple_246-128-0", "stop_reason": "eos", "output_tokens": 44, "nfe": 13, "elapsed_seconds": 0.5792}
{"arm": "nemotron-3b-linear_spec", "case_id": "live_simple_247-129-0", "stop_reason": "eos", "output_tokens": 10, "nfe": 5, "elapsed_seconds": 0.2231}
{"arm": "nemotron-3b-linear_spec", "case_id": "live_simple_248-130-0", "stop_reason": "eos", "output_tokens": 27, "nfe": 11, "elapsed_seconds": 0.4896}
{"arm": "nemotron-3b-linear_spec", "case_id": "live_simple_249-131-0", "stop_reason": "eos", "output_tokens": 29, "nfe": 13, "elapsed_seconds": 0.5527}
{"arm": "nemotron-3b-linear_spec", "case_id": "live_simple_250-132-0", "stop_reason": "eos", "output_tokens": 32, "nfe": 11, "elapsed_seconds": 0.4937}
{"arm": "nemotron-3b-linear_spec", "case_id": "live_simple_251-133-0", "stop_reason": "eos", "output_tokens": 31, "nfe": 9, "elapsed_seconds": 0.4131}
{"arm": "nemotron-3b-linear_spec", "case_id": "live_simple_252-134-0", "stop_reason": "eos", "output_tokens": 41, "nfe": 11, "elapsed_seconds": 0.4883}
{"arm": "nemotron-3b-linear_spec", "case_id": "live_simple_253-135-0", "stop_reason": "eos", "output_tokens": 31, "nfe": 13, "elapsed_seconds": 0.5737}
{"arm": "nemotron-3b-linear_spec", "case_id": "live_simple_254-136-0", "stop_reason": "eos", "output_tokens": 19, "nfe": 7, "elapsed_seconds": 0.3288}
{"arm": "nemotron-3b-linear_spec", "case_id": "live_simple_255-136-1", "stop_reason": "eos", "output_tokens": 22, "nfe": 9, "elapsed_seconds": 0.4043}
{"arm": "nemotron-3b-linear_spec", "case_id": "live_simple_256-137-0", "stop_reason": "eos", "output_tokens": 30, "nfe": 13, "elapsed_seconds": 0.571}
{"arm": "nemotron-3b-linear_spec", "case_id": "live_simple_257-137-1", "stop_reason": "eos", "output_tokens": 28, "nfe": 11, "elapsed_seconds": 0.5067}
{"arm": "nemotron-3b-linear_spec", "case_id": "live_multiple_1-0-1", "stop_reason": "eos", "output_tokens": 59, "nfe": 17, "elapsed_seconds": 0.8266}
{"arm": "nemotron-3b-linear_spec", "case_id": "live_multiple_2-1-0", "stop_reason": "eos", "output_tokens": 29, "nfe": 7, "elapsed_seconds": 0.3928}
{"arm": "nemotron-3b-linear_spec", "case_id": "live_multiple_3-2-0", "stop_reason": "eos", "output_tokens": 14, "nfe": 7, "elapsed_seconds": 0.362}
{"arm": "nemotron-3b-linear_spec", "case_id": "live_multiple_17-4-9", "stop_reason": "eos", "output_tokens": 30, "nfe": 11, "elapsed_seconds": 0.7199}
{"arm": "nemotron-3b-linear_spec", "case_id": "live_multiple_19-4-11", "stop_reason": "eos", "output_tokens": 46, "nfe": 11, "elapsed_seconds": 0.7305}
{"arm": "nemotron-3b-linear_spec", "case_id": "live_multiple_23-5-0", "stop_reason": "eos", "output_tokens": 24, "nfe": 11, "elapsed_seconds": 0.5665}
{"arm": "nemotron-3b-linear_spec", "case_id": "live_multiple_33-10-3", "stop_reason": "eos", "output_tokens": 13, "nfe": 7, "elapsed_seconds": 0.4584}
{"arm": "nemotron-3b-linear_spec", "case_id": "live_multiple_39-14-1", "stop_reason": "eos", "output_tokens": 20, "nfe": 7, "elapsed_seconds": 0.353}
{"arm": "nemotron-3b-linear_spec", "case_id": "live_multiple_40-15-0", "stop_reason": "eos", "output_tokens": 17, "nfe": 5, "elapsed_seconds": 0.2668}
{"arm": "nemotron-3b-linear_spec", "case_id": "live_multiple_51-21-0", "stop_reason": "eos", "output_tokens": 19, "nfe": 9, "elapsed_seconds": 0.506}
{"arm": "nemotron-3b-linear_spec", "case_id": "live_multiple_59-22-6", "stop_reason": "eos", "output_tokens": 39, "nfe": 23, "elapsed_seconds": 1.1017}
{"arm": "nemotron-3b-linear_spec", "case_id": "live_multiple_65-26-1", "stop_reason": "eos", "output_tokens": 18, "nfe": 9, "elapsed_seconds": 0.4831}
{"arm": "nemotron-3b-linear_spec", "case_id": "live_multiple_94-41-1", "stop_reason": "eos", "output_tokens": 14, "nfe": 11, "elapsed_seconds": 0.6846}
{"arm": "nemotron-3b-linear_spec", "case_id": "live_multiple_96-42-0", "stop_reason": "eos", "output_tokens": 24, "nfe": 15, "elapsed_seconds": 0.9777}
{"arm": "nemotron-3b-linear_spec", "case_id": "live_multiple_118-45-3", "stop_reason": "eos", "output_tokens": 10, "nfe": 5, "elapsed_seconds": 0.3419}
{"arm": "nemotron-3b-linear_spec", "case_id": "live_multiple_129-50-1", "stop_reason": "eos", "output_tokens": 20, "nfe": 9, "elapsed_seconds": 0.5896}
{"arm": "nemotron-3b-linear_spec", "case_id": "live_multiple_185-80-0", "stop_reason": "eos", "output_tokens": 15, "nfe": 5, "elapsed_seconds": 0.5297}
{"arm": "nemotron-3b-linear_spec", "case_id": "live_multiple_186-81-0", "stop_reason": "eos", "output_tokens": 22, "nfe": 11, "elapsed_seconds": 0.5195}
{"arm": "nemotron-3b-linear_spec", "case_id": "live_multiple_193-87-0", "stop_reason": "eos", "output_tokens": 29, "nfe": 9, "elapsed_seconds": 0.4457}
{"arm": "nemotron-3b-linear_spec", "case_id": "live_multiple_198-90-0", "stop_reason": "eos", "output_tokens": 6, "nfe": 5, "elapsed_seconds": 0.3851}
{"arm": "nemotron-3b-linear_spec", "case_id": "live_multiple_200-90-2", "stop_reason": "eos", "output_tokens": 34, "nfe": 19, "elapsed_seconds": 0.987}
{"arm": "nemotron-3b-linear_spec", "case_id": "live_multiple_204-90-6", "stop_reason": "eos", "output_tokens": 14, "nfe": 9, "elapsed_seconds": 0.5521}
{"arm": "nemotron-3b-linear_spec", "case_id": "live_multiple_206-91-0", "stop_reason": "eos", "output_tokens": 10, "nfe": 7, "elapsed_seconds": 0.5048}
{"arm": "nemotron-3b-linear_spec", "case_id": "live_multiple_216-92-0", "stop_reason": "eos", "output_tokens": 33, "nfe": 11, "elapsed_seconds": 0.5326}
{"arm": "nemotron-3b-linear_spec", "case_id": "live_multiple_239-107-0", "stop_reason": "eos", "output_tokens": 31, "nfe": 7, "elapsed_seconds": 0.5136}
{"arm": "nemotron-3b-linear_spec", "case_id": "live_multiple_244-108-0", "stop_reason": "eos", "output_tokens": 10, "nfe": 5, "elapsed_seconds": 0.3229}
{"arm": "nemotron-3b-linear_spec", "case_id": "live_multiple_263-126-0", "stop_reason": "eos", "output_tokens": 44, "nfe": 11, "elapsed_seconds": 0.5166}
{"arm": "nemotron-3b-linear_spec", "case_id": "live_multiple_274-127-9", "stop_reason": "eos", "output_tokens": 34, "nfe": 17, "elapsed_seconds": 1.0411}
{"arm": "nemotron-3b-linear_spec", "case_id": "live_multiple_290-129-5", "stop_reason": "eos", "output_tokens": 24, "nfe": 11, "elapsed_seconds": 0.5761}
{"arm": "nemotron-3b-linear_spec", "case_id": "live_multiple_323-132-13", "stop_reason": "eos", "output_tokens": 27, "nfe": 13, "elapsed_seconds": 0.7276}
{"arm": "nemotron-3b-linear_spec", "case_id": "live_multiple_325-132-15", "stop_reason": "eos", "output_tokens": 28, "nfe": 11, "elapsed_seconds": 0.6407}
{"arm": "nemotron-3b-linear_spec", "case_id": "live_multiple_326-132-16", "stop_reason": "eos", "output_tokens": 32, "nfe": 15, "elapsed_seconds": 0.8139}
{"arm": "nemotron-3b-linear_spec", "case_id": "live_multiple_342-133-6", "stop_reason": "eos", "output_tokens": 45, "nfe": 27, "elapsed_seconds": 1.3121}
{"arm": "nemotron-3b-linear_spec", "case_id": "live_multiple_346-133-10", "stop_reason": "eos", "output_tokens": 46, "nfe": 21, "elapsed_seconds": 1.0607}
{"arm": "nemotron-3b-linear_spec", "case_id": "live_multiple_354-133-18", "stop_reason": "eos", "output_tokens": 33, "nfe": 13, "elapsed_seconds": 0.7229}
{"arm": "nemotron-3b-linear_spec", "case_id": "live_multiple_363-134-8", "stop_reason": "eos", "output_tokens": 26, "nfe": 13, "elapsed_seconds": 0.7118}
{"arm": "nemotron-3b-linear_spec", "case_id": "live_multiple_367-134-12", "stop_reason": "eos", "output_tokens": 25, "nfe": 11, "elapsed_seconds": 0.6286}
{"arm": "nemotron-3b-linear_spec", "case_id": "live_multiple_379-136-0", "stop_reason": "eos", "output_tokens": 27, "nfe": 11, "elapsed_seconds": 0.7892}
{"arm": "nemotron-3b-linear_spec", "case_id": "live_multiple_385-137-3", "stop_reason": "eos", "output_tokens": 24, "nfe": 15, "elapsed_seconds": 0.7948}
{"arm": "nemotron-3b-linear_spec", "case_id": "live_multiple_400-139-4", "stop_reason": "eos", "output_tokens": 38, "nfe": 15, "elapsed_seconds": 0.756}
{"arm": "nemotron-3b-linear_spec", "case_id": "live_multiple_412-141-1", "stop_reason": "eos", "output_tokens": 58, "nfe": 11, "elapsed_seconds": 0.6292}
{"arm": "nemotron-3b-linear_spec", "case_id": "live_multiple_416-141-5", "stop_reason": "eos", "output_tokens": 31, "nfe": 15, "elapsed_seconds": 0.8057}
{"arm": "nemotron-3b-linear_spec", "case_id": "live_multiple_425-141-14", "stop_reason": "eos", "output_tokens": 42, "nfe": 17, "elapsed_seconds": 0.8849}
{"arm": "nemotron-3b-linear_spec", "case_id": "live_multiple_426-141-15", "stop_reason": "eos", "output_tokens": 27, "nfe": 11, "elapsed_seconds": 0.6456}
{"arm": "nemotron-3b-linear_spec", "case_id": "live_multiple_434-142-0", "stop_reason": "eos", "output_tokens": 64, "nfe": 15, "elapsed_seconds": 1.0832}
{"arm": "nemotron-3b-linear_spec", "case_id": "live_multiple_438-142-4", "stop_reason": "eos", "output_tokens": 63, "nfe": 17, "elapsed_seconds": 1.2001}
{"arm": "nemotron-3b-linear_spec", "case_id": "live_multiple_450-145-1", "stop_reason": "eos", "output_tokens": 50, "nfe": 23, "elapsed_seconds": 1.3727}
{"arm": "nemotron-3b-linear_spec", "case_id": "live_multiple_457-145-8", "stop_reason": "eos", "output_tokens": 50, "nfe": 19, "elapsed_seconds": 1.1665}
{"arm": "nemotron-3b-linear_spec", "case_id": "live_multiple_463-145-14", "stop_reason": "eos", "output_tokens": 49, "nfe": 19, "elapsed_seconds": 1.183}
{"arm": "nemotron-3b-linear_spec", "case_id": "live_multiple_477-146-2", "stop_reason": "eos", "output_tokens": 33, "nfe": 11, "elapsed_seconds": 0.5704}
{"arm": "nemotron-3b-linear_spec", "case_id": "live_multiple_486-147-1", "stop_reason": "eos", "output_tokens": 70, "nfe": 15, "elapsed_seconds": 1.0529}
{"arm": "nemotron-3b-linear_spec", "case_id": "live_multiple_493-148-3", "stop_reason": "eos", "output_tokens": 39, "nfe": 13, "elapsed_seconds": 0.7065}
{"arm": "nemotron-3b-linear_spec", "case_id": "live_multiple_497-148-7", "stop_reason": "eos", "output_tokens": 40, "nfe": 13, "elapsed_seconds": 0.7144}
{"arm": "nemotron-3b-linear_spec", "case_id": "live_multiple_515-150-3", "stop_reason": "eos", "output_tokens": 31, "nfe": 19, "elapsed_seconds": 1.1008}
{"arm": "nemotron-3b-linear_spec", "case_id": "live_multiple_522-150-10", "stop_reason": "eos", "output_tokens": 33, "nfe": 13, "elapsed_seconds": 0.8508}
{"arm": "nemotron-3b-linear_spec", "case_id": "live_multiple_529-151-5", "stop_reason": "eos", "output_tokens": 38, "nfe": 13, "elapsed_seconds": 0.6054}
{"arm": "nemotron-3b-linear_spec", "case_id": "live_multiple_532-151-8", "stop_reason": "eos", "output_tokens": 30, "nfe": 11, "elapsed_seconds": 0.5322}
{"arm": "nemotron-3b-linear_spec", "case_id": "live_multiple_541-152-3", "stop_reason": "eos", "output_tokens": 32, "nfe": 17, "elapsed_seconds": 0.8775}
{"arm": "nemotron-3b-linear_spec", "case_id": "live_multiple_553-153-2", "stop_reason": "eos", "output_tokens": 29, "nfe": 17, "elapsed_seconds": 0.8368}
{"arm": "nemotron-3b-linear_spec", "case_id": "live_multiple_569-155-9", "stop_reason": "eos", "output_tokens": 43, "nfe": 19, "elapsed_seconds": 1.1299}
{"arm": "nemotron-3b-linear_spec", "case_id": "live_multiple_573-155-13", "stop_reason": "eos", "output_tokens": 40, "nfe": 17, "elapsed_seconds": 1.0534}
{"arm": "nemotron-3b-linear_spec", "case_id": "live_multiple_590-157-11", "stop_reason": "eos", "output_tokens": 25, "nfe": 11, "elapsed_seconds": 0.5614}
{"arm": "nemotron-3b-linear_spec", "case_id": "live_multiple_606-158-12", "stop_reason": "eos", "output_tokens": 47, "nfe": 15, "elapsed_seconds": 0.7295}
{"arm": "nemotron-3b-linear_spec", "case_id": "live_multiple_624-160-4", "stop_reason": "eos", "output_tokens": 31, "nfe": 9, "elapsed_seconds": 0.4417}
{"arm": "nemotron-3b-linear_spec", "case_id": "live_multiple_633-161-1", "stop_reason": "eos", "output_tokens": 32, "nfe": 9, "elapsed_seconds": 0.5986}
{"arm": "nemotron-3b-linear_spec", "case_id": "live_multiple_663-162-5", "stop_reason": "eos", "output_tokens": 38, "nfe": 17, "elapsed_seconds": 1.2435}
{"arm": "nemotron-3b-linear_spec", "case_id": "live_multiple_687-164-3", "stop_reason": "eos", "output_tokens": 29, "nfe": 11, "elapsed_seconds": 0.5871}
{"arm": "nemotron-3b-linear_spec", "case_id": "live_multiple_696-164-12", "stop_reason": "eos", "output_tokens": 30, "nfe": 19, "elapsed_seconds": 0.926}
{"arm": "nemotron-3b-linear_spec", "case_id": "live_multiple_712-164-28", "stop_reason": "eos", "output_tokens": 26, "nfe": 9, "elapsed_seconds": 0.4986}
{"arm": "nemotron-3b-linear_spec", "case_id": "live_multiple_718-165-5", "stop_reason": "eos", "output_tokens": 98, "nfe": 21, "elapsed_seconds": 1.0607}
{"arm": "nemotron-3b-linear_spec", "case_id": "live_multiple_720-165-7", "stop_reason": "eos", "output_tokens": 42, "nfe": 11, "elapsed_seconds": 0.6338}
{"arm": "nemotron-3b-linear_spec", "case_id": "live_multiple_728-166-3", "stop_reason": "eos", "output_tokens": 46, "nfe": 19, "elapsed_seconds": 0.8905}
{"arm": "nemotron-3b-linear_spec", "case_id": "live_multiple_740-168-2", "stop_reason": "eos", "output_tokens": 36, "nfe": 11, "elapsed_seconds": 0.7276}
{"arm": "nemotron-3b-linear_spec", "case_id": "live_multiple_757-169-12", "stop_reason": "eos", "output_tokens": 26, "nfe": 17, "elapsed_seconds": 0.9867}
{"arm": "nemotron-3b-linear_spec", "case_id": "live_multiple_760-169-15", "stop_reason": "eos", "output_tokens": 26, "nfe": 13, "elapsed_seconds": 0.8078}
{"arm": "nemotron-3b-linear_spec", "case_id": "live_multiple_761-169-16", "stop_reason": "eos", "output_tokens": 21, "nfe": 11, "elapsed_seconds": 0.7149}
{"arm": "nemotron-3b-linear_spec", "case_id": "live_multiple_780-173-2", "stop_reason": "eos", "output_tokens": 31, "nfe": 15, "elapsed_seconds": 0.7205}
{"arm": "nemotron-3b-linear_spec", "case_id": "live_multiple_796-175-2", "stop_reason": "eos", "output_tokens": 22, "nfe": 11, "elapsed_seconds": 0.7248}
{"arm": "nemotron-3b-linear_spec", "case_id": "live_multiple_815-176-6", "stop_reason": "eos", "output_tokens": 37, "nfe": 17, "elapsed_seconds": 0.7704}
{"arm": "nemotron-3b-linear_spec", "case_id": "live_multiple_819-177-2", "stop_reason": "eos", "output_tokens": 76, "nfe": 27, "elapsed_seconds": 1.375}
{"arm": "nemotron-3b-linear_spec", "case_id": "live_multiple_823-177-6", "stop_reason": "eos", "output_tokens": 58, "nfe": 17, "elapsed_seconds": 0.9126}
{"arm": "nemotron-3b-linear_spec", "case_id": "live_multiple_857-180-5", "stop_reason": "eos", "output_tokens": 71, "nfe": 23, "elapsed_seconds": 1.2217}
{"arm": "nemotron-3b-linear_spec", "case_id": "live_multiple_864-182-1", "stop_reason": "eos", "output_tokens": 21, "nfe": 7, "elapsed_seconds": 0.6053}
{"arm": "nemotron-3b-linear_spec", "case_id": "live_multiple_870-182-7", "stop_reason": "eos", "output_tokens": 43, "nfe": 17, "elapsed_seconds": 1.0482}
{"arm": "nemotron-3b-linear_spec", "case_id": "live_multiple_879-183-4", "stop_reason": "eos", "output_tokens": 69, "nfe": 31, "elapsed_seconds": 1.7044}
{"arm": "nemotron-3b-linear_spec", "case_id": "live_multiple_883-184-0", "stop_reason": "eos", "output_tokens": 56, "nfe": 23, "elapsed_seconds": 1.3071}
{"arm": "nemotron-3b-linear_spec", "case_id": "live_multiple_884-184-1", "stop_reason": "eos", "output_tokens": 59, "nfe": 21, "elapsed_seconds": 1.2239}
{"arm": "nemotron-3b-linear_spec", "case_id": "live_multiple_891-185-1", "stop_reason": "eos", "output_tokens": 27, "nfe": 11, "elapsed_seconds": 0.6955}
{"arm": "nemotron-3b-linear_spec", "case_id": "live_multiple_910-189-0", "stop_reason": "eos", "output_tokens": 10, "nfe": 5, "elapsed_seconds": 0.3235}
{"arm": "nemotron-3b-linear_spec", "case_id": "live_multiple_932-191-20", "stop_reason": "eos", "output_tokens": 16, "nfe": 7, "elapsed_seconds": 0.5116}
{"arm": "nemotron-3b-linear_spec", "case_id": "live_multiple_947-197-0", "stop_reason": "eos", "output_tokens": 18, "nfe": 11, "elapsed_seconds": 0.6168}
{"arm": "nemotron-3b-linear_spec", "case_id": "live_multiple_949-199-0", "stop_reason": "eos", "output_tokens": 23, "nfe": 9, "elapsed_seconds": 0.4519}
{"arm": "nemotron-3b-linear_spec", "case_id": "live_multiple_978-215-2", "stop_reason": "eos", "output_tokens": 50, "nfe": 15, "elapsed_seconds": 0.879}
{"arm": "nemotron-3b-linear_spec", "case_id": "live_multiple_984-215-8", "stop_reason": "eos", "output_tokens": 16, "nfe": 5, "elapsed_seconds": 0.4332}
{"arm": "nemotron-3b-linear_spec", "case_id": "live_multiple_985-216-0", "stop_reason": "eos", "output_tokens": 29, "nfe": 11, "elapsed_seconds": 1.8486}
{"arm": "nemotron-3b-linear_spec", "case_id": "live_multiple_1012-241-0", "stop_reason": "eos", "output_tokens": 46, "nfe": 15, "elapsed_seconds": 0.7319}
{"arm": "nemotron-3b-linear_spec", "case_id": "live_multiple_1033-261-0", "stop_reason": "eos", "output_tokens": 24, "nfe": 9, "elapsed_seconds": 0.4711}
{"arm": "nemotron-3b-linear_spec", "case_id": "live_multiple_1037-264-0", "stop_reason": "eos", "output_tokens": 42, "nfe": 11, "elapsed_seconds": 0.7133}
{"arm": "nemotron-3b-linear_spec", "case_id": "live_multiple_1047-274-0", "stop_reason": "eos", "output_tokens": 59, "nfe": 11, "elapsed_seconds": 0.5581}
{"arm": "nemotron-3b-linear_spec", "case_id": "live_multiple_1052-279-0", "stop_reason": "eos", "output_tokens": 26, "nfe": 11, "elapsed_seconds": 0.5189}
{"arm": "nemotron-3b-linear_spec", "case_id": "live_parallel_0-0-0", "stop_reason": "eos", "output_tokens": 34, "nfe": 13, "elapsed_seconds": 0.5722}
{"arm": "nemotron-3b-linear_spec", "case_id": "live_parallel_1-0-1", "stop_reason": "eos", "output_tokens": 24, "nfe": 11, "elapsed_seconds": 0.4911}
{"arm": "nemotron-3b-linear_spec", "case_id": "live_parallel_2-0-2", "stop_reason": "eos", "output_tokens": 24, "nfe": 11, "elapsed_seconds": 0.4878}
{"arm": "nemotron-3b-linear_spec", "case_id": "live_parallel_3-0-3", "stop_reason": "eos", "output_tokens": 38, "nfe": 13, "elapsed_seconds": 0.5731}
{"arm": "nemotron-3b-linear_spec", "case_id": "live_parallel_4-1-0", "stop_reason": "eos", "output_tokens": 24, "nfe": 11, "elapsed_seconds": 0.5125}
{"arm": "nemotron-3b-linear_spec", "case_id": "live_parallel_5-2-0", "stop_reason": "eos", "output_tokens": 34, "nfe": 13, "elapsed_seconds": 0.5745}
{"arm": "nemotron-3b-linear_spec", "case_id": "live_parallel_6-3-0", "stop_reason": "eos", "output_tokens": 25, "nfe": 11, "elapsed_seconds": 0.5227}
{"arm": "nemotron-3b-linear_spec", "case_id": "live_parallel_7-3-1", "stop_reason": "eos", "output_tokens": 24, "nfe": 11, "elapsed_seconds": 0.5233}
{"arm": "nemotron-3b-linear_spec", "case_id": "live_parallel_8-4-0", "stop_reason": "eos", "output_tokens": 50, "nfe": 13, "elapsed_seconds": 0.5932}
{"arm": "nemotron-3b-linear_spec", "case_id": "live_parallel_9-5-0", "stop_reason": "eos", "output_tokens": 17, "nfe": 11, "elapsed_seconds": 0.523}
{"arm": "nemotron-3b-linear_spec", "case_id": "live_parallel_10-6-0", "stop_reason": "eos", "output_tokens": 113, "nfe": 19, "elapsed_seconds": 0.8802}
{"arm": "nemotron-3b-linear_spec", "case_id": "live_parallel_11-7-0", "stop_reason": "eos", "output_tokens": 208, "nfe": 31, "elapsed_seconds": 1.3503}
{"arm": "nemotron-3b-linear_spec", "case_id": "live_parallel_12-8-0", "stop_reason": "eos", "output_tokens": 178, "nfe": 29, "elapsed_seconds": 1.2649}
{"arm": "nemotron-3b-linear_spec", "case_id": "live_parallel_13-9-0", "stop_reason": "eos", "output_tokens": 24, "nfe": 11, "elapsed_seconds": 0.4861}
{"arm": "nemotron-3b-linear_spec", "case_id": "live_parallel_14-10-0", "stop_reason": "eos", "output_tokens": 24, "nfe": 11, "elapsed_seconds": 0.4872}
{"arm": "nemotron-3b-linear_spec", "case_id": "live_parallel_15-11-0", "stop_reason": "eos", "output_tokens": 68, "nfe": 31, "elapsed_seconds": 1.3047}
{"arm": "nemotron-3b-linear_spec", "case_id": "live_parallel_multiple_0-0-0", "stop_reason": "eos", "output_tokens": 85, "nfe": 23, "elapsed_seconds": 1.0733}
{"arm": "nemotron-3b-linear_spec", "case_id": "live_parallel_multiple_1-1-0", "stop_reason": "eos", "output_tokens": 29, "nfe": 19, "elapsed_seconds": 0.9089}
{"arm": "nemotron-3b-linear_spec", "case_id": "live_parallel_multiple_2-2-0", "stop_reason": "eos", "output_tokens": 30, "nfe": 13, "elapsed_seconds": 0.8246}
{"arm": "nemotron-3b-linear_spec", "case_id": "live_parallel_multiple_3-2-1", "stop_reason": "eos", "output_tokens": 101, "nfe": 27, "elapsed_seconds": 1.4457}
{"arm": "nemotron-3b-linear_spec", "case_id": "live_parallel_multiple_4-3-0", "stop_reason": "eos", "output_tokens": 43, "nfe": 11, "elapsed_seconds": 0.5336}
{"arm": "nemotron-3b-linear_spec", "case_id": "live_parallel_multiple_5-4-0", "stop_reason": "eos", "output_tokens": 29, "nfe": 13, "elapsed_seconds": 0.6241}
{"arm": "nemotron-3b-linear_spec", "case_id": "live_parallel_multiple_6-5-0", "stop_reason": "eos", "output_tokens": 45, "nfe": 19, "elapsed_seconds": 0.8637}
{"arm": "nemotron-3b-linear_spec", "case_id": "live_parallel_multiple_7-6-0", "stop_reason": "eos", "output_tokens": 33, "nfe": 11, "elapsed_seconds": 0.5201}
{"arm": "nemotron-3b-linear_spec", "case_id": "live_parallel_multiple_8-7-0", "stop_reason": "eos", "output_tokens": 70, "nfe": 19, "elapsed_seconds": 1.0002}
{"arm": "nemotron-3b-linear_spec", "case_id": "live_parallel_multiple_9-8-0", "stop_reason": "eos", "output_tokens": 96, "nfe": 25, "elapsed_seconds": 1.3161}
{"arm": "nemotron-3b-linear_spec", "case_id": "live_parallel_multiple_10-9-0", "stop_reason": "eos", "output_tokens": 52, "nfe": 19, "elapsed_seconds": 1.1538}
{"arm": "nemotron-3b-linear_spec", "case_id": "live_parallel_multiple_11-10-0", "stop_reason": "eos", "output_tokens": 81, "nfe": 27, "elapsed_seconds": 1.3223}
{"arm": "nemotron-3b-linear_spec", "case_id": "live_parallel_multiple_12-10-1", "stop_reason": "eos", "output_tokens": 33, "nfe": 11, "elapsed_seconds": 0.6086}
{"arm": "nemotron-3b-linear_spec", "case_id": "live_parallel_multiple_13-11-0", "stop_reason": "eos", "output_tokens": 73, "nfe": 17, "elapsed_seconds": 0.7847}
{"arm": "nemotron-3b-linear_spec", "case_id": "live_parallel_multiple_14-12-0", "stop_reason": "eos", "output_tokens": 72, "nfe": 17, "elapsed_seconds": 0.7659}
{"arm": "nemotron-3b-linear_spec", "case_id": "live_parallel_multiple_15-13-0", "stop_reason": "eos", "output_tokens": 26, "nfe": 11, "elapsed_seconds": 0.5222}
{"arm": "nemotron-3b-linear_spec", "case_id": "live_parallel_multiple_16-14-0", "stop_reason": "eos", "output_tokens": 26, "nfe": 15, "elapsed_seconds": 0.6802}
{"arm": "nemotron-3b-linear_spec", "case_id": "live_parallel_multiple_17-15-0", "stop_reason": "eos", "output_tokens": 22, "nfe": 9, "elapsed_seconds": 0.5949}
{"arm": "nemotron-3b-linear_spec", "case_id": "live_parallel_multiple_18-16-0", "stop_reason": "eos", "output_tokens": 43, "nfe": 19, "elapsed_seconds": 1.1319}
{"arm": "nemotron-3b-linear_spec", "case_id": "live_parallel_multiple_19-16-1", "stop_reason": "eos", "output_tokens": 40, "nfe": 19, "elapsed_seconds": 1.1547}
{"arm": "nemotron-3b-linear_spec", "case_id": "live_parallel_multiple_20-17-0", "stop_reason": "eos", "output_tokens": 93, "nfe": 29, "elapsed_seconds": 1.8669}
{"arm": "nemotron-3b-linear_spec", "case_id": "live_parallel_multiple_21-18-0", "stop_reason": "eos", "output_tokens": 73, "nfe": 19, "elapsed_seconds": 0.8973}
{"arm": "nemotron-3b-linear_spec", "case_id": "live_parallel_multiple_22-19-0", "stop_reason": "eos", "output_tokens": 34, "nfe": 13, "elapsed_seconds": 0.7828}
{"arm": "nemotron-3b-linear_spec", "case_id": "live_parallel_multiple_23-20-0", "stop_reason": "eos", "output_tokens": 19, "nfe": 9, "elapsed_seconds": 0.4335}
{"arm": "nemotron-3b-diffusion", "case_id": "live_simple_0-0-0", "stop_reason": "eos", "output_tokens": 18, "nfe": 9, "elapsed_seconds": 0.4397}
{"arm": "nemotron-3b-diffusion", "case_id": "live_simple_1-1-0", "stop_reason": "eos", "output_tokens": 31, "nfe": 11, "elapsed_seconds": 0.5186}
{"arm": "nemotron-3b-diffusion", "case_id": "live_simple_2-2-0", "stop_reason": "eos", "output_tokens": 30, "nfe": 8, "elapsed_seconds": 0.4131}
{"arm": "nemotron-3b-diffusion", "case_id": "live_simple_3-2-1", "stop_reason": "eos", "output_tokens": 32, "nfe": 9, "elapsed_seconds": 0.4476}
{"arm": "nemotron-3b-diffusion", "case_id": "live_simple_4-3-0", "stop_reason": "eos", "output_tokens": 19, "nfe": 12, "elapsed_seconds": 0.5616}
{"arm": "nemotron-3b-diffusion", "case_id": "live_simple_5-3-1", "stop_reason": "eos", "output_tokens": 22, "nfe": 17, "elapsed_seconds": 0.757}
{"arm": "nemotron-3b-diffusion", "case_id": "live_simple_6-3-2", "stop_reason": "eos", "output_tokens": 19, "nfe": 10, "elapsed_seconds": 0.4837}
{"arm": "nemotron-3b-diffusion", "case_id": "live_simple_7-3-3", "stop_reason": "eos", "output_tokens": 19, "nfe": 14, "elapsed_seconds": 0.6464}
{"arm": "nemotron-3b-diffusion", "case_id": "live_simple_8-3-4", "stop_reason": "eos", "output_tokens": 19, "nfe": 18, "elapsed_seconds": 0.802}
{"arm": "nemotron-3b-diffusion", "case_id": "live_simple_9-3-5", "stop_reason": "eos", "output_tokens": 20, "nfe": 15, "elapsed_seconds": 0.6881}
{"arm": "nemotron-3b-diffusion", "case_id": "live_simple_10-3-6", "stop_reason": "eos", "output_tokens": 20, "nfe": 10, "elapsed_seconds": 0.4899}
{"arm": "nemotron-3b-diffusion", "case_id": "live_simple_11-3-7", "stop_reason": "eos", "output_tokens": 19, "nfe": 12, "elapsed_seconds": 0.5704}
{"arm": "nemotron-3b-diffusion", "case_id": "live_simple_12-3-8", "stop_reason": "eos", "output_tokens": 20, "nfe": 12, "elapsed_seconds": 0.5769}
{"arm": "nemotron-3b-diffusion", "case_id": "live_simple_13-3-9", "stop_reason": "eos", "output_tokens": 18, "nfe": 9, "elapsed_seconds": 0.4447}
{"arm": "nemotron-3b-diffusion", "case_id": "live_simple_14-3-10", "stop_reason": "eos", "output_tokens": 20, "nfe": 14, "elapsed_seconds": 0.6523}
{"arm": "nemotron-3b-diffusion", "case_id": "live_simple_15-3-11", "stop_reason": "eos", "output_tokens": 20, "nfe": 11, "elapsed_seconds": 0.5299}
{"arm": "nemotron-3b-diffusion", "case_id": "live_simple_16-3-12", "stop_reason": "eos", "output_tokens": 19, "nfe": 10, "elapsed_seconds": 0.4811}
{"arm": "nemotron-3b-diffusion", "case_id": "live_simple_17-3-13", "stop_reason": "eos", "output_tokens": 18, "nfe": 11, "elapsed_seconds": 0.5278}
{"arm": "nemotron-3b-diffusion", "case_id": "live_simple_18-3-14", "stop_reason": "eos", "output_tokens": 19, "nfe": 8, "elapsed_seconds": 0.4063}
{"arm": "nemotron-3b-diffusion", "case_id": "live_simple_19-3-15", "stop_reason": "eos", "output_tokens": 21, "nfe": 11, "elapsed_seconds": 0.5316}
{"arm": "nemotron-3b-diffusion", "case_id": "live_simple_20-4-0", "stop_reason": "eos", "output_tokens": 13, "nfe": 27, "elapsed_seconds": 1.1746}
{"arm": "nemotron-3b-diffusion", "case_id": "live_simple_21-4-1", "stop_reason": "eos", "output_tokens": 21, "nfe": 9, "elapsed_seconds": 0.4458}
{"arm": "nemotron-3b-diffusion", "case_id": "live_simple_22-5-0", "stop_reason": "eos", "output_tokens": 14, "nfe": 14, "elapsed_seconds": 0.6464}
{"arm": "nemotron-3b-diffusion", "case_id": "live_simple_23-5-1", "stop_reason": "eos", "output_tokens": 13, "nfe": 16, "elapsed_seconds": 0.7195}
{"arm": "nemotron-3b-diffusion", "case_id": "live_simple_24-5-2", "stop_reason": "eos", "output_tokens": 14, "nfe": 10, "elapsed_seconds": 0.4772}
{"arm": "nemotron-3b-diffusion", "case_id": "live_simple_25-5-3", "stop_reason": "eos", "output_tokens": 14, "nfe": 15, "elapsed_seconds": 0.6873}
{"arm": "nemotron-3b-diffusion", "case_id": "live_simple_26-6-0", "stop_reason": "eos", "output_tokens": 34, "nfe": 10, "elapsed_seconds": 0.5244}
{"arm": "nemotron-3b-diffusion", "case_id": "live_simple_27-7-0", "stop_reason": "eos", "output_tokens": 31, "nfe": 13, "elapsed_seconds": 0.6066}
{"arm": "nemotron-3b-diffusion", "case_id": "live_simple_28-7-1", "stop_reason": "eos", "output_tokens": 51, "nfe": 33, "elapsed_seconds": 1.4119}
{"arm": "nemotron-3b-diffusion", "case_id": "live_simple_29-7-2", "stop_reason": "eos", "output_tokens": 3, "nfe": 23, "elapsed_seconds": 1.0058}
{"arm": "nemotron-3b-diffusion", "case_id": "live_simple_30-8-0", "stop_reason": "eos", "output_tokens": 37, "nfe": 10, "elapsed_seconds": 0.5681}
{"arm": "nemotron-3b-diffusion", "case_id": "live_simple_31-8-1", "stop_reason": "eos", "output_tokens": 34, "nfe": 9, "elapsed_seconds": 0.5182}
{"arm": "nemotron-3b-diffusion", "case_id": "live_simple_32-9-0", "stop_reason": "eos", "output_tokens": 2, "nfe": 16, "elapsed_seconds": 0.7195}
{"arm": "nemotron-3b-diffusion", "case_id": "live_simple_33-10-0", "stop_reason": "eos", "output_tokens": 11, "nfe": 13, "elapsed_seconds": 0.618}
{"arm": "nemotron-3b-diffusion", "case_id": "live_simple_34-11-0", "stop_reason": "eos", "output_tokens": 24, "nfe": 11, "elapsed_seconds": 0.5187}
{"arm": "nemotron-3b-diffusion", "case_id": "live_simple_35-12-0", "stop_reason": "eos", "output_tokens": 24, "nfe": 8, "elapsed_seconds": 0.4148}
{"arm": "nemotron-3b-diffusion", "case_id": "live_simple_36-13-0", "stop_reason": "eos", "output_tokens": 2, "nfe": 19, "elapsed_seconds": 0.8349}
{"arm": "nemotron-3b-diffusion", "case_id": "live_simple_37-14-0", "stop_reason": "eos", "output_tokens": 2, "nfe": 20, "elapsed_seconds": 0.854}
{"arm": "nemotron-3b-diffusion", "case_id": "live_simple_38-15-0", "stop_reason": "eos", "output_tokens": 33, "nfe": 16, "elapsed_seconds": 0.7492}
{"arm": "nemotron-3b-diffusion", "case_id": "live_simple_39-16-0", "stop_reason": "eos", "output_tokens": 36, "nfe": 11, "elapsed_seconds": 0.5755}
{"arm": "nemotron-3b-diffusion", "case_id": "live_simple_40-17-0", "stop_reason": "eos", "output_tokens": 36, "nfe": 13, "elapsed_seconds": 0.6498}
{"arm": "nemotron-3b-diffusion", "case_id": "live_simple_41-17-1", "stop_reason": "eos", "output_tokens": 65, "nfe": 20, "elapsed_seconds": 0.9271}
{"arm": "nemotron-3b-diffusion", "case_id": "live_simple_42-17-2", "stop_reason": "eos", "output_tokens": 38, "nfe": 18, "elapsed_seconds": 0.8488}
{"arm": "nemotron-3b-diffusion", "case_id": "live_simple_43-17-3", "stop_reason": "eos", "output_tokens": 35, "nfe": 18, "elapsed_seconds": 0.8429}
{"arm": "nemotron-3b-diffusion", "case_id": "live_simple_44-18-0", "stop_reason": "eos", "output_tokens": 30, "nfe": 13, "elapsed_seconds": 0.67}
{"arm": "nemotron-3b-diffusion", "case_id": "live_simple_45-18-1", "stop_reason": "eos", "output_tokens": 40, "nfe": 27, "elapsed_seconds": 1.2369}
{"arm": "nemotron-3b-diffusion", "case_id": "live_simple_46-19-0", "stop_reason": "eos", "output_tokens": 54, "nfe": 13, "elapsed_seconds": 0.6472}
{"arm": "nemotron-3b-diffusion", "case_id": "live_simple_47-20-0", "stop_reason": "eos", "output_tokens": 12, "nfe": 3, "elapsed_seconds": 0.1816}
{"arm": "nemotron-3b-diffusion", "case_id": "live_simple_48-21-0", "stop_reason": "eos", "output_tokens": 45, "nfe": 29, "elapsed_seconds": 1.3166}
{"arm": "nemotron-3b-diffusion", "case_id": "live_simple_49-21-1", "stop_reason": "eos", "output_tokens": 50, "nfe": 31, "elapsed_seconds": 1.4089}
{"arm": "nemotron-3b-diffusion", "case_id": "live_simple_50-22-0", "stop_reason": "eos", "output_tokens": 16, "nfe": 11, "elapsed_seconds": 0.5009}
{"arm": "nemotron-3b-diffusion", "case_id": "live_simple_51-23-0", "stop_reason": "eos", "output_tokens": 60, "nfe": 18, "elapsed_seconds": 0.8931}
{"arm": "nemotron-3b-diffusion", "case_id": "live_simple_52-23-1", "stop_reason": "eos", "output_tokens": 44, "nfe": 21, "elapsed_seconds": 1.0174}
{"arm": "nemotron-3b-diffusion", "case_id": "live_simple_53-24-0", "stop_reason": "eos", "output_tokens": 17, "nfe": 14, "elapsed_seconds": 0.615}
{"arm": "nemotron-3b-diffusion", "case_id": "live_simple_54-25-0", "stop_reason": "eos", "output_tokens": 13, "nfe": 13, "elapsed_seconds": 0.593}
{"arm": "nemotron-3b-diffusion", "case_id": "live_simple_55-25-1", "stop_reason": "eos", "output_tokens": 18, "nfe": 12, "elapsed_seconds": 0.5592}
{"arm": "nemotron-3b-diffusion", "case_id": "live_simple_56-26-0", "stop_reason": "eos", "output_tokens": 19, "nfe": 14, "elapsed_seconds": 0.638}
{"arm": "nemotron-3b-diffusion", "case_id": "live_simple_57-26-1", "stop_reason": "eos", "output_tokens": 21, "nfe": 7, "elapsed_seconds": 0.3655}
{"arm": "nemotron-3b-diffusion", "case_id": "live_simple_58-27-0", "stop_reason": "eos", "output_tokens": 34, "nfe": 17, "elapsed_seconds": 0.8062}
{"arm": "nemotron-3b-diffusion", "case_id": "live_simple_59-28-0", "stop_reason": "eos", "output_tokens": 16, "nfe": 19, "elapsed_seconds": 0.8759}
{"arm": "nemotron-3b-diffusion", "case_id": "live_simple_60-29-0", "stop_reason": "eos", "output_tokens": 15, "nfe": 13, "elapsed_seconds": 0.5996}
{"arm": "nemotron-3b-diffusion", "case_id": "live_simple_61-29-1", "stop_reason": "eos", "output_tokens": 19, "nfe": 14, "elapsed_seconds": 0.6618}
{"arm": "nemotron-3b-diffusion", "case_id": "live_simple_62-29-2", "stop_reason": "eos", "output_tokens": 15, "nfe": 13, "elapsed_seconds": 0.6071}
{"arm": "nemotron-3b-diffusion", "case_id": "live_simple_63-29-3", "stop_reason": "eos", "output_tokens": 18, "nfe": 11, "elapsed_seconds": 0.5258}
{"arm": "nemotron-3b-diffusion", "case_id": "live_simple_64-29-4", "stop_reason": "eos", "output_tokens": 14, "nfe": 12, "elapsed_seconds": 0.5668}
{"arm": "nemotron-3b-diffusion", "case_id": "live_simple_65-29-5", "stop_reason": "eos", "output_tokens": 14, "nfe": 10, "elapsed_seconds": 0.4822}
{"arm": "nemotron-3b-diffusion", "case_id": "live_simple_66-30-0", "stop_reason": "eos", "output_tokens": 28, "nfe": 9, "elapsed_seconds": 0.4697}
{"arm": "nemotron-3b-diffusion", "case_id": "live_simple_67-31-0", "stop_reason": "eos", "output_tokens": 67, "nfe": 22, "elapsed_seconds": 1.0496}
{"arm": "nemotron-3b-diffusion", "case_id": "live_simple_68-32-0", "stop_reason": "eos", "output_tokens": 15, "nfe": 3, "elapsed_seconds": 0.2066}
{"arm": "nemotron-3b-diffusion", "case_id": "live_simple_69-33-0", "stop_reason": "eos", "output_tokens": 44, "nfe": 10, "elapsed_seconds": 0.4872}
{"arm": "nemotron-3b-diffusion", "case_id": "live_simple_70-34-0", "stop_reason": "eos", "output_tokens": 43, "nfe": 23, "elapsed_seconds": 1.0734}
{"arm": "nemotron-3b-diffusion", "case_id": "live_simple_71-35-0", "stop_reason": "eos", "output_tokens": 67, "nfe": 39, "elapsed_seconds": 1.7255}
{"arm": "nemotron-3b-diffusion", "case_id": "live_simple_72-36-0", "stop_reason": "eos", "output_tokens": 24, "nfe": 5, "elapsed_seconds": 0.2919}
{"arm": "nemotron-3b-diffusion", "case_id": "live_simple_73-36-1", "stop_reason": "eos", "output_tokens": 25, "nfe": 5, "elapsed_seconds": 0.3022}
{"arm": "nemotron-3b-diffusion", "case_id": "live_simple_74-36-2", "stop_reason": "eos", "output_tokens": 24, "nfe": 5, "elapsed_seconds": 0.2858}
{"arm": "nemotron-3b-diffusion", "case_id": "live_simple_75-36-3", "stop_reason": "eos", "output_tokens": 24, "nfe": 5, "elapsed_seconds": 0.2863}
{"arm": "nemotron-3b-diffusion", "case_id": "live_simple_76-37-0", "stop_reason": "eos", "output_tokens": 25, "nfe": 8, "elapsed_seconds": 0.4209}
{"arm": "nemotron-3b-diffusion", "case_id": "live_simple_77-38-0", "stop_reason": "eos", "output_tokens": 22, "nfe": 9, "elapsed_seconds": 0.4736}
{"arm": "nemotron-3b-diffusion", "case_id": "live_simple_78-39-0", "stop_reason": "eos", "output_tokens": 35, "nfe": 13, "elapsed_seconds": 0.6721}
{"arm": "nemotron-3b-diffusion", "case_id": "live_simple_79-40-0", "stop_reason": "eos", "output_tokens": 14, "nfe": 6, "elapsed_seconds": 0.3249}
{"arm": "nemotron-3b-diffusion", "case_id": "live_simple_80-41-0", "stop_reason": "eos", "output_tokens": 76, "nfe": 21, "elapsed_seconds": 0.9536}
{"arm": "nemotron-3b-diffusion", "case_id": "live_simple_81-42-0", "stop_reason": "eos", "output_tokens": 24, "nfe": 13, "elapsed_seconds": 0.6328}
{"arm": "nemotron-3b-diffusion", "case_id": "live_simple_82-43-0", "stop_reason": "eos", "output_tokens": 21, "nfe": 9, "elapsed_seconds": 0.4813}
{"arm": "nemotron-3b-diffusion", "case_id": "live_simple_83-44-0", "stop_reason": "eos", "output_tokens": 66, "nfe": 13, "elapsed_seconds": 0.6437}
{"arm": "nemotron-3b-diffusion", "case_id": "live_simple_84-45-0", "stop_reason": "eos", "output_tokens": 15, "nfe": 10, "elapsed_seconds": 0.4791}
{"arm": "nemotron-3b-diffusion", "case_id": "live_simple_85-46-0", "stop_reason": "eos", "output_tokens": 38, "nfe": 9, "elapsed_seconds": 0.4495}
{"arm": "nemotron-3b-diffusion", "case_id": "live_simple_86-47-0", "stop_reason": "eos", "output_tokens": 35, "nfe": 9, "elapsed_seconds": 0.44}
{"arm": "nemotron-3b-diffusion", "case_id": "live_simple_87-48-0", "stop_reason": "eos", "output_tokens": 25, "nfe": 10, "elapsed_seconds": 0.4806}
{"arm": "nemotron-3b-diffusion", "case_id": "live_simple_88-49-0", "stop_reason": "eos", "output_tokens": 32, "nfe": 10, "elapsed_seconds": 0.5102}
{"arm": "nemotron-3b-diffusion", "case_id": "live_simple_89-50-0", "stop_reason": "eos", "output_tokens": 65, "nfe": 18, "elapsed_seconds": 0.8443}
{"arm": "nemotron-3b-diffusion", "case_id": "live_simple_90-51-0", "stop_reason": "eos", "output_tokens": 16, "nfe": 18, "elapsed_seconds": 0.8023}
{"arm": "nemotron-3b-diffusion", "case_id": "live_simple_91-52-0", "stop_reason": "eos", "output_tokens": 8, "nfe": 4, "elapsed_seconds": 0.2234}
{"arm": "nemotron-3b-diffusion", "case_id": "live_simple_92-53-0", "stop_reason": "eos", "output_tokens": 15, "nfe": 4, "elapsed_seconds": 0.2241}
{"arm": "nemotron-3b-diffusion", "case_id": "live_simple_93-54-0", "stop_reason": "eos", "output_tokens": 15, "nfe": 5, "elapsed_seconds": 0.2588}
{"arm": "nemotron-3b-diffusion", "case_id": "live_simple_94-55-0", "stop_reason": "eos", "output_tokens": 22, "nfe": 5, "elapsed_seconds": 0.2769}
{"arm": "nemotron-3b-diffusion", "case_id": "live_simple_95-56-0", "stop_reason": "eos", "output_tokens": 50, "nfe": 14, "elapsed_seconds": 0.688}
{"arm": "nemotron-3b-diffusion", "case_id": "live_simple_96-57-0", "stop_reason": "eos", "output_tokens": 18, "nfe": 8, "elapsed_seconds": 0.4233}
{"arm": "nemotron-3b-diffusion", "case_id": "live_simple_97-57-1", "stop_reason": "eos", "output_tokens": 3, "nfe": 25, "elapsed_seconds": 1.0708}
{"arm": "nemotron-3b-diffusion", "case_id": "live_simple_98-58-0", "stop_reason": "eos", "output_tokens": 34, "nfe": 10, "elapsed_seconds": 0.4929}
{"arm": "nemotron-3b-diffusion", "case_id": "live_simple_99-59-0", "stop_reason": "eos", "output_tokens": 20, "nfe": 9, "elapsed_seconds": 0.4353}
{"arm": "nemotron-3b-diffusion", "case_id": "live_simple_100-59-1", "stop_reason": "eos", "output_tokens": 24, "nfe": 7, "elapsed_seconds": 0.3616}
{"arm": "nemotron-3b-diffusion", "case_id": "live_simple_101-60-0", "stop_reason": "eos", "output_tokens": 25, "nfe": 9, "elapsed_seconds": 0.4644}
{"arm": "nemotron-3b-diffusion", "case_id": "live_simple_102-61-0", "stop_reason": "eos", "output_tokens": 23, "nfe": 14, "elapsed_seconds": 0.6822}
{"arm": "nemotron-3b-diffusion", "case_id": "live_simple_103-61-1", "stop_reason": "eos", "output_tokens": 19, "nfe": 11, "elapsed_seconds": 0.5649}
{"arm": "nemotron-3b-diffusion", "case_id": "live_simple_104-61-2", "stop_reason": "eos", "output_tokens": 19, "nfe": 16, "elapsed_seconds": 0.7576}
{"arm": "nemotron-3b-diffusion", "case_id": "live_simple_105-62-0", "stop_reason": "eos", "output_tokens": 36, "nfe": 14, "elapsed_seconds": 0.6449}
{"arm": "nemotron-3b-diffusion", "case_id": "live_simple_106-63-0", "stop_reason": "eos", "output_tokens": 312, "nfe": 93, "elapsed_seconds": 4.0017}
{"arm": "nemotron-3b-diffusion", "case_id": "live_simple_107-64-0", "stop_reason": "eos", "output_tokens": 169, "nfe": 38, "elapsed_seconds": 1.648}
{"arm": "nemotron-3b-diffusion", "case_id": "live_simple_108-65-0", "stop_reason": "eos", "output_tokens": 132, "nfe": 47, "elapsed_seconds": 2.0172}
{"arm": "nemotron-3b-diffusion", "case_id": "live_simple_109-66-0", "stop_reason": "eos", "output_tokens": 121, "nfe": 32, "elapsed_seconds": 1.4359}
{"arm": "nemotron-3b-diffusion", "case_id": "live_simple_110-67-0", "stop_reason": "eos", "output_tokens": 44, "nfe": 24, "elapsed_seconds": 1.078}
{"arm": "nemotron-3b-diffusion", "case_id": "live_simple_111-67-1", "stop_reason": "eos", "output_tokens": 111, "nfe": 29, "elapsed_seconds": 1.3294}
{"arm": "nemotron-3b-diffusion", "case_id": "live_simple_112-68-0", "stop_reason": "eos", "output_tokens": 2, "nfe": 22, "elapsed_seconds": 0.9971}
{"arm": "nemotron-3b-diffusion", "case_id": "live_simple_113-69-0", "stop_reason": "eos", "output_tokens": 42, "nfe": 12, "elapsed_seconds": 0.5992}
{"arm": "nemotron-3b-diffusion", "case_id": "live_simple_114-70-0", "stop_reason": "eos", "output_tokens": 46, "nfe": 16, "elapsed_seconds": 0.7469}
{"arm": "nemotron-3b-diffusion", "case_id": "live_simple_115-71-0", "stop_reason": "eos", "output_tokens": 17, "nfe": 8, "elapsed_seconds": 0.4013}
{"arm": "nemotron-3b-diffusion", "case_id": "live_simple_116-72-0", "stop_reason": "eos", "output_tokens": 17, "nfe": 16, "elapsed_seconds": 0.6946}
{"arm": "nemotron-3b-diffusion", "case_id": "live_simple_117-73-0", "stop_reason": "eos", "output_tokens": 10, "nfe": 5, "elapsed_seconds": 0.2632}
{"arm": "nemotron-3b-diffusion", "case_id": "live_simple_118-74-0", "stop_reason": "eos", "output_tokens": 14, "nfe": 23, "elapsed_seconds": 1.0007}
{"arm": "nemotron-3b-diffusion", "case_id": "live_simple_119-75-0", "stop_reason": "eos", "output_tokens": 19, "nfe": 15, "elapsed_seconds": 0.6949}
{"arm": "nemotron-3b-diffusion", "case_id": "live_simple_120-76-0", "stop_reason": "eos", "output_tokens": 57, "nfe": 18, "elapsed_seconds": 0.8307}
{"arm": "nemotron-3b-diffusion", "case_id": "live_simple_121-77-0", "stop_reason": "eos", "output_tokens": 66, "nfe": 10, "elapsed_seconds": 0.5093}
{"arm": "nemotron-3b-diffusion", "case_id": "live_simple_122-78-0", "stop_reason": "eos", "output_tokens": 41, "nfe": 14, "elapsed_seconds": 0.6481}
{"arm": "nemotron-3b-diffusion", "case_id": "live_simple_123-79-0", "stop_reason": "eos", "output_tokens": 104, "nfe": 21, "elapsed_seconds": 0.9294}
{"arm": "nemotron-3b-diffusion", "case_id": "live_simple_124-80-0", "stop_reason": "eos", "output_tokens": 23, "nfe": 9, "elapsed_seconds": 0.4467}
{"arm": "nemotron-3b-diffusion", "case_id": "live_simple_125-81-0", "stop_reason": "eos", "output_tokens": 14, "nfe": 17, "elapsed_seconds": 0.7536}
{"arm": "nemotron-3b-diffusion", "case_id": "live_simple_126-82-0", "stop_reason": "eos", "output_tokens": 48, "nfe": 13, "elapsed_seconds": 0.6394}
{"arm": "nemotron-3b-diffusion", "case_id": "live_simple_127-82-1", "stop_reason": "eos", "output_tokens": 40, "nfe": 13, "elapsed_seconds": 0.6368}
{"arm": "nemotron-3b-diffusion", "case_id": "live_simple_128-83-0", "stop_reason": "eos", "output_tokens": 54, "nfe": 15, "elapsed_seconds": 0.71}
{"arm": "nemotron-3b-diffusion", "case_id": "live_simple_129-83-1", "stop_reason": "eos", "output_tokens": 51, "nfe": 16, "elapsed_seconds": 0.735}
{"arm": "nemotron-3b-diffusion", "case_id": "live_simple_130-84-0", "stop_reason": "eos", "output_tokens": 89, "nfe": 22, "elapsed_seconds": 0.9971}
{"arm": "nemotron-3b-diffusion", "case_id": "live_simple_131-84-1", "stop_reason": "eos", "output_tokens": 86, "nfe": 19, "elapsed_seconds": 0.889}
{"arm": "nemotron-3b-diffusion", "case_id": "live_simple_132-85-0", "stop_reason": "eos", "output_tokens": 20, "nfe": 13, "elapsed_seconds": 0.5922}
{"arm": "nemotron-3b-diffusion", "case_id": "live_simple_133-86-0", "stop_reason": "eos", "output_tokens": 31, "nfe": 15, "elapsed_seconds": 0.706}
{"arm": "nemotron-3b-diffusion", "case_id": "live_simple_134-87-0", "stop_reason": "eos", "output_tokens": 38, "nfe": 18, "elapsed_seconds": 0.8244}
{"arm": "nemotron-3b-diffusion", "case_id": "live_simple_135-88-0", "stop_reason": "eos", "output_tokens": 24, "nfe": 16, "elapsed_seconds": 0.7421}
{"arm": "nemotron-3b-diffusion", "case_id": "live_simple_136-89-0", "stop_reason": "eos", "output_tokens": 49, "nfe": 14, "elapsed_seconds": 0.6807}
{"arm": "nemotron-3b-diffusion", "case_id": "live_simple_137-90-0", "stop_reason": "eos", "output_tokens": 45, "nfe": 11, "elapsed_seconds": 0.527}
{"arm": "nemotron-3b-diffusion", "case_id": "live_simple_138-91-0", "stop_reason": "eos", "output_tokens": 44, "nfe": 10, "elapsed_seconds": 0.5104}
{"arm": "nemotron-3b-diffusion", "case_id": "live_simple_139-92-0", "stop_reason": "eos", "output_tokens": 65, "nfe": 18, "elapsed_seconds": 0.8351}
{"arm": "nemotron-3b-diffusion", "case_id": "live_simple_140-93-0", "stop_reason": "eos", "output_tokens": 22, "nfe": 6, "elapsed_seconds": 0.3233}
{"arm": "nemotron-3b-diffusion", "case_id": "live_simple_141-94-0", "stop_reason": "eos", "output_tokens": 15, "nfe": 10, "elapsed_seconds": 0.4802}
{"arm": "nemotron-3b-diffusion", "case_id": "live_simple_142-94-1", "stop_reason": "eos", "output_tokens": 11, "nfe": 17, "elapsed_seconds": 0.7504}
{"arm": "nemotron-3b-diffusion", "case_id": "live_simple_143-95-0", "stop_reason": "eos", "output_tokens": 16, "nfe": 18, "elapsed_seconds": 0.7947}
{"arm": "nemotron-3b-diffusion", "case_id": "live_simple_144-95-1", "stop_reason": "eos", "output_tokens": 12, "nfe": 21, "elapsed_seconds": 0.9147}
{"arm": "nemotron-3b-diffusion", "case_id": "live_simple_145-95-2", "stop_reason": "eos", "output_tokens": 12, "nfe": 22, "elapsed_seconds": 0.9527}
{"arm": "nemotron-3b-diffusion", "case_id": "live_simple_146-95-3", "stop_reason": "eos", "output_tokens": 2, "nfe": 22, "elapsed_seconds": 0.9646}
{"arm": "nemotron-3b-diffusion", "case_id": "live_simple_147-95-4", "stop_reason": "eos", "output_tokens": 17, "nfe": 20, "elapsed_seconds": 0.8849}
{"arm": "nemotron-3b-diffusion", "case_id": "live_simple_148-95-5", "stop_reason": "eos", "output_tokens": 2, "nfe": 19, "elapsed_seconds": 0.8349}
{"arm": "nemotron-3b-diffusion", "case_id": "live_simple_149-95-6", "stop_reason": "eos", "output_tokens": 12, "nfe": 13, "elapsed_seconds": 0.5926}
{"arm": "nemotron-3b-diffusion", "case_id": "live_simple_150-95-7", "stop_reason": "eos", "output_tokens": 17, "nfe": 11, "elapsed_seconds": 0.5189}
{"arm": "nemotron-3b-diffusion", "case_id": "live_simple_151-95-8", "stop_reason": "eos", "output_tokens": 20, "nfe": 13, "elapsed_seconds": 0.5981}
{"arm": "nemotron-3b-diffusion", "case_id": "live_simple_152-95-9", "stop_reason": "eos", "output_tokens": 16, "nfe": 11, "elapsed_seconds": 0.5251}
{"arm": "nemotron-3b-diffusion", "case_id": "live_simple_153-95-10", "stop_reason": "eos", "output_tokens": 21, "nfe": 11, "elapsed_seconds": 0.5238}
{"arm": "nemotron-3b-diffusion", "case_id": "live_simple_154-95-11", "stop_reason": "eos", "output_tokens": 38, "nfe": 24, "elapsed_seconds": 1.043}
{"arm": "nemotron-3b-diffusion", "case_id": "live_simple_155-95-12", "stop_reason": "eos", "output_tokens": 15, "nfe": 20, "elapsed_seconds": 0.8961}
{"arm": "nemotron-3b-diffusion", "case_id": "live_simple_156-95-13", "stop_reason": "eos", "output_tokens": 15, "nfe": 22, "elapsed_seconds": 0.9571}
{"arm": "nemotron-3b-diffusion", "case_id": "live_simple_157-95-14", "stop_reason": "eos", "output_tokens": 16, "nfe": 13, "elapsed_seconds": 0.6023}
{"arm": "nemotron-3b-diffusion", "case_id": "live_simple_158-95-15", "stop_reason": "eos", "output_tokens": 17, "nfe": 23, "elapsed_seconds": 1.0063}
{"arm": "nemotron-3b-diffusion", "case_id": "live_simple_159-95-16", "stop_reason": "eos", "output_tokens": 15, "nfe": 19, "elapsed_seconds": 0.8412}
{"arm": "nemotron-3b-diffusion", "case_id": "live_simple_160-95-17", "stop_reason": "eos", "output_tokens": 15, "nfe": 13, "elapsed_seconds": 0.6107}
{"arm": "nemotron-3b-diffusion", "case_id": "live_simple_161-96-0", "stop_reason": "eos", "output_tokens": 54, "nfe": 18, "elapsed_seconds": 0.8272}
{"arm": "nemotron-3b-diffusion", "case_id": "live_simple_162-96-1", "stop_reason": "eos", "output_tokens": 30, "nfe": 11, "elapsed_seconds": 0.5204}
{"arm": "nemotron-3b-diffusion", "case_id": "live_simple_163-96-2", "stop_reason": "eos", "output_tokens": 35, "nfe": 13, "elapsed_seconds": 0.6162}
{"arm": "nemotron-3b-diffusion", "case_id": "live_simple_164-97-0", "stop_reason": "eos", "output_tokens": 34, "nfe": 18, "elapsed_seconds": 0.8396}
{"arm": "nemotron-3b-diffusion", "case_id": "live_simple_165-98-0", "stop_reason": "eos", "output_tokens": 44, "nfe": 17, "elapsed_seconds": 0.7853}
{"arm": "nemotron-3b-diffusion", "case_id": "live_simple_166-99-0", "stop_reason": "eos", "output_tokens": 12, "nfe": 8, "elapsed_seconds": 0.3987}
{"arm": "nemotron-3b-diffusion", "case_id": "live_simple_167-99-1", "stop_reason": "eos", "output_tokens": 24, "nfe": 12, "elapsed_seconds": 0.5628}
{"arm": "nemotron-3b-diffusion", "case_id": "live_simple_168-99-2", "stop_reason": "eos", "output_tokens": 12, "nfe": 13, "elapsed_seconds": 0.5939}
{"arm": "nemotron-3b-diffusion", "case_id": "live_simple_169-99-3", "stop_reason": "eos", "output_tokens": 33, "nfe": 17, "elapsed_seconds": 0.7611}
{"arm": "nemotron-3b-diffusion", "case_id": "live_simple_170-99-4", "stop_reason": "eos", "output_tokens": 12, "nfe": 11, "elapsed_seconds": 0.5189}
{"arm": "nemotron-3b-diffusion", "case_id": "live_simple_171-99-5", "stop_reason": "eos", "output_tokens": 13, "nfe": 15, "elapsed_seconds": 0.6689}
{"arm": "nemotron-3b-diffusion", "case_id": "live_simple_172-99-6", "stop_reason": "eos", "output_tokens": 11, "nfe": 11, "elapsed_seconds": 0.5246}
{"arm": "nemotron-3b-diffusion", "case_id": "live_simple_173-99-7", "stop_reason": "eos", "output_tokens": 12, "nfe": 9, "elapsed_seconds": 0.438}
{"arm": "nemotron-3b-diffusion", "case_id": "live_simple_174-100-0", "stop_reason": "eos", "output_tokens": 14, "nfe": 5, "elapsed_seconds": 0.2882}
{"arm": "nemotron-3b-diffusion", "case_id": "live_simple_175-101-0", "stop_reason": "eos", "output_tokens": 2, "nfe": 23, "elapsed_seconds": 1.0043}
{"arm": "nemotron-3b-diffusion", "case_id": "live_simple_176-102-0", "stop_reason": "eos", "output_tokens": 2, "nfe": 22, "elapsed_seconds": 0.9528}
{"arm": "nemotron-3b-diffusion", "case_id": "live_simple_177-103-0", "stop_reason": "eos", "output_tokens": 2, "nfe": 22, "elapsed_seconds": 0.9545}
{"arm": "nemotron-3b-diffusion", "case_id": "live_simple_178-103-1", "stop_reason": "eos", "output_tokens": 2, "nfe": 18, "elapsed_seconds": 0.7948}
{"arm": "nemotron-3b-diffusion", "case_id": "live_simple_179-104-0", "stop_reason": "eos", "output_tokens": 16, "nfe": 6, "elapsed_seconds": 0.3259}
{"arm": "nemotron-3b-diffusion", "case_id": "live_simple_180-105-0", "stop_reason": "eos", "output_tokens": 21, "nfe": 6, "elapsed_seconds": 0.3324}
{"arm": "nemotron-3b-diffusion", "case_id": "live_simple_181-106-0", "stop_reason": "eos", "output_tokens": 30, "nfe": 12, "elapsed_seconds": 0.5828}
{"arm": "nemotron-3b-diffusion", "case_id": "live_simple_182-107-0", "stop_reason": "eos", "output_tokens": 41, "nfe": 11, "elapsed_seconds": 0.5566}
{"arm": "nemotron-3b-diffusion", "case_id": "live_simple_183-108-0", "stop_reason": "eos", "output_tokens": 20, "nfe": 14, "elapsed_seconds": 0.6732}
{"arm": "nemotron-3b-diffusion", "case_id": "live_simple_184-109-0", "stop_reason": "eos", "output_tokens": 24, "nfe": 10, "elapsed_seconds": 0.5089}
{"arm": "nemotron-3b-diffusion", "case_id": "live_simple_185-110-0", "stop_reason": "eos", "output_tokens": 45, "nfe": 12, "elapsed_seconds": 0.6004}
{"arm": "nemotron-3b-diffusion", "case_id": "live_simple_186-111-0", "stop_reason": "eos", "output_tokens": 79, "nfe": 16, "elapsed_seconds": 0.766}
{"arm": "nemotron-3b-diffusion", "case_id": "live_simple_187-112-0", "stop_reason": "eos", "output_tokens": 85, "nfe": 18, "elapsed_seconds": 0.8903}
{"arm": "nemotron-3b-diffusion", "case_id": "live_simple_188-113-0", "stop_reason": "eos", "output_tokens": 40, "nfe": 11, "elapsed_seconds": 0.5912}
{"arm": "nemotron-3b-diffusion", "case_id": "live_simple_189-114-0", "stop_reason": "eos", "output_tokens": 50, "nfe": 22, "elapsed_seconds": 0.9879}
{"arm": "nemotron-3b-diffusion", "case_id": "live_simple_190-115-0", "stop_reason": "eos", "output_tokens": 25, "nfe": 9, "elapsed_seconds": 0.4489}
{"arm": "nemotron-3b-diffusion", "case_id": "live_simple_191-115-1", "stop_reason": "eos", "output_tokens": 24, "nfe": 8, "elapsed_seconds": 0.4058}
{"arm": "nemotron-3b-diffusion", "case_id": "live_simple_192-116-0", "stop_reason": "eos", "output_tokens": 28, "nfe": 7, "elapsed_seconds": 0.3559}
{"arm": "nemotron-3b-diffusion", "case_id": "live_simple_193-116-1", "stop_reason": "eos", "output_tokens": 27, "nfe": 6, "elapsed_seconds": 0.3176}
{"arm": "nemotron-3b-diffusion", "case_id": "live_simple_194-116-2", "stop_reason": "eos", "output_tokens": 27, "nfe": 6, "elapsed_seconds": 0.3227}
{"arm": "nemotron-3b-diffusion", "case_id": "live_simple_195-116-3", "stop_reason": "eos", "output_tokens": 28, "nfe": 7, "elapsed_seconds": 0.3618}
{"arm": "nemotron-3b-diffusion", "case_id": "live_simple_196-116-4", "stop_reason": "eos", "output_tokens": 28, "nfe": 7, "elapsed_seconds": 0.3624}
{"arm": "nemotron-3b-diffusion", "case_id": "live_simple_197-116-5", "stop_reason": "eos", "output_tokens": 28, "nfe": 7, "elapsed_seconds": 0.3625}
{"arm": "nemotron-3b-diffusion", "case_id": "live_simple_198-116-6", "stop_reason": "eos", "output_tokens": 28, "nfe": 6, "elapsed_seconds": 0.3213}
{"arm": "nemotron-3b-diffusion", "case_id": "live_simple_199-116-7", "stop_reason": "eos", "output_tokens": 29, "nfe": 9, "elapsed_seconds": 0.4439}
{"arm": "nemotron-3b-diffusion", "case_id": "live_simple_200-116-8", "stop_reason": "eos", "output_tokens": 28, "nfe": 6, "elapsed_seconds": 0.3204}
{"arm": "nemotron-3b-diffusion", "case_id": "live_simple_201-116-9", "stop_reason": "eos", "output_tokens": 27, "nfe": 7, "elapsed_seconds": 0.3595}
{"arm": "nemotron-3b-diffusion", "case_id": "live_simple_202-116-10", "stop_reason": "eos", "output_tokens": 28, "nfe": 9, "elapsed_seconds": 0.4375}
{"arm": "nemotron-3b-diffusion", "case_id": "live_simple_203-116-11", "stop_reason": "eos", "output_tokens": 28, "nfe": 7, "elapsed_seconds": 0.3631}
{"arm": "nemotron-3b-diffusion", "case_id": "live_simple_204-116-12", "stop_reason": "eos", "output_tokens": 29, "nfe": 8, "elapsed_seconds": 0.4023}
{"arm": "nemotron-3b-diffusion", "case_id": "live_simple_205-116-13", "stop_reason": "eos", "output_tokens": 27, "nfe": 7, "elapsed_seconds": 0.3597}
{"arm": "nemotron-3b-diffusion", "case_id": "live_simple_206-116-14", "stop_reason": "eos", "output_tokens": 29, "nfe": 13, "elapsed_seconds": 0.6013}
{"arm": "nemotron-3b-diffusion", "case_id": "live_simple_207-116-15", "stop_reason": "eos", "output_tokens": 27, "nfe": 7, "elapsed_seconds": 0.3629}
{"arm": "nemotron-3b-diffusion", "case_id": "live_simple_208-117-0", "stop_reason": "eos", "output_tokens": 30, "nfe": 9, "elapsed_seconds": 0.4707}
{"arm": "nemotron-3b-diffusion", "case_id": "live_simple_209-117-1", "stop_reason": "eos", "output_tokens": 34, "nfe": 13, "elapsed_seconds": 0.6278}
{"arm": "nemotron-3b-diffusion", "case_id": "live_simple_210-117-2", "stop_reason": "eos", "output_tokens": 26, "nfe": 8, "elapsed_seconds": 0.4362}
{"arm": "nemotron-3b-diffusion", "case_id": "live_simple_211-117-3", "stop_reason": "eos", "output_tokens": 27, "nfe": 9, "elapsed_seconds": 0.4752}
{"arm": "nemotron-3b-diffusion", "case_id": "live_simple_212-117-4", "stop_reason": "eos", "output_tokens": 27, "nfe": 10, "elapsed_seconds": 0.5066}
{"arm": "nemotron-3b-diffusion", "case_id": "live_simple_213-117-5", "stop_reason": "eos", "output_tokens": 26, "nfe": 8, "elapsed_seconds": 0.435}
{"arm": "nemotron-3b-diffusion", "case_id": "live_simple_214-117-6", "stop_reason": "eos", "output_tokens": 30, "nfe": 9, "elapsed_seconds": 0.479}
{"arm": "nemotron-3b-diffusion", "case_id": "live_simple_215-117-7", "stop_reason": "eos", "output_tokens": 15, "nfe": 19, "elapsed_seconds": 0.868}
{"arm": "nemotron-3b-diffusion", "case_id": "live_simple_216-117-8", "stop_reason": "eos", "output_tokens": 26, "nfe": 8, "elapsed_seconds": 0.4326}
{"arm": "nemotron-3b-diffusion", "case_id": "live_simple_217-117-9", "stop_reason": "eos", "output_tokens": 30, "nfe": 8, "elapsed_seconds": 0.4404}
{"arm": "nemotron-3b-diffusion", "case_id": "live_simple_218-117-10", "stop_reason": "eos", "output_tokens": 32, "nfe": 12, "elapsed_seconds": 0.5908}
{"arm": "nemotron-3b-diffusion", "case_id": "live_simple_219-117-11", "stop_reason": "eos", "output_tokens": 26, "nfe": 9, "elapsed_seconds": 0.4804}
{"arm": "nemotron-3b-diffusion", "case_id": "live_simple_220-117-12", "stop_reason": "eos", "output_tokens": 28, "nfe": 7, "elapsed_seconds": 0.3959}
{"arm": "nemotron-3b-diffusion", "case_id": "live_simple_221-117-13", "stop_reason": "eos", "output_tokens": 26, "nfe": 9, "elapsed_seconds": 0.4668}
{"arm": "nemotron-3b-diffusion", "case_id": "live_simple_222-117-14", "stop_reason": "eos", "output_tokens": 32, "nfe": 14, "elapsed_seconds": 0.6776}
{"arm": "nemotron-3b-diffusion", "case_id": "live_simple_223-117-15", "stop_reason": "eos", "output_tokens": 25, "nfe": 16, "elapsed_seconds": 0.7478}
{"arm": "nemotron-3b-diffusion", "case_id": "live_simple_224-117-16", "stop_reason": "eos", "output_tokens": 27, "nfe": 9, "elapsed_seconds": 0.4952}
{"arm": "nemotron-3b-diffusion", "case_id": "live_simple_225-117-17", "stop_reason": "eos", "output_tokens": 33, "nfe": 9, "elapsed_seconds": 0.4785}
{"arm": "nemotron-3b-diffusion", "case_id": "live_simple_226-118-0", "stop_reason": "eos", "output_tokens": 37, "nfe": 10, "elapsed_seconds": 0.5269}
{"arm": "nemotron-3b-diffusion", "case_id": "live_simple_227-118-1", "stop_reason": "eos", "output_tokens": 31, "nfe": 9, "elapsed_seconds": 0.4777}
{"arm": "nemotron-3b-diffusion", "case_id": "live_simple_228-119-0", "stop_reason": "eos", "output_tokens": 31, "nfe": 8, "elapsed_seconds": 0.4362}
{"arm": "nemotron-3b-diffusion", "case_id": "live_simple_229-120-0", "stop_reason": "eos", "output_tokens": 11, "nfe": 9, "elapsed_seconds": 0.4154}
{"arm": "nemotron-3b-diffusion", "case_id": "live_simple_230-121-0", "stop_reason": "eos", "output_tokens": 29, "nfe": 8, "elapsed_seconds": 0.404}
{"arm": "nemotron-3b-diffusion", "case_id": "live_simple_231-122-0", "stop_reason": "eos", "output_tokens": 42, "nfe": 12, "elapsed_seconds": 0.5632}
{"arm": "nemotron-3b-diffusion", "case_id": "live_simple_232-122-1", "stop_reason": "eos", "output_tokens": 40, "nfe": 12, "elapsed_seconds": 0.5659}
{"arm": "nemotron-3b-diffusion", "case_id": "live_simple_233-123-0", "stop_reason": "eos", "output_tokens": 34, "nfe": 15, "elapsed_seconds": 0.7035}
{"arm": "nemotron-3b-diffusion", "case_id": "live_simple_234-123-1", "stop_reason": "eos", "output_tokens": 39, "nfe": 18, "elapsed_seconds": 0.8253}
{"arm": "nemotron-3b-diffusion", "case_id": "live_simple_235-124-0", "stop_reason": "eos", "output_tokens": 20, "nfe": 14, "elapsed_seconds": 0.6435}
{"arm": "nemotron-3b-diffusion", "case_id": "live_simple_236-124-1", "stop_reason": "eos", "output_tokens": 29, "nfe": 14, "elapsed_seconds": 0.6431}
{"arm": "nemotron-3b-diffusion", "case_id": "live_simple_237-125-0", "stop_reason": "eos", "output_tokens": 30, "nfe": 15, "elapsed_seconds": 0.6824}
{"arm": "nemotron-3b-diffusion", "case_id": "live_simple_238-125-1", "stop_reason": "eos", "output_tokens": 31, "nfe": 13, "elapsed_seconds": 0.6013}
{"arm": "nemotron-3b-diffusion", "case_id": "live_simple_239-125-2", "stop_reason": "eos", "output_tokens": 29, "nfe": 16, "elapsed_seconds": 0.7192}
{"arm": "nemotron-3b-diffusion", "case_id": "live_simple_240-125-3", "stop_reason": "eos", "output_tokens": 22, "nfe": 22, "elapsed_seconds": 0.9518}
{"arm": "nemotron-3b-diffusion", "case_id": "live_simple_241-125-4", "stop_reason": "eos", "output_tokens": 16, "nfe": 20, "elapsed_seconds": 0.8965}
{"arm": "nemotron-3b-diffusion", "case_id": "live_simple_242-126-0", "stop_reason": "eos", "output_tokens": 10, "nfe": 5, "elapsed_seconds": 0.2616}
{"arm": "nemotron-3b-diffusion", "case_id": "live_simple_243-126-1", "stop_reason": "eos", "output_tokens": 10, "nfe": 5, "elapsed_seconds": 0.2633}
{"arm": "nemotron-3b-diffusion", "case_id": "live_simple_244-126-2", "stop_reason": "eos", "output_tokens": 10, "nfe": 5, "elapsed_seconds": 0.2627}
{"arm": "nemotron-3b-diffusion", "case_id": "live_simple_245-127-0", "stop_reason": "eos", "output_tokens": 38, "nfe": 10, "elapsed_seconds": 0.5046}
{"arm": "nemotron-3b-diffusion", "case_id": "live_simple_246-128-0", "stop_reason": "eos", "output_tokens": 31, "nfe": 15, "elapsed_seconds": 0.6813}
{"arm": "nemotron-3b-diffusion", "case_id": "live_simple_247-129-0", "stop_reason": "eos", "output_tokens": 10, "nfe": 6, "elapsed_seconds": 0.2986}
{"arm": "nemotron-3b-diffusion", "case_id": "live_simple_248-130-0", "stop_reason": "eos", "output_tokens": 27, "nfe": 13, "elapsed_seconds": 0.6047}
{"arm": "nemotron-3b-diffusion", "case_id": "live_simple_249-131-0", "stop_reason": "eos", "output_tokens": 19, "nfe": 9, "elapsed_seconds": 0.4171}
{"arm": "nemotron-3b-diffusion", "case_id": "live_simple_250-132-0", "stop_reason": "eos", "output_tokens": 33, "nfe": 12, "elapsed_seconds": 0.5824}
{"arm": "nemotron-3b-diffusion", "case_id": "live_simple_251-133-0", "stop_reason": "eos", "output_tokens": 31, "nfe": 9, "elapsed_seconds": 0.4489}
{"arm": "nemotron-3b-diffusion", "case_id": "live_simple_252-134-0", "stop_reason": "eos", "output_tokens": 28, "nfe": 8, "elapsed_seconds": 0.4096}
{"arm": "nemotron-3b-diffusion", "case_id": "live_simple_253-135-0", "stop_reason": "eos", "output_tokens": 32, "nfe": 14, "elapsed_seconds": 0.6421}
{"arm": "nemotron-3b-diffusion", "case_id": "live_simple_254-136-0", "stop_reason": "eos", "output_tokens": 19, "nfe": 7, "elapsed_seconds": 0.3667}
{"arm": "nemotron-3b-diffusion", "case_id": "live_simple_255-136-1", "stop_reason": "eos", "output_tokens": 23, "nfe": 7, "elapsed_seconds": 0.3637}
{"arm": "nemotron-3b-diffusion", "case_id": "live_simple_256-137-0", "stop_reason": "eos", "output_tokens": 30, "nfe": 15, "elapsed_seconds": 0.6869}
{"arm": "nemotron-3b-diffusion", "case_id": "live_simple_257-137-1", "stop_reason": "eos", "output_tokens": 19, "nfe": 20, "elapsed_seconds": 0.8947}
{"arm": "nemotron-3b-diffusion", "case_id": "live_multiple_1-0-1", "stop_reason": "eos", "output_tokens": 36, "nfe": 13, "elapsed_seconds": 0.6878}
{"arm": "nemotron-3b-diffusion", "case_id": "live_multiple_2-1-0", "stop_reason": "eos", "output_tokens": 30, "nfe": 10, "elapsed_seconds": 0.5652}
{"arm": "nemotron-3b-diffusion", "case_id": "live_multiple_3-2-0", "stop_reason": "eos", "output_tokens": 14, "nfe": 10, "elapsed_seconds": 0.5184}
{"arm": "nemotron-3b-diffusion", "case_id": "live_multiple_17-4-9", "stop_reason": "eos", "output_tokens": 33, "nfe": 15, "elapsed_seconds": 0.9387}
{"arm": "nemotron-3b-diffusion", "case_id": "live_multiple_19-4-11", "stop_reason": "eos", "output_tokens": 46, "nfe": 14, "elapsed_seconds": 0.9163}
{"arm": "nemotron-3b-diffusion", "case_id": "live_multiple_23-5-0", "stop_reason": "eos", "output_tokens": 19, "nfe": 13, "elapsed_seconds": 0.6871}
{"arm": "nemotron-3b-diffusion", "case_id": "live_multiple_33-10-3", "stop_reason": "eos", "output_tokens": 2, "nfe": 22, "elapsed_seconds": 1.1172}
{"arm": "nemotron-3b-diffusion", "case_id": "live_multiple_39-14-1", "stop_reason": "eos", "output_tokens": 20, "nfe": 8, "elapsed_seconds": 0.4449}
{"arm": "nemotron-3b-diffusion", "case_id": "live_multiple_40-15-0", "stop_reason": "eos", "output_tokens": 17, "nfe": 8, "elapsed_seconds": 0.4403}
{"arm": "nemotron-3b-diffusion", "case_id": "live_multiple_51-21-0", "stop_reason": "eos", "output_tokens": 19, "nfe": 10, "elapsed_seconds": 0.5831}
{"arm": "nemotron-3b-diffusion", "case_id": "live_multiple_59-22-6", "stop_reason": "eos", "output_tokens": 36, "nfe": 21, "elapsed_seconds": 1.0472}
{"arm": "nemotron-3b-diffusion", "case_id": "live_multiple_65-26-1", "stop_reason": "eos", "output_tokens": 18, "nfe": 7, "elapsed_seconds": 0.4461}
{"arm": "nemotron-3b-diffusion", "case_id": "live_multiple_94-41-1", "stop_reason": "eos", "output_tokens": 10, "nfe": 6, "elapsed_seconds": 0.5114}
{"arm": "nemotron-3b-diffusion", "case_id": "live_multiple_96-42-0", "stop_reason": "eos", "output_tokens": 9, "nfe": 19, "elapsed_seconds": 1.2039}
{"arm": "nemotron-3b-diffusion", "case_id": "live_multiple_118-45-3", "stop_reason": "eos", "output_tokens": 10, "nfe": 6, "elapsed_seconds": 0.4318}
{"arm": "nemotron-3b-diffusion", "case_id": "live_multiple_129-50-1", "stop_reason": "eos", "output_tokens": 21, "nfe": 10, "elapsed_seconds": 0.6818}
{"arm": "nemotron-3b-diffusion", "case_id": "live_multiple_185-80-0", "stop_reason": "eos", "output_tokens": 16, "nfe": 12, "elapsed_seconds": 0.8939}
{"arm": "nemotron-3b-diffusion", "case_id": "live_multiple_186-81-0", "stop_reason": "eos", "output_tokens": 22, "nfe": 16, "elapsed_seconds": 0.7549}
{"arm": "nemotron-3b-diffusion", "case_id": "live_multiple_193-87-0", "stop_reason": "eos", "output_tokens": 16, "nfe": 4, "elapsed_seconds": 0.2788}
{"arm": "nemotron-3b-diffusion", "case_id": "live_multiple_198-90-0", "stop_reason": "eos", "output_tokens": 15, "nfe": 7, "elapsed_seconds": 0.5107}
{"arm": "nemotron-3b-diffusion", "case_id": "live_multiple_200-90-2", "stop_reason": "eos", "output_tokens": 22, "nfe": 12, "elapsed_seconds": 0.7143}
{"arm": "nemotron-3b-diffusion", "case_id": "live_multiple_204-90-6", "stop_reason": "eos", "output_tokens": 11, "nfe": 11, "elapsed_seconds": 0.6775}
{"arm": "nemotron-3b-diffusion", "case_id": "live_multiple_206-91-0", "stop_reason": "eos", "output_tokens": 9, "nfe": 8, "elapsed_seconds": 0.5938}
{"arm": "nemotron-3b-diffusion", "case_id": "live_multiple_216-92-0", "stop_reason": "eos", "output_tokens": 34, "nfe": 19, "elapsed_seconds": 0.887}
{"arm": "nemotron-3b-diffusion", "case_id": "live_multiple_239-107-0", "stop_reason": "eos", "output_tokens": 2, "nfe": 27, "elapsed_seconds": 1.4075}
{"arm": "nemotron-3b-diffusion", "case_id": "live_multiple_244-108-0", "stop_reason": "eos", "output_tokens": 10, "nfe": 10, "elapsed_seconds": 0.5794}
{"arm": "nemotron-3b-diffusion", "case_id": "live_multiple_263-126-0", "stop_reason": "eos", "output_tokens": 44, "nfe": 18, "elapsed_seconds": 0.8344}
{"arm": "nemotron-3b-diffusion", "case_id": "live_multiple_274-127-9", "stop_reason": "eos", "output_tokens": 26, "nfe": 13, "elapsed_seconds": 0.9035}
{"arm": "nemotron-3b-diffusion", "case_id": "live_multiple_290-129-5", "stop_reason": "eos", "output_tokens": 24, "nfe": 14, "elapsed_seconds": 0.7305}
{"arm": "nemotron-3b-diffusion", "case_id": "live_multiple_323-132-13", "stop_reason": "eos", "output_tokens": 22, "nfe": 13, "elapsed_seconds": 0.7633}
{"arm": "nemotron-3b-diffusion", "case_id": "live_multiple_325-132-15", "stop_reason": "eos", "output_tokens": 29, "nfe": 8, "elapsed_seconds": 0.5605}
{"arm": "nemotron-3b-diffusion", "case_id": "live_multiple_326-132-16", "stop_reason": "eos", "output_tokens": 27, "nfe": 12, "elapsed_seconds": 0.7263}
{"arm": "nemotron-3b-diffusion", "case_id": "live_multiple_342-133-6", "stop_reason": "eos", "output_tokens": 31, "nfe": 14, "elapsed_seconds": 0.7905}
{"arm": "nemotron-3b-diffusion", "case_id": "live_multiple_346-133-10", "stop_reason": "eos", "output_tokens": 26, "nfe": 10, "elapsed_seconds": 0.6341}
{"arm": "nemotron-3b-diffusion", "case_id": "live_multiple_354-133-18", "stop_reason": "eos", "output_tokens": 34, "nfe": 17, "elapsed_seconds": 0.924}
{"arm": "nemotron-3b-diffusion", "case_id": "live_multiple_363-134-8", "stop_reason": "eos", "output_tokens": 30, "nfe": 12, "elapsed_seconds": 0.7132}
{"arm": "nemotron-3b-diffusion", "case_id": "live_multiple_367-134-12", "stop_reason": "eos", "output_tokens": 25, "nfe": 16, "elapsed_seconds": 0.8728}
{"arm": "nemotron-3b-diffusion", "case_id": "live_multiple_379-136-0", "stop_reason": "eos", "output_tokens": 19, "nfe": 9, "elapsed_seconds": 0.755}
{"arm": "nemotron-3b-diffusion", "case_id": "live_multiple_385-137-3", "stop_reason": "eos", "output_tokens": 20, "nfe": 9, "elapsed_seconds": 0.5869}
{"arm": "nemotron-3b-diffusion", "case_id": "live_multiple_400-139-4", "stop_reason": "eos", "output_tokens": 33, "nfe": 10, "elapsed_seconds": 0.5905}
{"arm": "nemotron-3b-diffusion", "case_id": "live_multiple_412-141-1", "stop_reason": "eos", "output_tokens": 59, "nfe": 11, "elapsed_seconds": 0.6717}
{"arm": "nemotron-3b-diffusion", "case_id": "live_multiple_416-141-5", "stop_reason": "eos", "output_tokens": 36, "nfe": 23, "elapsed_seconds": 1.188}
{"arm": "nemotron-3b-diffusion", "case_id": "live_multiple_425-141-14", "stop_reason": "eos", "output_tokens": 44, "nfe": 28, "elapsed_seconds": 1.3926}
{"arm": "nemotron-3b-diffusion", "case_id": "live_multiple_426-141-15", "stop_reason": "eos", "output_tokens": 21, "nfe": 22, "elapsed_seconds": 1.1298}
{"arm": "nemotron-3b-diffusion", "case_id": "live_multiple_434-142-0", "stop_reason": "eos", "output_tokens": 62, "nfe": 12, "elapsed_seconds": 1.0119}
{"arm": "nemotron-3b-diffusion", "case_id": "live_multiple_438-142-4", "stop_reason": "eos", "output_tokens": 63, "nfe": 16, "elapsed_seconds": 1.18}
{"arm": "nemotron-3b-diffusion", "case_id": "live_multiple_450-145-1", "stop_reason": "eos", "output_tokens": 36, "nfe": 20, "elapsed_seconds": 1.2575}
{"arm": "nemotron-3b-diffusion", "case_id": "live_multiple_457-145-8", "stop_reason": "eos", "output_tokens": 36, "nfe": 17, "elapsed_seconds": 1.1219}
{"arm": "nemotron-3b-diffusion", "case_id": "live_multiple_463-145-14", "stop_reason": "eos", "output_tokens": 34, "nfe": 18, "elapsed_seconds": 1.172}
{"arm": "nemotron-3b-diffusion", "case_id": "live_multiple_477-146-2", "stop_reason": "eos", "output_tokens": 33, "nfe": 13, "elapsed_seconds": 0.6918}
{"arm": "nemotron-3b-diffusion", "case_id": "live_multiple_486-147-1", "stop_reason": "eos", "output_tokens": 72, "nfe": 23, "elapsed_seconds": 1.4498}
{"arm": "nemotron-3b-diffusion", "case_id": "live_multiple_493-148-3", "stop_reason": "eos", "output_tokens": 34, "nfe": 11, "elapsed_seconds": 0.6863}
{"arm": "nemotron-3b-diffusion", "case_id": "live_multiple_497-148-7", "stop_reason": "eos", "output_tokens": 37, "nfe": 14, "elapsed_seconds": 0.7917}
{"arm": "nemotron-3b-diffusion", "case_id": "live_multiple_515-150-3", "stop_reason": "eos", "output_tokens": 37, "nfe": 20, "elapsed_seconds": 1.1729}
{"arm": "nemotron-3b-diffusion", "case_id": "live_multiple_522-150-10", "stop_reason": "eos", "output_tokens": 34, "nfe": 18, "elapsed_seconds": 1.1095}
{"arm": "nemotron-3b-diffusion", "case_id": "live_multiple_529-151-5", "stop_reason": "eos", "output_tokens": 34, "nfe": 9, "elapsed_seconds": 0.4906}
{"arm": "nemotron-3b-diffusion", "case_id": "live_multiple_532-151-8", "stop_reason": "eos", "output_tokens": 26, "nfe": 14, "elapsed_seconds": 0.6857}
{"arm": "nemotron-3b-diffusion", "case_id": "live_multiple_541-152-3", "stop_reason": "eos", "output_tokens": 54, "nfe": 15, "elapsed_seconds": 0.8315}
{"arm": "nemotron-3b-diffusion", "case_id": "live_multiple_553-153-2", "stop_reason": "eos", "output_tokens": 24, "nfe": 9, "elapsed_seconds": 0.5377}
{"arm": "nemotron-3b-diffusion", "case_id": "live_multiple_569-155-9", "stop_reason": "eos", "output_tokens": 34, "nfe": 11, "elapsed_seconds": 0.8231}
{"arm": "nemotron-3b-diffusion", "case_id": "live_multiple_573-155-13", "stop_reason": "eos", "output_tokens": 34, "nfe": 9, "elapsed_seconds": 0.7413}
{"arm": "nemotron-3b-diffusion", "case_id": "live_multiple_590-157-11", "stop_reason": "eos", "output_tokens": 26, "nfe": 13, "elapsed_seconds": 0.6795}
{"arm": "nemotron-3b-diffusion", "case_id": "live_multiple_606-158-12", "stop_reason": "eos", "output_tokens": 33, "nfe": 13, "elapsed_seconds": 0.6875}
{"arm": "nemotron-3b-diffusion", "case_id": "live_multiple_624-160-4", "stop_reason": "eos", "output_tokens": 32, "nfe": 12, "elapsed_seconds": 0.6019}
{"arm": "nemotron-3b-diffusion", "case_id": "live_multiple_633-161-1", "stop_reason": "eos", "output_tokens": 32, "nfe": 10, "elapsed_seconds": 0.6934}
{"arm": "nemotron-3b-diffusion", "case_id": "live_multiple_663-162-5", "stop_reason": "eos", "output_tokens": 33, "nfe": 10, "elapsed_seconds": 0.9744}
{"arm": "nemotron-3b-diffusion", "case_id": "live_multiple_687-164-3", "stop_reason": "eos", "output_tokens": 25, "nfe": 16, "elapsed_seconds": 0.8264}
{"arm": "nemotron-3b-diffusion", "case_id": "live_multiple_696-164-12", "stop_reason": "eos", "output_tokens": 24, "nfe": 12, "elapsed_seconds": 0.6645}
{"arm": "nemotron-3b-diffusion", "case_id": "live_multiple_712-164-28", "stop_reason": "eos", "output_tokens": 31, "nfe": 22, "elapsed_seconds": 1.0657}
{"arm": "nemotron-3b-diffusion", "case_id": "live_multiple_718-165-5", "stop_reason": "eos", "output_tokens": 86, "nfe": 22, "elapsed_seconds": 1.138}
{"arm": "nemotron-3b-diffusion", "case_id": "live_multiple_720-165-7", "stop_reason": "eos", "output_tokens": 88, "nfe": 22, "elapsed_seconds": 1.1472}
{"arm": "nemotron-3b-diffusion", "case_id": "live_multiple_728-166-3", "stop_reason": "eos", "output_tokens": 43, "nfe": 19, "elapsed_seconds": 0.9208}
{"arm": "nemotron-3b-diffusion", "case_id": "live_multiple_740-168-2", "stop_reason": "eos", "output_tokens": 35, "nfe": 15, "elapsed_seconds": 0.9332}
{"arm": "nemotron-3b-diffusion", "case_id": "live_multiple_757-169-12", "stop_reason": "eos", "output_tokens": 22, "nfe": 9, "elapsed_seconds": 0.6828}
{"arm": "nemotron-3b-diffusion", "case_id": "live_multiple_760-169-15", "stop_reason": "eos", "output_tokens": 22, "nfe": 9, "elapsed_seconds": 0.6786}
{"arm": "nemotron-3b-diffusion", "case_id": "live_multiple_761-169-16", "stop_reason": "eos", "output_tokens": 21, "nfe": 12, "elapsed_seconds": 0.803}
{"arm": "nemotron-3b-diffusion", "case_id": "live_multiple_780-173-2", "stop_reason": "eos", "output_tokens": 23, "nfe": 9, "elapsed_seconds": 0.5149}
{"arm": "nemotron-3b-diffusion", "case_id": "live_multiple_796-175-2", "stop_reason": "eos", "output_tokens": 14, "nfe": 16, "elapsed_seconds": 0.98}
{"arm": "nemotron-3b-diffusion", "case_id": "live_multiple_815-176-6", "stop_reason": "eos", "output_tokens": 29, "nfe": 8, "elapsed_seconds": 0.4372}
{"arm": "nemotron-3b-diffusion", "case_id": "live_multiple_819-177-2", "stop_reason": "eos", "output_tokens": 76, "nfe": 19, "elapsed_seconds": 1.0576}
{"arm": "nemotron-3b-diffusion", "case_id": "live_multiple_823-177-6", "stop_reason": "eos", "output_tokens": 45, "nfe": 10, "elapsed_seconds": 0.6567}
{"arm": "nemotron-3b-diffusion", "case_id": "live_multiple_857-180-5", "stop_reason": "eos", "output_tokens": 51, "nfe": 13, "elapsed_seconds": 0.8118}
{"arm": "nemotron-3b-diffusion", "case_id": "live_multiple_864-182-1", "stop_reason": "eos", "output_tokens": 21, "nfe": 9, "elapsed_seconds": 0.739}
{"arm": "nemotron-3b-diffusion", "case_id": "live_multiple_870-182-7", "stop_reason": "eos", "output_tokens": 61, "nfe": 28, "elapsed_seconds": 1.5623}
{"arm": "nemotron-3b-diffusion", "case_id": "live_multiple_879-183-4", "stop_reason": "eos", "output_tokens": 35, "nfe": 13, "elapsed_seconds": 0.9279}
{"arm": "nemotron-3b-diffusion", "case_id": "live_multiple_883-184-0", "stop_reason": "eos", "output_tokens": 40, "nfe": 15, "elapsed_seconds": 0.9925}
{"arm": "nemotron-3b-diffusion", "case_id": "live_multiple_884-184-1", "stop_reason": "eos", "output_tokens": 45, "nfe": 28, "elapsed_seconds": 1.5411}
{"arm": "nemotron-3b-diffusion", "case_id": "live_multiple_891-185-1", "stop_reason": "eos", "output_tokens": 28, "nfe": 15, "elapsed_seconds": 0.8997}
{"arm": "nemotron-3b-diffusion", "case_id": "live_multiple_910-189-0", "stop_reason": "eos", "output_tokens": 10, "nfe": 7, "elapsed_seconds": 0.4477}
{"arm": "nemotron-3b-diffusion", "case_id": "live_multiple_932-191-20", "stop_reason": "eos", "output_tokens": 16, "nfe": 5, "elapsed_seconds": 0.4865}
{"arm": "nemotron-3b-diffusion", "case_id": "live_multiple_947-197-0", "stop_reason": "eos", "output_tokens": 18, "nfe": 10, "elapsed_seconds": 0.6166}
{"arm": "nemotron-3b-diffusion", "case_id": "live_multiple_949-199-0", "stop_reason": "eos", "output_tokens": 19, "nfe": 18, "elapsed_seconds": 0.8486}
{"arm": "nemotron-3b-diffusion", "case_id": "live_multiple_978-215-2", "stop_reason": "eos", "output_tokens": 52, "nfe": 16, "elapsed_seconds": 0.9686}
{"arm": "nemotron-3b-diffusion", "case_id": "live_multiple_984-215-8", "stop_reason": "eos", "output_tokens": 16, "nfe": 4, "elapsed_seconds": 0.4512}
{"arm": "nemotron-3b-diffusion", "case_id": "live_multiple_985-216-0", "stop_reason": "eos", "output_tokens": 19, "nfe": 11, "elapsed_seconds": 1.9068}
{"arm": "nemotron-3b-diffusion", "case_id": "live_multiple_1012-241-0", "stop_reason": "eos", "output_tokens": 29, "nfe": 11, "elapsed_seconds": 0.6056}
{"arm": "nemotron-3b-diffusion", "case_id": "live_multiple_1033-261-0", "stop_reason": "eos", "output_tokens": 24, "nfe": 11, "elapsed_seconds": 0.5967}
{"arm": "nemotron-3b-diffusion", "case_id": "live_multiple_1037-264-0", "stop_reason": "eos", "output_tokens": 42, "nfe": 14, "elapsed_seconds": 0.9034}
{"arm": "nemotron-3b-diffusion", "case_id": "live_multiple_1047-274-0", "stop_reason": "eos", "output_tokens": 58, "nfe": 13, "elapsed_seconds": 0.6741}
{"arm": "nemotron-3b-diffusion", "case_id": "live_multiple_1052-279-0", "stop_reason": "eos", "output_tokens": 28, "nfe": 15, "elapsed_seconds": 0.7143}
{"arm": "nemotron-3b-diffusion", "case_id": "live_parallel_0-0-0", "stop_reason": "eos", "output_tokens": 36, "nfe": 18, "elapsed_seconds": 0.8056}
{"arm": "nemotron-3b-diffusion", "case_id": "live_parallel_1-0-1", "stop_reason": "eos", "output_tokens": 35, "nfe": 13, "elapsed_seconds": 0.6041}
{"arm": "nemotron-3b-diffusion", "case_id": "live_parallel_2-0-2", "stop_reason": "eos", "output_tokens": 34, "nfe": 9, "elapsed_seconds": 0.4498}
{"arm": "nemotron-3b-diffusion", "case_id": "live_parallel_3-0-3", "stop_reason": "eos", "output_tokens": 38, "nfe": 13, "elapsed_seconds": 0.6151}
{"arm": "nemotron-3b-diffusion", "case_id": "live_parallel_4-1-0", "stop_reason": "eos", "output_tokens": 30, "nfe": 15, "elapsed_seconds": 0.6821}
{"arm": "nemotron-3b-diffusion", "case_id": "live_parallel_5-2-0", "stop_reason": "eos", "output_tokens": 35, "nfe": 15, "elapsed_seconds": 0.6865}
{"arm": "nemotron-3b-diffusion", "case_id": "live_parallel_6-3-0", "stop_reason": "eos", "output_tokens": 39, "nfe": 16, "elapsed_seconds": 0.7619}
{"arm": "nemotron-3b-diffusion", "case_id": "live_parallel_7-3-1", "stop_reason": "eos", "output_tokens": 34, "nfe": 10, "elapsed_seconds": 0.5241}
{"arm": "nemotron-3b-diffusion", "case_id": "live_parallel_8-4-0", "stop_reason": "eos", "output_tokens": 26, "nfe": 14, "elapsed_seconds": 0.6448}
{"arm": "nemotron-3b-diffusion", "case_id": "live_parallel_9-5-0", "stop_reason": "eos", "output_tokens": 29, "nfe": 12, "elapsed_seconds": 0.5981}
{"arm": "nemotron-3b-diffusion", "case_id": "live_parallel_10-6-0", "stop_reason": "eos", "output_tokens": 115, "nfe": 20, "elapsed_seconds": 0.9179}
{"arm": "nemotron-3b-diffusion", "case_id": "live_parallel_11-7-0", "stop_reason": "eos", "output_tokens": 208, "nfe": 48, "elapsed_seconds": 2.0407}
{"arm": "nemotron-3b-diffusion", "case_id": "live_parallel_12-8-0", "stop_reason": "eos", "output_tokens": 165, "nfe": 30, "elapsed_seconds": 1.3289}
{"arm": "nemotron-3b-diffusion", "case_id": "live_parallel_13-9-0", "stop_reason": "eos", "output_tokens": 35, "nfe": 13, "elapsed_seconds": 0.6031}
{"arm": "nemotron-3b-diffusion", "case_id": "live_parallel_14-10-0", "stop_reason": "eos", "output_tokens": 36, "nfe": 16, "elapsed_seconds": 0.7209}
{"arm": "nemotron-3b-diffusion", "case_id": "live_parallel_15-11-0", "stop_reason": "eos", "output_tokens": 33, "nfe": 21, "elapsed_seconds": 0.9141}
{"arm": "nemotron-3b-diffusion", "case_id": "live_parallel_multiple_0-0-0", "stop_reason": "eos", "output_tokens": 75, "nfe": 25, "elapsed_seconds": 1.1761}
{"arm": "nemotron-3b-diffusion", "case_id": "live_parallel_multiple_1-1-0", "stop_reason": "eos", "output_tokens": 34, "nfe": 15, "elapsed_seconds": 0.7807}
{"arm": "nemotron-3b-diffusion", "case_id": "live_parallel_multiple_2-2-0", "stop_reason": "eos", "output_tokens": 37, "nfe": 19, "elapsed_seconds": 1.1095}
{"arm": "nemotron-3b-diffusion", "case_id": "live_parallel_multiple_3-2-1", "stop_reason": "eos", "output_tokens": 97, "nfe": 30, "elapsed_seconds": 1.6182}
{"arm": "nemotron-3b-diffusion", "case_id": "live_parallel_multiple_4-3-0", "stop_reason": "eos", "output_tokens": 46, "nfe": 19, "elapsed_seconds": 0.8839}
{"arm": "nemotron-3b-diffusion", "case_id": "live_parallel_multiple_5-4-0", "stop_reason": "eos", "output_tokens": 35, "nfe": 18, "elapsed_seconds": 0.8305}
{"arm": "nemotron-3b-diffusion", "case_id": "live_parallel_multiple_6-5-0", "stop_reason": "eos", "output_tokens": 42, "nfe": 15, "elapsed_seconds": 0.7163}
{"arm": "nemotron-3b-diffusion", "case_id": "live_parallel_multiple_7-6-0", "stop_reason": "eos", "output_tokens": 33, "nfe": 10, "elapsed_seconds": 0.5406}
{"arm": "nemotron-3b-diffusion", "case_id": "live_parallel_multiple_8-7-0", "stop_reason": "eos", "output_tokens": 75, "nfe": 24, "elapsed_seconds": 1.2305}
{"arm": "nemotron-3b-diffusion", "case_id": "live_parallel_multiple_9-8-0", "stop_reason": "eos", "output_tokens": 97, "nfe": 38, "elapsed_seconds": 1.8864}
{"arm": "nemotron-3b-diffusion", "case_id": "live_parallel_multiple_10-9-0", "stop_reason": "eos", "output_tokens": 41, "nfe": 33, "elapsed_seconds": 1.815}
{"arm": "nemotron-3b-diffusion", "case_id": "live_parallel_multiple_11-10-0", "stop_reason": "eos", "output_tokens": 67, "nfe": 27, "elapsed_seconds": 1.3292}
{"arm": "nemotron-3b-diffusion", "case_id": "live_parallel_multiple_12-10-1", "stop_reason": "eos", "output_tokens": 36, "nfe": 18, "elapsed_seconds": 0.9217}
{"arm": "nemotron-3b-diffusion", "case_id": "live_parallel_multiple_13-11-0", "stop_reason": "eos", "output_tokens": 46, "nfe": 14, "elapsed_seconds": 0.6863}
{"arm": "nemotron-3b-diffusion", "case_id": "live_parallel_multiple_14-12-0", "stop_reason": "eos", "output_tokens": 38, "nfe": 18, "elapsed_seconds": 0.8322}
{"arm": "nemotron-3b-diffusion", "case_id": "live_parallel_multiple_15-13-0", "stop_reason": "eos", "output_tokens": 37, "nfe": 26, "elapsed_seconds": 1.157}
{"arm": "nemotron-3b-diffusion", "case_id": "live_parallel_multiple_16-14-0", "stop_reason": "eos", "output_tokens": 23, "nfe": 17, "elapsed_seconds": 0.7933}
{"arm": "nemotron-3b-diffusion", "case_id": "live_parallel_multiple_17-15-0", "stop_reason": "eos", "output_tokens": 33, "nfe": 16, "elapsed_seconds": 0.9351}
{"arm": "nemotron-3b-diffusion", "case_id": "live_parallel_multiple_18-16-0", "stop_reason": "eos", "output_tokens": 35, "nfe": 14, "elapsed_seconds": 0.961}
{"arm": "nemotron-3b-diffusion", "case_id": "live_parallel_multiple_19-16-1", "stop_reason": "eos", "output_tokens": 38, "nfe": 16, "elapsed_seconds": 1.0441}
{"arm": "nemotron-3b-diffusion", "case_id": "live_parallel_multiple_20-17-0", "stop_reason": "eos", "output_tokens": 89, "nfe": 20, "elapsed_seconds": 1.4644}
{"arm": "nemotron-3b-diffusion", "case_id": "live_parallel_multiple_21-18-0", "stop_reason": "eos", "output_tokens": 57, "nfe": 15, "elapsed_seconds": 0.7686}
{"arm": "nemotron-3b-diffusion", "case_id": "live_parallel_multiple_22-19-0", "stop_reason": "eos", "output_tokens": 35, "nfe": 15, "elapsed_seconds": 0.8991}
{"arm": "nemotron-3b-diffusion", "case_id": "live_parallel_multiple_23-20-0", "stop_reason": "eos", "output_tokens": 31, "nfe": 15, "elapsed_seconds": 0.7133}
