Warning: You are sending unauthenticated requests to the HF Hub. Please set a HF_TOKEN to enable higher rate limits and faster downloads.
/usr/local/lib/python3.13/dist-packages/transformers/modeling_rope_utils.py:1080: FutureWarning: `rope_config_validation` is deprecated and has been removed. Its functionality has been moved to RotaryEmbeddingConfigMixin.validate_rope method. PreTrainedConfig inherits this class, so please call self.validate_rope() instead. Also, make sure to use the new rope_parameters syntax. You can call self.standardize_rope_params() in the meantime.
  warnings.warn(
[transformers] Unrecognized keys in `rope_parameters` for 'rope_type'='yarn': {'llama_4_scaling_beta'}
[transformers] Unrecognized keys in `rope_parameters` for 'rope_type'='yarn': {'llama_4_scaling_beta'}
[transformers] Model config: mask_token_id must be `None` or an integer within the vocabulary (between 0 and 131071), got -1. This may result in unexpected behavior.
[transformers] Unrecognized keys in `rope_parameters` for 'rope_type'='yarn': {'llama_4_scaling_beta'}
[transformers] Unrecognized keys in `rope_parameters` for 'rope_type'='yarn': {'llama_4_scaling_beta'}
[transformers] The `check_model_inputs` decorator is deprecated in favor of `merge_with_config_defaults`.
[ERROR] `cache_position` is part of Ministral3Model.forward's signature, but not documented. Make sure to add it to the docstring of the function in /root/.cache/huggingface/modules/transformers_modules/nvidia/Nemotron_hyphen_Labs_hyphen_Diffusion_hyphen_3B/0d51902da1f8869f83413ce642fab402fa5641e0/modeling_ministral.py.
Loading weights:   0%|          | 0/237 [00:00<?, ?it/s]Loading weights: 100%|██████████| 237/237 [00:00<00:00, 4072.62it/s]
{"arm": "nemotron-3b-ex-ar", "case_id": "live_simple_0-0-0", "stop_reason": "eos", "output_tokens": 18, "nfe": 19, "elapsed_seconds": 0.732}
{"arm": "nemotron-3b-ex-ar", "case_id": "live_simple_1-1-0", "stop_reason": "eos", "output_tokens": 30, "nfe": 31, "elapsed_seconds": 1.1531}
{"arm": "nemotron-3b-ex-ar", "case_id": "live_simple_2-2-0", "stop_reason": "eos", "output_tokens": 30, "nfe": 31, "elapsed_seconds": 1.1917}
{"arm": "nemotron-3b-ex-ar", "case_id": "live_simple_3-2-1", "stop_reason": "eos", "output_tokens": 30, "nfe": 31, "elapsed_seconds": 1.1564}
{"arm": "nemotron-3b-ex-ar", "case_id": "live_simple_4-3-0", "stop_reason": "eos", "output_tokens": 19, "nfe": 20, "elapsed_seconds": 0.7613}
{"arm": "nemotron-3b-ex-ar", "case_id": "live_simple_5-3-1", "stop_reason": "eos", "output_tokens": 21, "nfe": 22, "elapsed_seconds": 0.8092}
{"arm": "nemotron-3b-ex-ar", "case_id": "live_simple_6-3-2", "stop_reason": "eos", "output_tokens": 19, "nfe": 20, "elapsed_seconds": 0.762}
{"arm": "nemotron-3b-ex-ar", "case_id": "live_simple_7-3-3", "stop_reason": "eos", "output_tokens": 19, "nfe": 20, "elapsed_seconds": 0.7605}
{"arm": "nemotron-3b-ex-ar", "case_id": "live_simple_8-3-4", "stop_reason": "eos", "output_tokens": 18, "nfe": 19, "elapsed_seconds": 0.7319}
{"arm": "nemotron-3b-ex-ar", "case_id": "live_simple_9-3-5", "stop_reason": "eos", "output_tokens": 19, "nfe": 20, "elapsed_seconds": 0.7797}
{"arm": "nemotron-3b-ex-ar", "case_id": "live_simple_10-3-6", "stop_reason": "eos", "output_tokens": 26, "nfe": 27, "elapsed_seconds": 1.0122}
{"arm": "nemotron-3b-ex-ar", "case_id": "live_simple_11-3-7", "stop_reason": "eos", "output_tokens": 19, "nfe": 20, "elapsed_seconds": 0.7629}
{"arm": "nemotron-3b-ex-ar", "case_id": "live_simple_12-3-8", "stop_reason": "eos", "output_tokens": 19, "nfe": 20, "elapsed_seconds": 0.7676}
{"arm": "nemotron-3b-ex-ar", "case_id": "live_simple_13-3-9", "stop_reason": "eos", "output_tokens": 18, "nfe": 19, "elapsed_seconds": 0.7479}
{"arm": "nemotron-3b-ex-ar", "case_id": "live_simple_14-3-10", "stop_reason": "eos", "output_tokens": 19, "nfe": 20, "elapsed_seconds": 0.7585}
{"arm": "nemotron-3b-ex-ar", "case_id": "live_simple_15-3-11", "stop_reason": "eos", "output_tokens": 20, "nfe": 21, "elapsed_seconds": 0.8018}
{"arm": "nemotron-3b-ex-ar", "case_id": "live_simple_16-3-12", "stop_reason": "eos", "output_tokens": 19, "nfe": 20, "elapsed_seconds": 0.7561}
{"arm": "nemotron-3b-ex-ar", "case_id": "live_simple_17-3-13", "stop_reason": "eos", "output_tokens": 18, "nfe": 19, "elapsed_seconds": 0.7269}
{"arm": "nemotron-3b-ex-ar", "case_id": "live_simple_18-3-14", "stop_reason": "eos", "output_tokens": 20, "nfe": 21, "elapsed_seconds": 0.8078}
{"arm": "nemotron-3b-ex-ar", "case_id": "live_simple_19-3-15", "stop_reason": "eos", "output_tokens": 22, "nfe": 23, "elapsed_seconds": 0.8849}
{"arm": "nemotron-3b-ex-ar", "case_id": "live_simple_20-4-0", "stop_reason": "eos", "output_tokens": 21, "nfe": 22, "elapsed_seconds": 0.8134}
{"arm": "nemotron-3b-ex-ar", "case_id": "live_simple_21-4-1", "stop_reason": "eos", "output_tokens": 21, "nfe": 22, "elapsed_seconds": 0.8223}
{"arm": "nemotron-3b-ex-ar", "case_id": "live_simple_22-5-0", "stop_reason": "eos", "output_tokens": 14, "nfe": 15, "elapsed_seconds": 0.5676}
{"arm": "nemotron-3b-ex-ar", "case_id": "live_simple_23-5-1", "stop_reason": "eos", "output_tokens": 24, "nfe": 25, "elapsed_seconds": 0.9457}
{"arm": "nemotron-3b-ex-ar", "case_id": "live_simple_24-5-2", "stop_reason": "eos", "output_tokens": 14, "nfe": 15, "elapsed_seconds": 0.5745}
{"arm": "nemotron-3b-ex-ar", "case_id": "live_simple_25-5-3", "stop_reason": "eos", "output_tokens": 14, "nfe": 15, "elapsed_seconds": 0.5848}
{"arm": "nemotron-3b-ex-ar", "case_id": "live_simple_26-6-0", "stop_reason": "eos", "output_tokens": 33, "nfe": 34, "elapsed_seconds": 1.2864}
{"arm": "nemotron-3b-ex-ar", "case_id": "live_simple_27-7-0", "stop_reason": "eos", "output_tokens": 32, "nfe": 33, "elapsed_seconds": 1.2357}
{"arm": "nemotron-3b-ex-ar", "case_id": "live_simple_28-7-1", "stop_reason": "eos", "output_tokens": 53, "nfe": 54, "elapsed_seconds": 1.9777}
{"arm": "nemotron-3b-ex-ar", "case_id": "live_simple_29-7-2", "stop_reason": "eos", "output_tokens": 23, "nfe": 24, "elapsed_seconds": 0.9111}
{"arm": "nemotron-3b-ex-ar", "case_id": "live_simple_30-8-0", "stop_reason": "eos", "output_tokens": 37, "nfe": 38, "elapsed_seconds": 1.4544}
{"arm": "nemotron-3b-ex-ar", "case_id": "live_simple_31-8-1", "stop_reason": "eos", "output_tokens": 34, "nfe": 35, "elapsed_seconds": 1.3299}
{"arm": "nemotron-3b-ex-ar", "case_id": "live_simple_32-9-0", "stop_reason": "eos", "output_tokens": 24, "nfe": 25, "elapsed_seconds": 0.9234}
{"arm": "nemotron-3b-ex-ar", "case_id": "live_simple_33-10-0", "stop_reason": "eos", "output_tokens": 24, "nfe": 25, "elapsed_seconds": 0.9245}
{"arm": "nemotron-3b-ex-ar", "case_id": "live_simple_34-11-0", "stop_reason": "eos", "output_tokens": 24, "nfe": 25, "elapsed_seconds": 0.974}
{"arm": "nemotron-3b-ex-ar", "case_id": "live_simple_35-12-0", "stop_reason": "eos", "output_tokens": 44, "nfe": 45, "elapsed_seconds": 1.6502}
{"arm": "nemotron-3b-ex-ar", "case_id": "live_simple_36-13-0", "stop_reason": "eos", "output_tokens": 33, "nfe": 34, "elapsed_seconds": 1.2485}
{"arm": "nemotron-3b-ex-ar", "case_id": "live_simple_37-14-0", "stop_reason": "eos", "output_tokens": 22, "nfe": 23, "elapsed_seconds": 0.8547}
{"arm": "nemotron-3b-ex-ar", "case_id": "live_simple_38-15-0", "stop_reason": "eos", "output_tokens": 34, "nfe": 35, "elapsed_seconds": 1.316}
{"arm": "nemotron-3b-ex-ar", "case_id": "live_simple_39-16-0", "stop_reason": "eos", "output_tokens": 37, "nfe": 38, "elapsed_seconds": 1.4276}
{"arm": "nemotron-3b-ex-ar", "case_id": "live_simple_40-17-0", "stop_reason": "eos", "output_tokens": 36, "nfe": 37, "elapsed_seconds": 1.4211}
{"arm": "nemotron-3b-ex-ar", "case_id": "live_simple_41-17-1", "stop_reason": "eos", "output_tokens": 30, "nfe": 31, "elapsed_seconds": 1.2015}
{"arm": "nemotron-3b-ex-ar", "case_id": "live_simple_42-17-2", "stop_reason": "eos", "output_tokens": 38, "nfe": 39, "elapsed_seconds": 1.4959}
{"arm": "nemotron-3b-ex-ar", "case_id": "live_simple_43-17-3", "stop_reason": "eos", "output_tokens": 27, "nfe": 28, "elapsed_seconds": 1.0941}
{"arm": "nemotron-3b-ex-ar", "case_id": "live_simple_44-18-0", "stop_reason": "eos", "output_tokens": 39, "nfe": 40, "elapsed_seconds": 1.5231}
{"arm": "nemotron-3b-ex-ar", "case_id": "live_simple_45-18-1", "stop_reason": "eos", "output_tokens": 28, "nfe": 29, "elapsed_seconds": 1.1309}
{"arm": "nemotron-3b-ex-ar", "case_id": "live_simple_46-19-0", "stop_reason": "eos", "output_tokens": 54, "nfe": 55, "elapsed_seconds": 2.0356}
{"arm": "nemotron-3b-ex-ar", "case_id": "live_simple_47-20-0", "stop_reason": "eos", "output_tokens": 12, "nfe": 13, "elapsed_seconds": 0.4983}
{"arm": "nemotron-3b-ex-ar", "case_id": "live_simple_48-21-0", "stop_reason": "eos", "output_tokens": 46, "nfe": 47, "elapsed_seconds": 1.7778}
{"arm": "nemotron-3b-ex-ar", "case_id": "live_simple_49-21-1", "stop_reason": "eos", "output_tokens": 35, "nfe": 36, "elapsed_seconds": 1.3822}
{"arm": "nemotron-3b-ex-ar", "case_id": "live_simple_50-22-0", "stop_reason": "eos", "output_tokens": 16, "nfe": 17, "elapsed_seconds": 0.6416}
{"arm": "nemotron-3b-ex-ar", "case_id": "live_simple_51-23-0", "stop_reason": "eos", "output_tokens": 53, "nfe": 54, "elapsed_seconds": 2.0343}
{"arm": "nemotron-3b-ex-ar", "case_id": "live_simple_52-23-1", "stop_reason": "eos", "output_tokens": 53, "nfe": 54, "elapsed_seconds": 2.0323}
{"arm": "nemotron-3b-ex-ar", "case_id": "live_simple_53-24-0", "stop_reason": "eos", "output_tokens": 25, "nfe": 26, "elapsed_seconds": 0.9589}
{"arm": "nemotron-3b-ex-ar", "case_id": "live_simple_54-25-0", "stop_reason": "eos", "output_tokens": 22, "nfe": 23, "elapsed_seconds": 0.8694}
{"arm": "nemotron-3b-ex-ar", "case_id": "live_simple_55-25-1", "stop_reason": "eos", "output_tokens": 18, "nfe": 19, "elapsed_seconds": 0.7088}
{"arm": "nemotron-3b-ex-ar", "case_id": "live_simple_56-26-0", "stop_reason": "eos", "output_tokens": 17, "nfe": 18, "elapsed_seconds": 0.7048}
{"arm": "nemotron-3b-ex-ar", "case_id": "live_simple_57-26-1", "stop_reason": "eos", "output_tokens": 33, "nfe": 34, "elapsed_seconds": 1.2567}
{"arm": "nemotron-3b-ex-ar", "case_id": "live_simple_58-27-0", "stop_reason": "eos", "output_tokens": 37, "nfe": 38, "elapsed_seconds": 1.4643}
{"arm": "nemotron-3b-ex-ar", "case_id": "live_simple_59-28-0", "stop_reason": "eos", "output_tokens": 26, "nfe": 27, "elapsed_seconds": 1.0518}
{"arm": "nemotron-3b-ex-ar", "case_id": "live_simple_60-29-0", "stop_reason": "eos", "output_tokens": 27, "nfe": 28, "elapsed_seconds": 1.0303}
{"arm": "nemotron-3b-ex-ar", "case_id": "live_simple_61-29-1", "stop_reason": "eos", "output_tokens": 28, "nfe": 29, "elapsed_seconds": 1.1006}
{"arm": "nemotron-3b-ex-ar", "case_id": "live_simple_62-29-2", "stop_reason": "eos", "output_tokens": 10, "nfe": 11, "elapsed_seconds": 0.44}
{"arm": "nemotron-3b-ex-ar", "case_id": "live_simple_63-29-3", "stop_reason": "eos", "output_tokens": 27, "nfe": 28, "elapsed_seconds": 1.0441}
{"arm": "nemotron-3b-ex-ar", "case_id": "live_simple_64-29-4", "stop_reason": "eos", "output_tokens": 26, "nfe": 27, "elapsed_seconds": 1.0096}
{"arm": "nemotron-3b-ex-ar", "case_id": "live_simple_65-29-5", "stop_reason": "eos", "output_tokens": 26, "nfe": 27, "elapsed_seconds": 1.022}
{"arm": "nemotron-3b-ex-ar", "case_id": "live_simple_66-30-0", "stop_reason": "eos", "output_tokens": 28, "nfe": 29, "elapsed_seconds": 1.085}
{"arm": "nemotron-3b-ex-ar", "case_id": "live_simple_67-31-0", "stop_reason": "eos", "output_tokens": 62, "nfe": 63, "elapsed_seconds": 2.3801}
{"arm": "nemotron-3b-ex-ar", "case_id": "live_simple_68-32-0", "stop_reason": "eos", "output_tokens": 15, "nfe": 16, "elapsed_seconds": 0.6153}
{"arm": "nemotron-3b-ex-ar", "case_id": "live_simple_69-33-0", "stop_reason": "eos", "output_tokens": 44, "nfe": 45, "elapsed_seconds": 1.6697}
{"arm": "nemotron-3b-ex-ar", "case_id": "live_simple_70-34-0", "stop_reason": "eos", "output_tokens": 29, "nfe": 30, "elapsed_seconds": 1.1942}
{"arm": "nemotron-3b-ex-ar", "case_id": "live_simple_71-35-0", "stop_reason": "eos", "output_tokens": 64, "nfe": 65, "elapsed_seconds": 2.416}
{"arm": "nemotron-3b-ex-ar", "case_id": "live_simple_72-36-0", "stop_reason": "eos", "output_tokens": 24, "nfe": 25, "elapsed_seconds": 0.9614}
{"arm": "nemotron-3b-ex-ar", "case_id": "live_simple_73-36-1", "stop_reason": "eos", "output_tokens": 25, "nfe": 26, "elapsed_seconds": 0.9842}
{"arm": "nemotron-3b-ex-ar", "case_id": "live_simple_74-36-2", "stop_reason": "eos", "output_tokens": 24, "nfe": 25, "elapsed_seconds": 0.9539}
{"arm": "nemotron-3b-ex-ar", "case_id": "live_simple_75-36-3", "stop_reason": "eos", "output_tokens": 24, "nfe": 25, "elapsed_seconds": 0.9528}
{"arm": "nemotron-3b-ex-ar", "case_id": "live_simple_76-37-0", "stop_reason": "eos", "output_tokens": 25, "nfe": 26, "elapsed_seconds": 0.9869}
{"arm": "nemotron-3b-ex-ar", "case_id": "live_simple_77-38-0", "stop_reason": "eos", "output_tokens": 22, "nfe": 23, "elapsed_seconds": 0.8886}
{"arm": "nemotron-3b-ex-ar", "case_id": "live_simple_78-39-0", "stop_reason": "eos", "output_tokens": 34, "nfe": 35, "elapsed_seconds": 1.3491}
{"arm": "nemotron-3b-ex-ar", "case_id": "live_simple_79-40-0", "stop_reason": "eos", "output_tokens": 14, "nfe": 15, "elapsed_seconds": 0.5869}
{"arm": "nemotron-3b-ex-ar", "case_id": "live_simple_80-41-0", "stop_reason": "eos", "output_tokens": 79, "nfe": 80, "elapsed_seconds": 2.8955}
{"arm": "nemotron-3b-ex-ar", "case_id": "live_simple_81-42-0", "stop_reason": "eos", "output_tokens": 24, "nfe": 25, "elapsed_seconds": 0.9769}
{"arm": "nemotron-3b-ex-ar", "case_id": "live_simple_82-43-0", "stop_reason": "eos", "output_tokens": 61, "nfe": 62, "elapsed_seconds": 2.2426}
{"arm": "nemotron-3b-ex-ar", "case_id": "live_simple_83-44-0", "stop_reason": "eos", "output_tokens": 66, "nfe": 67, "elapsed_seconds": 2.5093}
{"arm": "nemotron-3b-ex-ar", "case_id": "live_simple_84-45-0", "stop_reason": "eos", "output_tokens": 15, "nfe": 16, "elapsed_seconds": 0.6143}
{"arm": "nemotron-3b-ex-ar", "case_id": "live_simple_85-46-0", "stop_reason": "eos", "output_tokens": 38, "nfe": 39, "elapsed_seconds": 1.4743}
{"arm": "nemotron-3b-ex-ar", "case_id": "live_simple_86-47-0", "stop_reason": "eos", "output_tokens": 35, "nfe": 36, "elapsed_seconds": 1.3278}
{"arm": "nemotron-3b-ex-ar", "case_id": "live_simple_87-48-0", "stop_reason": "eos", "output_tokens": 18, "nfe": 19, "elapsed_seconds": 0.745}
{"arm": "nemotron-3b-ex-ar", "case_id": "live_simple_88-49-0", "stop_reason": "eos", "output_tokens": 31, "nfe": 32, "elapsed_seconds": 1.2122}
{"arm": "nemotron-3b-ex-ar", "case_id": "live_simple_89-50-0", "stop_reason": "eos", "output_tokens": 65, "nfe": 66, "elapsed_seconds": 2.4189}
{"arm": "nemotron-3b-ex-ar", "case_id": "live_simple_90-51-0", "stop_reason": "eos", "output_tokens": 14, "nfe": 15, "elapsed_seconds": 0.6049}
{"arm": "nemotron-3b-ex-ar", "case_id": "live_simple_91-52-0", "stop_reason": "eos", "output_tokens": 8, "nfe": 9, "elapsed_seconds": 0.3454}
{"arm": "nemotron-3b-ex-ar", "case_id": "live_simple_92-53-0", "stop_reason": "eos", "output_tokens": 15, "nfe": 16, "elapsed_seconds": 0.6091}
{"arm": "nemotron-3b-ex-ar", "case_id": "live_simple_93-54-0", "stop_reason": "eos", "output_tokens": 15, "nfe": 16, "elapsed_seconds": 0.6054}
{"arm": "nemotron-3b-ex-ar", "case_id": "live_simple_94-55-0", "stop_reason": "eos", "output_tokens": 22, "nfe": 23, "elapsed_seconds": 0.8606}
{"arm": "nemotron-3b-ex-ar", "case_id": "live_simple_95-56-0", "stop_reason": "eos", "output_tokens": 51, "nfe": 52, "elapsed_seconds": 1.9467}
{"arm": "nemotron-3b-ex-ar", "case_id": "live_simple_96-57-0", "stop_reason": "eos", "output_tokens": 18, "nfe": 19, "elapsed_seconds": 0.7209}
{"arm": "nemotron-3b-ex-ar", "case_id": "live_simple_97-57-1", "stop_reason": "eos", "output_tokens": 21, "nfe": 22, "elapsed_seconds": 0.8563}
{"arm": "nemotron-3b-ex-ar", "case_id": "live_simple_98-58-0", "stop_reason": "eos", "output_tokens": 34, "nfe": 35, "elapsed_seconds": 1.289}
{"arm": "nemotron-3b-ex-ar", "case_id": "live_simple_99-59-0", "stop_reason": "eos", "output_tokens": 11, "nfe": 12, "elapsed_seconds": 0.4593}
{"arm": "nemotron-3b-ex-ar", "case_id": "live_simple_100-59-1", "stop_reason": "eos", "output_tokens": 23, "nfe": 24, "elapsed_seconds": 0.8999}
{"arm": "nemotron-3b-ex-ar", "case_id": "live_simple_101-60-0", "stop_reason": "eos", "output_tokens": 25, "nfe": 26, "elapsed_seconds": 0.9858}
{"arm": "nemotron-3b-ex-ar", "case_id": "live_simple_102-61-0", "stop_reason": "eos", "output_tokens": 28, "nfe": 29, "elapsed_seconds": 1.128}
{"arm": "nemotron-3b-ex-ar", "case_id": "live_simple_103-61-1", "stop_reason": "eos", "output_tokens": 42, "nfe": 43, "elapsed_seconds": 1.6168}
{"arm": "nemotron-3b-ex-ar", "case_id": "live_simple_104-61-2", "stop_reason": "eos", "output_tokens": 19, "nfe": 20, "elapsed_seconds": 0.7937}
{"arm": "nemotron-3b-ex-ar", "case_id": "live_simple_105-62-0", "stop_reason": "eos", "output_tokens": 28, "nfe": 29, "elapsed_seconds": 1.0903}
{"arm": "nemotron-3b-ex-ar", "case_id": "live_simple_106-63-0", "stop_reason": "eos", "output_tokens": 153, "nfe": 154, "elapsed_seconds": 5.6531}
{"arm": "nemotron-3b-ex-ar", "case_id": "live_simple_107-64-0", "stop_reason": "eos", "output_tokens": 131, "nfe": 132, "elapsed_seconds": 4.7693}
{"arm": "nemotron-3b-ex-ar", "case_id": "live_simple_108-65-0", "stop_reason": "eos", "output_tokens": 116, "nfe": 117, "elapsed_seconds": 4.2292}
{"arm": "nemotron-3b-ex-ar", "case_id": "live_simple_109-66-0", "stop_reason": "eos", "output_tokens": 111, "nfe": 112, "elapsed_seconds": 4.0376}
{"arm": "nemotron-3b-ex-ar", "case_id": "live_simple_110-67-0", "stop_reason": "eos", "output_tokens": 28, "nfe": 29, "elapsed_seconds": 1.1044}
{"arm": "nemotron-3b-ex-ar", "case_id": "live_simple_111-67-1", "stop_reason": "eos", "output_tokens": 122, "nfe": 123, "elapsed_seconds": 4.455}
{"arm": "nemotron-3b-ex-ar", "case_id": "live_simple_112-68-0", "stop_reason": "eos", "output_tokens": 16, "nfe": 17, "elapsed_seconds": 0.7143}
{"arm": "nemotron-3b-ex-ar", "case_id": "live_simple_113-69-0", "stop_reason": "eos", "output_tokens": 41, "nfe": 42, "elapsed_seconds": 1.5653}
{"arm": "nemotron-3b-ex-ar", "case_id": "live_simple_114-70-0", "stop_reason": "eos", "output_tokens": 37, "nfe": 38, "elapsed_seconds": 1.4211}
{"arm": "nemotron-3b-ex-ar", "case_id": "live_simple_115-71-0", "stop_reason": "eos", "output_tokens": 21, "nfe": 22, "elapsed_seconds": 0.8246}
{"arm": "nemotron-3b-ex-ar", "case_id": "live_simple_116-72-0", "stop_reason": "eos", "output_tokens": 17, "nfe": 18, "elapsed_seconds": 0.6803}
{"arm": "nemotron-3b-ex-ar", "case_id": "live_simple_117-73-0", "stop_reason": "eos", "output_tokens": 10, "nfe": 11, "elapsed_seconds": 0.4327}
{"arm": "nemotron-3b-ex-ar", "case_id": "live_simple_118-74-0", "stop_reason": "eos", "output_tokens": 18, "nfe": 19, "elapsed_seconds": 0.7401}
{"arm": "nemotron-3b-ex-ar", "case_id": "live_simple_119-75-0", "stop_reason": "eos", "output_tokens": 18, "nfe": 19, "elapsed_seconds": 0.7209}
{"arm": "nemotron-3b-ex-ar", "case_id": "live_simple_120-76-0", "stop_reason": "eos", "output_tokens": 56, "nfe": 57, "elapsed_seconds": 2.0995}
{"arm": "nemotron-3b-ex-ar", "case_id": "live_simple_121-77-0", "stop_reason": "eos", "output_tokens": 67, "nfe": 68, "elapsed_seconds": 2.5184}
{"arm": "nemotron-3b-ex-ar", "case_id": "live_simple_122-78-0", "stop_reason": "eos", "output_tokens": 38, "nfe": 39, "elapsed_seconds": 1.4804}
{"arm": "nemotron-3b-ex-ar", "case_id": "live_simple_123-79-0", "stop_reason": "eos", "output_tokens": 104, "nfe": 105, "elapsed_seconds": 3.8359}
{"arm": "nemotron-3b-ex-ar", "case_id": "live_simple_124-80-0", "stop_reason": "eos", "output_tokens": 21, "nfe": 22, "elapsed_seconds": 0.8615}
{"arm": "nemotron-3b-ex-ar", "case_id": "live_simple_125-81-0", "stop_reason": "eos", "output_tokens": 17, "nfe": 18, "elapsed_seconds": 0.6846}
{"arm": "nemotron-3b-ex-ar", "case_id": "live_simple_126-82-0", "stop_reason": "eos", "output_tokens": 43, "nfe": 44, "elapsed_seconds": 1.6568}
{"arm": "nemotron-3b-ex-ar", "case_id": "live_simple_127-82-1", "stop_reason": "eos", "output_tokens": 39, "nfe": 40, "elapsed_seconds": 1.5147}
{"arm": "nemotron-3b-ex-ar", "case_id": "live_simple_128-83-0", "stop_reason": "eos", "output_tokens": 62, "nfe": 63, "elapsed_seconds": 2.3463}
{"arm": "nemotron-3b-ex-ar", "case_id": "live_simple_129-83-1", "stop_reason": "eos", "output_tokens": 52, "nfe": 53, "elapsed_seconds": 1.9863}
{"arm": "nemotron-3b-ex-ar", "case_id": "live_simple_130-84-0", "stop_reason": "eos", "output_tokens": 77, "nfe": 78, "elapsed_seconds": 2.866}
{"arm": "nemotron-3b-ex-ar", "case_id": "live_simple_131-84-1", "stop_reason": "eos", "output_tokens": 87, "nfe": 88, "elapsed_seconds": 3.2753}
{"arm": "nemotron-3b-ex-ar", "case_id": "live_simple_132-85-0", "stop_reason": "eos", "output_tokens": 21, "nfe": 22, "elapsed_seconds": 0.8393}
{"arm": "nemotron-3b-ex-ar", "case_id": "live_simple_133-86-0", "stop_reason": "eos", "output_tokens": 43, "nfe": 44, "elapsed_seconds": 1.665}
{"arm": "nemotron-3b-ex-ar", "case_id": "live_simple_134-87-0", "stop_reason": "eos", "output_tokens": 37, "nfe": 38, "elapsed_seconds": 1.4432}
{"arm": "nemotron-3b-ex-ar", "case_id": "live_simple_135-88-0", "stop_reason": "eos", "output_tokens": 25, "nfe": 26, "elapsed_seconds": 1.0172}
{"arm": "nemotron-3b-ex-ar", "case_id": "live_simple_136-89-0", "stop_reason": "eos", "output_tokens": 49, "nfe": 50, "elapsed_seconds": 1.8628}
{"arm": "nemotron-3b-ex-ar", "case_id": "live_simple_137-90-0", "stop_reason": "eos", "output_tokens": 45, "nfe": 46, "elapsed_seconds": 1.7267}
{"arm": "nemotron-3b-ex-ar", "case_id": "live_simple_138-91-0", "stop_reason": "eos", "output_tokens": 45, "nfe": 46, "elapsed_seconds": 1.724}
{"arm": "nemotron-3b-ex-ar", "case_id": "live_simple_139-92-0", "stop_reason": "eos", "output_tokens": 64, "nfe": 65, "elapsed_seconds": 2.4337}
{"arm": "nemotron-3b-ex-ar", "case_id": "live_simple_140-93-0", "stop_reason": "eos", "output_tokens": 22, "nfe": 23, "elapsed_seconds": 0.8822}
{"arm": "nemotron-3b-ex-ar", "case_id": "live_simple_141-94-0", "stop_reason": "eos", "output_tokens": 25, "nfe": 26, "elapsed_seconds": 0.9703}
{"arm": "nemotron-3b-ex-ar", "case_id": "live_simple_142-94-1", "stop_reason": "eos", "output_tokens": 11, "nfe": 12, "elapsed_seconds": 0.4707}
{"arm": "nemotron-3b-ex-ar", "case_id": "live_simple_143-95-0", "stop_reason": "eos", "output_tokens": 11, "nfe": 12, "elapsed_seconds": 0.4801}
{"arm": "nemotron-3b-ex-ar", "case_id": "live_simple_144-95-1", "stop_reason": "eos", "output_tokens": 28, "nfe": 29, "elapsed_seconds": 1.1009}
{"arm": "nemotron-3b-ex-ar", "case_id": "live_simple_145-95-2", "stop_reason": "eos", "output_tokens": 90, "nfe": 91, "elapsed_seconds": 3.3021}
{"arm": "nemotron-3b-ex-ar", "case_id": "live_simple_146-95-3", "stop_reason": "eos", "output_tokens": 17, "nfe": 18, "elapsed_seconds": 0.7077}
{"arm": "nemotron-3b-ex-ar", "case_id": "live_simple_147-95-4", "stop_reason": "eos", "output_tokens": 17, "nfe": 18, "elapsed_seconds": 0.7059}
{"arm": "nemotron-3b-ex-ar", "case_id": "live_simple_148-95-5", "stop_reason": "eos", "output_tokens": 14, "nfe": 15, "elapsed_seconds": 0.5814}
{"arm": "nemotron-3b-ex-ar", "case_id": "live_simple_149-95-6", "stop_reason": "eos", "output_tokens": 11, "nfe": 12, "elapsed_seconds": 0.4738}
{"arm": "nemotron-3b-ex-ar", "case_id": "live_simple_150-95-7", "stop_reason": "eos", "output_tokens": 17, "nfe": 18, "elapsed_seconds": 0.7053}
{"arm": "nemotron-3b-ex-ar", "case_id": "live_simple_151-95-8", "stop_reason": "eos", "output_tokens": 14, "nfe": 15, "elapsed_seconds": 0.5809}
{"arm": "nemotron-3b-ex-ar", "case_id": "live_simple_152-95-9", "stop_reason": "eos", "output_tokens": 16, "nfe": 17, "elapsed_seconds": 0.6682}
{"arm": "nemotron-3b-ex-ar", "case_id": "live_simple_153-95-10", "stop_reason": "eos", "output_tokens": 23, "nfe": 24, "elapsed_seconds": 0.9158}
{"arm": "nemotron-3b-ex-ar", "case_id": "live_simple_154-95-11", "stop_reason": "eos", "output_tokens": 54, "nfe": 55, "elapsed_seconds": 2.0268}
{"arm": "nemotron-3b-ex-ar", "case_id": "live_simple_155-95-12", "stop_reason": "eos", "output_tokens": 10, "nfe": 11, "elapsed_seconds": 0.4352}
{"arm": "nemotron-3b-ex-ar", "case_id": "live_simple_156-95-13", "stop_reason": "eos", "output_tokens": 15, "nfe": 16, "elapsed_seconds": 0.6309}
{"arm": "nemotron-3b-ex-ar", "case_id": "live_simple_157-95-14", "stop_reason": "eos", "output_tokens": 16, "nfe": 17, "elapsed_seconds": 0.6762}
{"arm": "nemotron-3b-ex-ar", "case_id": "live_simple_158-95-15", "stop_reason": "eos", "output_tokens": 31, "nfe": 32, "elapsed_seconds": 1.1868}
{"arm": "nemotron-3b-ex-ar", "case_id": "live_simple_159-95-16", "stop_reason": "eos", "output_tokens": 13, "nfe": 14, "elapsed_seconds": 0.5633}
{"arm": "nemotron-3b-ex-ar", "case_id": "live_simple_160-95-17", "stop_reason": "eos", "output_tokens": 16, "nfe": 17, "elapsed_seconds": 0.6528}
{"arm": "nemotron-3b-ex-ar", "case_id": "live_simple_161-96-0", "stop_reason": "eos", "output_tokens": 54, "nfe": 55, "elapsed_seconds": 2.0263}
{"arm": "nemotron-3b-ex-ar", "case_id": "live_simple_162-96-1", "stop_reason": "eos", "output_tokens": 30, "nfe": 31, "elapsed_seconds": 1.148}
{"arm": "nemotron-3b-ex-ar", "case_id": "live_simple_163-96-2", "stop_reason": "eos", "output_tokens": 35, "nfe": 36, "elapsed_seconds": 1.3406}
{"arm": "nemotron-3b-ex-ar", "case_id": "live_simple_164-97-0", "stop_reason": "eos", "output_tokens": 32, "nfe": 33, "elapsed_seconds": 1.2527}
{"arm": "nemotron-3b-ex-ar", "case_id": "live_simple_165-98-0", "stop_reason": "eos", "output_tokens": 44, "nfe": 45, "elapsed_seconds": 1.6796}
{"arm": "nemotron-3b-ex-ar", "case_id": "live_simple_166-99-0", "stop_reason": "eos", "output_tokens": 13, "nfe": 14, "elapsed_seconds": 0.5425}
{"arm": "nemotron-3b-ex-ar", "case_id": "live_simple_167-99-1", "stop_reason": "eos", "output_tokens": 20, "nfe": 21, "elapsed_seconds": 0.8053}
{"arm": "nemotron-3b-ex-ar", "case_id": "live_simple_168-99-2", "stop_reason": "eos", "output_tokens": 11, "nfe": 12, "elapsed_seconds": 0.4671}
{"arm": "nemotron-3b-ex-ar", "case_id": "live_simple_169-99-3", "stop_reason": "eos", "output_tokens": 31, "nfe": 32, "elapsed_seconds": 1.1768}
{"arm": "nemotron-3b-ex-ar", "case_id": "live_simple_170-99-4", "stop_reason": "eos", "output_tokens": 12, "nfe": 13, "elapsed_seconds": 0.5008}
{"arm": "nemotron-3b-ex-ar", "case_id": "live_simple_171-99-5", "stop_reason": "eos", "output_tokens": 13, "nfe": 14, "elapsed_seconds": 0.5397}
{"arm": "nemotron-3b-ex-ar", "case_id": "live_simple_172-99-6", "stop_reason": "eos", "output_tokens": 25, "nfe": 26, "elapsed_seconds": 0.9701}
{"arm": "nemotron-3b-ex-ar", "case_id": "live_simple_173-99-7", "stop_reason": "eos", "output_tokens": 11, "nfe": 12, "elapsed_seconds": 0.4744}
{"arm": "nemotron-3b-ex-ar", "case_id": "live_simple_174-100-0", "stop_reason": "eos", "output_tokens": 10, "nfe": 11, "elapsed_seconds": 0.4611}
{"arm": "nemotron-3b-ex-ar", "case_id": "live_simple_175-101-0", "stop_reason": "eos", "output_tokens": 15, "nfe": 16, "elapsed_seconds": 0.6352}
{"arm": "nemotron-3b-ex-ar", "case_id": "live_simple_176-102-0", "stop_reason": "eos", "output_tokens": 14, "nfe": 15, "elapsed_seconds": 0.5791}
{"arm": "nemotron-3b-ex-ar", "case_id": "live_simple_177-103-0", "stop_reason": "eos", "output_tokens": 14, "nfe": 15, "elapsed_seconds": 0.5814}
{"arm": "nemotron-3b-ex-ar", "case_id": "live_simple_178-103-1", "stop_reason": "eos", "output_tokens": 14, "nfe": 15, "elapsed_seconds": 0.5814}
{"arm": "nemotron-3b-ex-ar", "case_id": "live_simple_179-104-0", "stop_reason": "eos", "output_tokens": 15, "nfe": 16, "elapsed_seconds": 0.634}
{"arm": "nemotron-3b-ex-ar", "case_id": "live_simple_180-105-0", "stop_reason": "eos", "output_tokens": 21, "nfe": 22, "elapsed_seconds": 0.8565}
{"arm": "nemotron-3b-ex-ar", "case_id": "live_simple_181-106-0", "stop_reason": "eos", "output_tokens": 28, "nfe": 29, "elapsed_seconds": 1.1014}
{"arm": "nemotron-3b-ex-ar", "case_id": "live_simple_182-107-0", "stop_reason": "eos", "output_tokens": 40, "nfe": 41, "elapsed_seconds": 1.5351}
{"arm": "nemotron-3b-ex-ar", "case_id": "live_simple_183-108-0", "stop_reason": "eos", "output_tokens": 20, "nfe": 21, "elapsed_seconds": 0.825}
{"arm": "nemotron-3b-ex-ar", "case_id": "live_simple_184-109-0", "stop_reason": "eos", "output_tokens": 23, "nfe": 24, "elapsed_seconds": 0.9265}
{"arm": "nemotron-3b-ex-ar", "case_id": "live_simple_185-110-0", "stop_reason": "eos", "output_tokens": 43, "nfe": 44, "elapsed_seconds": 1.646}
{"arm": "nemotron-3b-ex-ar", "case_id": "live_simple_186-111-0", "stop_reason": "eos", "output_tokens": 76, "nfe": 77, "elapsed_seconds": 2.8559}
{"arm": "nemotron-3b-ex-ar", "case_id": "live_simple_187-112-0", "stop_reason": "eos", "output_tokens": 85, "nfe": 86, "elapsed_seconds": 3.1785}
{"arm": "nemotron-3b-ex-ar", "case_id": "live_simple_188-113-0", "stop_reason": "eos", "output_tokens": 40, "nfe": 41, "elapsed_seconds": 1.5773}
{"arm": "nemotron-3b-ex-ar", "case_id": "live_simple_189-114-0", "stop_reason": "eos", "output_tokens": 50, "nfe": 51, "elapsed_seconds": 1.8801}
{"arm": "nemotron-3b-ex-ar", "case_id": "live_simple_190-115-0", "stop_reason": "eos", "output_tokens": 25, "nfe": 26, "elapsed_seconds": 0.9914}
{"arm": "nemotron-3b-ex-ar", "case_id": "live_simple_191-115-1", "stop_reason": "eos", "output_tokens": 26, "nfe": 27, "elapsed_seconds": 1.0196}
{"arm": "nemotron-3b-ex-ar", "case_id": "live_simple_192-116-0", "stop_reason": "eos", "output_tokens": 27, "nfe": 28, "elapsed_seconds": 1.0222}
{"arm": "nemotron-3b-ex-ar", "case_id": "live_simple_193-116-1", "stop_reason": "eos", "output_tokens": 27, "nfe": 28, "elapsed_seconds": 1.0242}
{"arm": "nemotron-3b-ex-ar", "case_id": "live_simple_194-116-2", "stop_reason": "eos", "output_tokens": 27, "nfe": 28, "elapsed_seconds": 1.0423}
{"arm": "nemotron-3b-ex-ar", "case_id": "live_simple_195-116-3", "stop_reason": "eos", "output_tokens": 28, "nfe": 29, "elapsed_seconds": 1.0815}
{"arm": "nemotron-3b-ex-ar", "case_id": "live_simple_196-116-4", "stop_reason": "eos", "output_tokens": 28, "nfe": 29, "elapsed_seconds": 1.0799}
{"arm": "nemotron-3b-ex-ar", "case_id": "live_simple_197-116-5", "stop_reason": "eos", "output_tokens": 28, "nfe": 29, "elapsed_seconds": 1.0785}
{"arm": "nemotron-3b-ex-ar", "case_id": "live_simple_198-116-6", "stop_reason": "eos", "output_tokens": 28, "nfe": 29, "elapsed_seconds": 1.0885}
{"arm": "nemotron-3b-ex-ar", "case_id": "live_simple_199-116-7", "stop_reason": "eos", "output_tokens": 27, "nfe": 28, "elapsed_seconds": 1.0392}
{"arm": "nemotron-3b-ex-ar", "case_id": "live_simple_200-116-8", "stop_reason": "eos", "output_tokens": 28, "nfe": 29, "elapsed_seconds": 1.076}
{"arm": "nemotron-3b-ex-ar", "case_id": "live_simple_201-116-9", "stop_reason": "eos", "output_tokens": 27, "nfe": 28, "elapsed_seconds": 1.0425}
{"arm": "nemotron-3b-ex-ar", "case_id": "live_simple_202-116-10", "stop_reason": "eos", "output_tokens": 28, "nfe": 29, "elapsed_seconds": 1.0795}
{"arm": "nemotron-3b-ex-ar", "case_id": "live_simple_203-116-11", "stop_reason": "eos", "output_tokens": 28, "nfe": 29, "elapsed_seconds": 1.081}
{"arm": "nemotron-3b-ex-ar", "case_id": "live_simple_204-116-12", "stop_reason": "eos", "output_tokens": 29, "nfe": 30, "elapsed_seconds": 1.1138}
{"arm": "nemotron-3b-ex-ar", "case_id": "live_simple_205-116-13", "stop_reason": "eos", "output_tokens": 27, "nfe": 28, "elapsed_seconds": 1.0458}
{"arm": "nemotron-3b-ex-ar", "case_id": "live_simple_206-116-14", "stop_reason": "eos", "output_tokens": 28, "nfe": 29, "elapsed_seconds": 1.0794}
{"arm": "nemotron-3b-ex-ar", "case_id": "live_simple_207-116-15", "stop_reason": "eos", "output_tokens": 27, "nfe": 28, "elapsed_seconds": 1.0494}
{"arm": "nemotron-3b-ex-ar", "case_id": "live_simple_208-117-0", "stop_reason": "eos", "output_tokens": 30, "nfe": 31, "elapsed_seconds": 1.1824}
{"arm": "nemotron-3b-ex-ar", "case_id": "live_simple_209-117-1", "stop_reason": "eos", "output_tokens": 33, "nfe": 34, "elapsed_seconds": 1.2888}
{"arm": "nemotron-3b-ex-ar", "case_id": "live_simple_210-117-2", "stop_reason": "eos", "output_tokens": 26, "nfe": 27, "elapsed_seconds": 1.0402}
{"arm": "nemotron-3b-ex-ar", "case_id": "live_simple_211-117-3", "stop_reason": "eos", "output_tokens": 27, "nfe": 28, "elapsed_seconds": 1.0645}
{"arm": "nemotron-3b-ex-ar", "case_id": "live_simple_212-117-4", "stop_reason": "eos", "output_tokens": 27, "nfe": 28, "elapsed_seconds": 1.0745}
{"arm": "nemotron-3b-ex-ar", "case_id": "live_simple_213-117-5", "stop_reason": "eos", "output_tokens": 26, "nfe": 27, "elapsed_seconds": 1.038}
{"arm": "nemotron-3b-ex-ar", "case_id": "live_simple_214-117-6", "stop_reason": "eos", "output_tokens": 30, "nfe": 31, "elapsed_seconds": 1.1966}
{"arm": "nemotron-3b-ex-ar", "case_id": "live_simple_215-117-7", "stop_reason": "eos", "output_tokens": 26, "nfe": 27, "elapsed_seconds": 1.0444}
{"arm": "nemotron-3b-ex-ar", "case_id": "live_simple_216-117-8", "stop_reason": "eos", "output_tokens": 26, "nfe": 27, "elapsed_seconds": 1.0388}
{"arm": "nemotron-3b-ex-ar", "case_id": "live_simple_217-117-9", "stop_reason": "eos", "output_tokens": 30, "nfe": 31, "elapsed_seconds": 1.1817}
{"arm": "nemotron-3b-ex-ar", "case_id": "live_simple_218-117-10", "stop_reason": "eos", "output_tokens": 31, "nfe": 32, "elapsed_seconds": 1.2136}
{"arm": "nemotron-3b-ex-ar", "case_id": "live_simple_219-117-11", "stop_reason": "eos", "output_tokens": 30, "nfe": 31, "elapsed_seconds": 1.1776}
{"arm": "nemotron-3b-ex-ar", "case_id": "live_simple_220-117-12", "stop_reason": "eos", "output_tokens": 28, "nfe": 29, "elapsed_seconds": 1.1028}
{"arm": "nemotron-3b-ex-ar", "case_id": "live_simple_221-117-13", "stop_reason": "eos", "output_tokens": 26, "nfe": 27, "elapsed_seconds": 1.0341}
{"arm": "nemotron-3b-ex-ar", "case_id": "live_simple_222-117-14", "stop_reason": "eos", "output_tokens": 33, "nfe": 34, "elapsed_seconds": 1.2921}
{"arm": "nemotron-3b-ex-ar", "case_id": "live_simple_223-117-15", "stop_reason": "eos", "output_tokens": 26, "nfe": 27, "elapsed_seconds": 1.0298}
{"arm": "nemotron-3b-ex-ar", "case_id": "live_simple_224-117-16", "stop_reason": "eos", "output_tokens": 27, "nfe": 28, "elapsed_seconds": 1.0667}
{"arm": "nemotron-3b-ex-ar", "case_id": "live_simple_225-117-17", "stop_reason": "eos", "output_tokens": 33, "nfe": 34, "elapsed_seconds": 1.2724}
{"arm": "nemotron-3b-ex-ar", "case_id": "live_simple_226-118-0", "stop_reason": "eos", "output_tokens": 37, "nfe": 38, "elapsed_seconds": 1.4102}
{"arm": "nemotron-3b-ex-ar", "case_id": "live_simple_227-118-1", "stop_reason": "eos", "output_tokens": 31, "nfe": 32, "elapsed_seconds": 1.2171}
{"arm": "nemotron-3b-ex-ar", "case_id": "live_simple_228-119-0", "stop_reason": "eos", "output_tokens": 31, "nfe": 32, "elapsed_seconds": 1.2124}
{"arm": "nemotron-3b-ex-ar", "case_id": "live_simple_229-120-0", "stop_reason": "eos", "output_tokens": 11, "nfe": 12, "elapsed_seconds": 0.4681}
{"arm": "nemotron-3b-ex-ar", "case_id": "live_simple_230-121-0", "stop_reason": "eos", "output_tokens": 29, "nfe": 30, "elapsed_seconds": 1.1337}
{"arm": "nemotron-3b-ex-ar", "case_id": "live_simple_231-122-0", "stop_reason": "eos", "output_tokens": 41, "nfe": 42, "elapsed_seconds": 1.5541}
{"arm": "nemotron-3b-ex-ar", "case_id": "live_simple_232-122-1", "stop_reason": "eos", "output_tokens": 39, "nfe": 40, "elapsed_seconds": 1.4902}
{"arm": "nemotron-3b-ex-ar", "case_id": "live_simple_233-123-0", "stop_reason": "eos", "output_tokens": 38, "nfe": 39, "elapsed_seconds": 1.455}
{"arm": "nemotron-3b-ex-ar", "case_id": "live_simple_234-123-1", "stop_reason": "eos", "output_tokens": 39, "nfe": 40, "elapsed_seconds": 1.4874}
{"arm": "nemotron-3b-ex-ar", "case_id": "live_simple_235-124-0", "stop_reason": "eos", "output_tokens": 27, "nfe": 28, "elapsed_seconds": 1.0611}
{"arm": "nemotron-3b-ex-ar", "case_id": "live_simple_236-124-1", "stop_reason": "eos", "output_tokens": 30, "nfe": 31, "elapsed_seconds": 1.1694}
{"arm": "nemotron-3b-ex-ar", "case_id": "live_simple_237-125-0", "stop_reason": "eos", "output_tokens": 30, "nfe": 31, "elapsed_seconds": 1.1796}
{"arm": "nemotron-3b-ex-ar", "case_id": "live_simple_238-125-1", "stop_reason": "eos", "output_tokens": 29, "nfe": 30, "elapsed_seconds": 1.1269}
{"arm": "nemotron-3b-ex-ar", "case_id": "live_simple_239-125-2", "stop_reason": "eos", "output_tokens": 29, "nfe": 30, "elapsed_seconds": 1.1305}
{"arm": "nemotron-3b-ex-ar", "case_id": "live_simple_240-125-3", "stop_reason": "eos", "output_tokens": 19, "nfe": 20, "elapsed_seconds": 0.7804}
{"arm": "nemotron-3b-ex-ar", "case_id": "live_simple_241-125-4", "stop_reason": "eos", "output_tokens": 25, "nfe": 26, "elapsed_seconds": 0.9872}
{"arm": "nemotron-3b-ex-ar", "case_id": "live_simple_242-126-0", "stop_reason": "eos", "output_tokens": 10, "nfe": 11, "elapsed_seconds": 0.4309}
{"arm": "nemotron-3b-ex-ar", "case_id": "live_simple_243-126-1", "stop_reason": "eos", "output_tokens": 10, "nfe": 11, "elapsed_seconds": 0.4369}
{"arm": "nemotron-3b-ex-ar", "case_id": "live_simple_244-126-2", "stop_reason": "eos", "output_tokens": 10, "nfe": 11, "elapsed_seconds": 0.4307}
{"arm": "nemotron-3b-ex-ar", "case_id": "live_simple_245-127-0", "stop_reason": "eos", "output_tokens": 37, "nfe": 38, "elapsed_seconds": 1.4186}
{"arm": "nemotron-3b-ex-ar", "case_id": "live_simple_246-128-0", "stop_reason": "eos", "output_tokens": 30, "nfe": 31, "elapsed_seconds": 1.1692}
{"arm": "nemotron-3b-ex-ar", "case_id": "live_simple_247-129-0", "stop_reason": "eos", "output_tokens": 10, "nfe": 11, "elapsed_seconds": 0.4151}
{"arm": "nemotron-3b-ex-ar", "case_id": "live_simple_248-130-0", "stop_reason": "eos", "output_tokens": 27, "nfe": 28, "elapsed_seconds": 1.0609}
{"arm": "nemotron-3b-ex-ar", "case_id": "live_simple_249-131-0", "stop_reason": "eos", "output_tokens": 19, "nfe": 20, "elapsed_seconds": 0.7574}
{"arm": "nemotron-3b-ex-ar", "case_id": "live_simple_250-132-0", "stop_reason": "eos", "output_tokens": 32, "nfe": 33, "elapsed_seconds": 1.2398}
{"arm": "nemotron-3b-ex-ar", "case_id": "live_simple_251-133-0", "stop_reason": "eos", "output_tokens": 31, "nfe": 32, "elapsed_seconds": 1.1984}
{"arm": "nemotron-3b-ex-ar", "case_id": "live_simple_252-134-0", "stop_reason": "eos", "output_tokens": 27, "nfe": 28, "elapsed_seconds": 1.0622}
{"arm": "nemotron-3b-ex-ar", "case_id": "live_simple_253-135-0", "stop_reason": "eos", "output_tokens": 31, "nfe": 32, "elapsed_seconds": 1.2116}
{"arm": "nemotron-3b-ex-ar", "case_id": "live_simple_254-136-0", "stop_reason": "eos", "output_tokens": 17, "nfe": 18, "elapsed_seconds": 0.7103}
{"arm": "nemotron-3b-ex-ar", "case_id": "live_simple_255-136-1", "stop_reason": "eos", "output_tokens": 18, "nfe": 19, "elapsed_seconds": 0.7638}
{"arm": "nemotron-3b-ex-ar", "case_id": "live_simple_256-137-0", "stop_reason": "eos", "output_tokens": 29, "nfe": 30, "elapsed_seconds": 1.1451}
{"arm": "nemotron-3b-ex-ar", "case_id": "live_simple_257-137-1", "stop_reason": "eos", "output_tokens": 28, "nfe": 29, "elapsed_seconds": 1.0976}
{"arm": "nemotron-3b-ex-ar", "case_id": "live_multiple_1-0-1", "stop_reason": "eos", "output_tokens": 39, "nfe": 40, "elapsed_seconds": 1.5653}
{"arm": "nemotron-3b-ex-ar", "case_id": "live_multiple_2-1-0", "stop_reason": "eos", "output_tokens": 29, "nfe": 30, "elapsed_seconds": 1.1794}
{"arm": "nemotron-3b-ex-ar", "case_id": "live_multiple_3-2-0", "stop_reason": "eos", "output_tokens": 14, "nfe": 15, "elapsed_seconds": 0.6121}
{"arm": "nemotron-3b-ex-ar", "case_id": "live_multiple_17-4-9", "stop_reason": "eos", "output_tokens": 32, "nfe": 33, "elapsed_seconds": 1.4547}
{"arm": "nemotron-3b-ex-ar", "case_id": "live_multiple_19-4-11", "stop_reason": "eos", "output_tokens": 46, "nfe": 47, "elapsed_seconds": 1.966}
{"arm": "nemotron-3b-ex-ar", "case_id": "live_multiple_23-5-0", "stop_reason": "eos", "output_tokens": 19, "nfe": 20, "elapsed_seconds": 0.8472}
{"arm": "nemotron-3b-ex-ar", "case_id": "live_multiple_33-10-3", "stop_reason": "eos", "output_tokens": 13, "nfe": 14, "elapsed_seconds": 0.6859}
{"arm": "nemotron-3b-ex-ar", "case_id": "live_multiple_39-14-1", "stop_reason": "eos", "output_tokens": 20, "nfe": 21, "elapsed_seconds": 0.8276}
{"arm": "nemotron-3b-ex-ar", "case_id": "live_multiple_40-15-0", "stop_reason": "eos", "output_tokens": 17, "nfe": 18, "elapsed_seconds": 0.7141}
{"arm": "nemotron-3b-ex-ar", "case_id": "live_multiple_51-21-0", "stop_reason": "eos", "output_tokens": 19, "nfe": 20, "elapsed_seconds": 0.8894}
{"arm": "nemotron-3b-ex-ar", "case_id": "live_multiple_59-22-6", "stop_reason": "eos", "output_tokens": 39, "nfe": 40, "elapsed_seconds": 1.5926}
{"arm": "nemotron-3b-ex-ar", "case_id": "live_multiple_65-26-1", "stop_reason": "eos", "output_tokens": 18, "nfe": 19, "elapsed_seconds": 0.7873}
{"arm": "nemotron-3b-ex-ar", "case_id": "live_multiple_94-41-1", "stop_reason": "eos", "output_tokens": 10, "nfe": 11, "elapsed_seconds": 0.635}
{"arm": "nemotron-3b-ex-ar", "case_id": "live_multiple_96-42-0", "stop_reason": "eos", "output_tokens": 13, "nfe": 14, "elapsed_seconds": 0.8242}
{"arm": "nemotron-3b-ex-ar", "case_id": "live_multiple_118-45-3", "stop_reason": "eos", "output_tokens": 10, "nfe": 11, "elapsed_seconds": 0.5585}
{"arm": "nemotron-3b-ex-ar", "case_id": "live_multiple_129-50-1", "stop_reason": "eos", "output_tokens": 20, "nfe": 21, "elapsed_seconds": 0.9708}
{"arm": "nemotron-3b-ex-ar", "case_id": "live_multiple_185-80-0", "stop_reason": "eos", "output_tokens": 15, "nfe": 16, "elapsed_seconds": 0.9138}
{"arm": "nemotron-3b-ex-ar", "case_id": "live_multiple_186-81-0", "stop_reason": "eos", "output_tokens": 23, "nfe": 24, "elapsed_seconds": 0.9371}
{"arm": "nemotron-3b-ex-ar", "case_id": "live_multiple_193-87-0", "stop_reason": "eos", "output_tokens": 16, "nfe": 17, "elapsed_seconds": 0.6811}
{"arm": "nemotron-3b-ex-ar", "case_id": "live_multiple_198-90-0", "stop_reason": "eos", "output_tokens": 6, "nfe": 7, "elapsed_seconds": 0.4448}
{"arm": "nemotron-3b-ex-ar", "case_id": "live_multiple_200-90-2", "stop_reason": "eos", "output_tokens": 23, "nfe": 24, "elapsed_seconds": 1.0732}
{"arm": "nemotron-3b-ex-ar", "case_id": "live_multiple_204-90-6", "stop_reason": "eos", "output_tokens": 79, "nfe": 80, "elapsed_seconds": 3.0462}
{"arm": "nemotron-3b-ex-ar", "case_id": "live_multiple_206-91-0", "stop_reason": "eos", "output_tokens": 10, "nfe": 11, "elapsed_seconds": 0.6187}
{"arm": "nemotron-3b-ex-ar", "case_id": "live_multiple_216-92-0", "stop_reason": "eos", "output_tokens": 33, "nfe": 34, "elapsed_seconds": 1.3287}
{"arm": "nemotron-3b-ex-ar", "case_id": "live_multiple_239-107-0", "stop_reason": "eos", "output_tokens": 20, "nfe": 21, "elapsed_seconds": 1.0121}
{"arm": "nemotron-3b-ex-ar", "case_id": "live_multiple_244-108-0", "stop_reason": "eos", "output_tokens": 10, "nfe": 11, "elapsed_seconds": 0.5308}
{"arm": "nemotron-3b-ex-ar", "case_id": "live_multiple_263-126-0", "stop_reason": "eos", "output_tokens": 40, "nfe": 41, "elapsed_seconds": 1.55}
{"arm": "nemotron-3b-ex-ar", "case_id": "live_multiple_274-127-9", "stop_reason": "eos", "output_tokens": 26, "nfe": 27, "elapsed_seconds": 1.262}
{"arm": "nemotron-3b-ex-ar", "case_id": "live_multiple_290-129-5", "stop_reason": "eos", "output_tokens": 24, "nfe": 25, "elapsed_seconds": 1.0212}
{"arm": "nemotron-3b-ex-ar", "case_id": "live_multiple_323-132-13", "stop_reason": "eos", "output_tokens": 27, "nfe": 28, "elapsed_seconds": 1.2342}
{"arm": "nemotron-3b-ex-ar", "case_id": "live_multiple_325-132-15", "stop_reason": "eos", "output_tokens": 29, "nfe": 30, "elapsed_seconds": 1.2876}
{"arm": "nemotron-3b-ex-ar", "case_id": "live_multiple_326-132-16", "stop_reason": "eos", "output_tokens": 32, "nfe": 33, "elapsed_seconds": 1.4014}
{"arm": "nemotron-3b-ex-ar", "case_id": "live_multiple_342-133-6", "stop_reason": "eos", "output_tokens": 31, "nfe": 32, "elapsed_seconds": 1.3094}
{"arm": "nemotron-3b-ex-ar", "case_id": "live_multiple_346-133-10", "stop_reason": "eos", "output_tokens": 26, "nfe": 27, "elapsed_seconds": 1.1422}
{"arm": "nemotron-3b-ex-ar", "case_id": "live_multiple_354-133-18", "stop_reason": "eos", "output_tokens": 34, "nfe": 35, "elapsed_seconds": 1.4357}
{"arm": "nemotron-3b-ex-ar", "case_id": "live_multiple_363-134-8", "stop_reason": "eos", "output_tokens": 30, "nfe": 31, "elapsed_seconds": 1.2995}
{"arm": "nemotron-3b-ex-ar", "case_id": "live_multiple_367-134-12", "stop_reason": "eos", "output_tokens": 25, "nfe": 26, "elapsed_seconds": 1.1178}
{"arm": "nemotron-3b-ex-ar", "case_id": "live_multiple_379-136-0", "stop_reason": "eos", "output_tokens": 19, "nfe": 20, "elapsed_seconds": 1.0409}
{"arm": "nemotron-3b-ex-ar", "case_id": "live_multiple_385-137-3", "stop_reason": "eos", "output_tokens": 20, "nfe": 21, "elapsed_seconds": 0.9374}
{"arm": "nemotron-3b-ex-ar", "case_id": "live_multiple_400-139-4", "stop_reason": "eos", "output_tokens": 33, "nfe": 34, "elapsed_seconds": 1.3728}
{"arm": "nemotron-3b-ex-ar", "case_id": "live_multiple_412-141-1", "stop_reason": "eos", "output_tokens": 54, "nfe": 55, "elapsed_seconds": 2.1521}
{"arm": "nemotron-3b-ex-ar", "case_id": "live_multiple_416-141-5", "stop_reason": "eos", "output_tokens": 97, "nfe": 98, "elapsed_seconds": 3.6839}
{"arm": "nemotron-3b-ex-ar", "case_id": "live_multiple_425-141-14", "stop_reason": "eos", "output_tokens": 42, "nfe": 43, "elapsed_seconds": 1.7235}
{"arm": "nemotron-3b-ex-ar", "case_id": "live_multiple_426-141-15", "stop_reason": "eos", "output_tokens": 27, "nfe": 28, "elapsed_seconds": 1.1849}
{"arm": "nemotron-3b-ex-ar", "case_id": "live_multiple_434-142-0", "stop_reason": "eos", "output_tokens": 62, "nfe": 63, "elapsed_seconds": 2.6914}
{"arm": "nemotron-3b-ex-ar", "case_id": "live_multiple_438-142-4", "stop_reason": "eos", "output_tokens": 56, "nfe": 57, "elapsed_seconds": 2.4781}
{"arm": "nemotron-3b-ex-ar", "case_id": "live_multiple_450-145-1", "stop_reason": "eos", "output_tokens": 29, "nfe": 30, "elapsed_seconds": 1.4004}
{"arm": "nemotron-3b-ex-ar", "case_id": "live_multiple_457-145-8", "stop_reason": "eos", "output_tokens": 35, "nfe": 36, "elapsed_seconds": 1.6699}
{"arm": "nemotron-3b-ex-ar", "case_id": "live_multiple_463-145-14", "stop_reason": "eos", "output_tokens": 32, "nfe": 33, "elapsed_seconds": 1.5137}
{"arm": "nemotron-3b-ex-ar", "case_id": "live_multiple_477-146-2", "stop_reason": "eos", "output_tokens": 36, "nfe": 37, "elapsed_seconds": 1.478}
{"arm": "nemotron-3b-ex-ar", "case_id": "live_multiple_486-147-1", "stop_reason": "eos", "output_tokens": 70, "nfe": 71, "elapsed_seconds": 2.9424}
{"arm": "nemotron-3b-ex-ar", "case_id": "live_multiple_493-148-3", "stop_reason": "eos", "output_tokens": 35, "nfe": 36, "elapsed_seconds": 1.4693}
{"arm": "nemotron-3b-ex-ar", "case_id": "live_multiple_497-148-7", "stop_reason": "eos", "output_tokens": 36, "nfe": 37, "elapsed_seconds": 1.5051}
{"arm": "nemotron-3b-ex-ar", "case_id": "live_multiple_515-150-3", "stop_reason": "eos", "output_tokens": 39, "nfe": 40, "elapsed_seconds": 1.7281}
{"arm": "nemotron-3b-ex-ar", "case_id": "live_multiple_522-150-10", "stop_reason": "eos", "output_tokens": 34, "nfe": 35, "elapsed_seconds": 1.5591}
{"arm": "nemotron-3b-ex-ar", "case_id": "live_multiple_529-151-5", "stop_reason": "eos", "output_tokens": 34, "nfe": 35, "elapsed_seconds": 1.3679}
{"arm": "nemotron-3b-ex-ar", "case_id": "live_multiple_532-151-8", "stop_reason": "eos", "output_tokens": 26, "nfe": 27, "elapsed_seconds": 1.0743}
{"arm": "nemotron-3b-ex-ar", "case_id": "live_multiple_541-152-3", "stop_reason": "eos", "output_tokens": 38, "nfe": 39, "elapsed_seconds": 1.5754}
{"arm": "nemotron-3b-ex-ar", "case_id": "live_multiple_553-153-2", "stop_reason": "eos", "output_tokens": 25, "nfe": 26, "elapsed_seconds": 1.0643}
{"arm": "nemotron-3b-ex-ar", "case_id": "live_multiple_569-155-9", "stop_reason": "eos", "output_tokens": 34, "nfe": 35, "elapsed_seconds": 1.5709}
{"arm": "nemotron-3b-ex-ar", "case_id": "live_multiple_573-155-13", "stop_reason": "eos", "output_tokens": 34, "nfe": 35, "elapsed_seconds": 1.5585}
{"arm": "nemotron-3b-ex-ar", "case_id": "live_multiple_590-157-11", "stop_reason": "eos", "output_tokens": 25, "nfe": 26, "elapsed_seconds": 1.0488}
{"arm": "nemotron-3b-ex-ar", "case_id": "live_multiple_606-158-12", "stop_reason": "eos", "output_tokens": 33, "nfe": 34, "elapsed_seconds": 1.4092}
{"arm": "nemotron-3b-ex-ar", "case_id": "live_multiple_624-160-4", "stop_reason": "eos", "output_tokens": 31, "nfe": 32, "elapsed_seconds": 1.2697}
{"arm": "nemotron-3b-ex-ar", "case_id": "live_multiple_633-161-1", "stop_reason": "eos", "output_tokens": 32, "nfe": 33, "elapsed_seconds": 1.4152}
{"arm": "nemotron-3b-ex-ar", "case_id": "live_multiple_663-162-5", "stop_reason": "eos", "output_tokens": 33, "nfe": 34, "elapsed_seconds": 1.6749}
{"arm": "nemotron-3b-ex-ar", "case_id": "live_multiple_687-164-3", "stop_reason": "eos", "output_tokens": 24, "nfe": 25, "elapsed_seconds": 1.022}
{"arm": "nemotron-3b-ex-ar", "case_id": "live_multiple_696-164-12", "stop_reason": "eos", "output_tokens": 17, "nfe": 18, "elapsed_seconds": 0.7717}
{"arm": "nemotron-3b-ex-ar", "case_id": "live_multiple_712-164-28", "stop_reason": "eos", "output_tokens": 26, "nfe": 27, "elapsed_seconds": 1.0849}
{"arm": "nemotron-3b-ex-ar", "case_id": "live_multiple_718-165-5", "stop_reason": "eos", "output_tokens": 78, "nfe": 79, "elapsed_seconds": 2.9809}
{"arm": "nemotron-3b-ex-ar", "case_id": "live_multiple_720-165-7", "stop_reason": "eos", "output_tokens": 72, "nfe": 73, "elapsed_seconds": 2.7912}
{"arm": "nemotron-3b-ex-ar", "case_id": "live_multiple_728-166-3", "stop_reason": "eos", "output_tokens": 62, "nfe": 63, "elapsed_seconds": 2.3862}
{"arm": "nemotron-3b-ex-ar", "case_id": "live_multiple_740-168-2", "stop_reason": "eos", "output_tokens": 36, "nfe": 37, "elapsed_seconds": 1.5474}
{"arm": "nemotron-3b-ex-ar", "case_id": "live_multiple_757-169-12", "stop_reason": "eos", "output_tokens": 21, "nfe": 22, "elapsed_seconds": 1.0531}
{"arm": "nemotron-3b-ex-ar", "case_id": "live_multiple_760-169-15", "stop_reason": "eos", "output_tokens": 22, "nfe": 23, "elapsed_seconds": 1.12}
{"arm": "nemotron-3b-ex-ar", "case_id": "live_multiple_761-169-16", "stop_reason": "eos", "output_tokens": 21, "nfe": 22, "elapsed_seconds": 1.0433}
{"arm": "nemotron-3b-ex-ar", "case_id": "live_multiple_780-173-2", "stop_reason": "eos", "output_tokens": 23, "nfe": 24, "elapsed_seconds": 0.9667}
{"arm": "nemotron-3b-ex-ar", "case_id": "live_multiple_796-175-2", "stop_reason": "eos", "output_tokens": 14, "nfe": 15, "elapsed_seconds": 0.8024}
{"arm": "nemotron-3b-ex-ar", "case_id": "live_multiple_815-176-6", "stop_reason": "eos", "output_tokens": 28, "nfe": 29, "elapsed_seconds": 1.1045}
{"arm": "nemotron-3b-ex-ar", "case_id": "live_multiple_819-177-2", "stop_reason": "eos", "output_tokens": 103, "nfe": 104, "elapsed_seconds": 3.9067}
{"arm": "nemotron-3b-ex-ar", "case_id": "live_multiple_823-177-6", "stop_reason": "eos", "output_tokens": 45, "nfe": 46, "elapsed_seconds": 1.8854}
{"arm": "nemotron-3b-ex-ar", "case_id": "live_multiple_857-180-5", "stop_reason": "eos", "output_tokens": 45, "nfe": 46, "elapsed_seconds": 1.876}
{"arm": "nemotron-3b-ex-ar", "case_id": "live_multiple_864-182-1", "stop_reason": "eos", "output_tokens": 35, "nfe": 36, "elapsed_seconds": 1.604}
{"arm": "nemotron-3b-ex-ar", "case_id": "live_multiple_870-182-7", "stop_reason": "eos", "output_tokens": 67, "nfe": 68, "elapsed_seconds": 2.7915}
{"arm": "nemotron-3b-ex-ar", "case_id": "live_multiple_879-183-4", "stop_reason": "eos", "output_tokens": 35, "nfe": 36, "elapsed_seconds": 1.6257}
{"arm": "nemotron-3b-ex-ar", "case_id": "live_multiple_883-184-0", "stop_reason": "eos", "output_tokens": 39, "nfe": 40, "elapsed_seconds": 1.7546}
{"arm": "nemotron-3b-ex-ar", "case_id": "live_multiple_884-184-1", "stop_reason": "eos", "output_tokens": 53, "nfe": 54, "elapsed_seconds": 2.255}
{"arm": "nemotron-3b-ex-ar", "case_id": "live_multiple_891-185-1", "stop_reason": "eos", "output_tokens": 25, "nfe": 26, "elapsed_seconds": 1.1829}
{"arm": "nemotron-3b-ex-ar", "case_id": "live_multiple_910-189-0", "stop_reason": "eos", "output_tokens": 10, "nfe": 11, "elapsed_seconds": 0.5322}
{"arm": "nemotron-3b-ex-ar", "case_id": "live_multiple_932-191-20", "stop_reason": "eos", "output_tokens": 16, "nfe": 17, "elapsed_seconds": 0.8495}
{"arm": "nemotron-3b-ex-ar", "case_id": "live_multiple_947-197-0", "stop_reason": "eos", "output_tokens": 18, "nfe": 19, "elapsed_seconds": 0.8399}
{"arm": "nemotron-3b-ex-ar", "case_id": "live_multiple_949-199-0", "stop_reason": "eos", "output_tokens": 23, "nfe": 24, "elapsed_seconds": 0.9613}
{"arm": "nemotron-3b-ex-ar", "case_id": "live_multiple_978-215-2", "stop_reason": "eos", "output_tokens": 27, "nfe": 28, "elapsed_seconds": 1.2509}
{"arm": "nemotron-3b-ex-ar", "case_id": "live_multiple_984-215-8", "stop_reason": "eos", "output_tokens": 16, "nfe": 17, "elapsed_seconds": 0.8542}
{"arm": "nemotron-3b-ex-ar", "case_id": "live_multiple_985-216-0", "stop_reason": "eos", "output_tokens": 19, "nfe": 20, "elapsed_seconds": 2.0191}
{"arm": "nemotron-3b-ex-ar", "case_id": "live_multiple_1012-241-0", "stop_reason": "eos", "output_tokens": 46, "nfe": 47, "elapsed_seconds": 1.8102}
{"arm": "nemotron-3b-ex-ar", "case_id": "live_multiple_1033-261-0", "stop_reason": "eos", "output_tokens": 32, "nfe": 33, "elapsed_seconds": 1.3109}
{"arm": "nemotron-3b-ex-ar", "case_id": "live_multiple_1037-264-0", "stop_reason": "eos", "output_tokens": 42, "nfe": 43, "elapsed_seconds": 1.765}
{"arm": "nemotron-3b-ex-ar", "case_id": "live_multiple_1047-274-0", "stop_reason": "eos", "output_tokens": 59, "nfe": 60, "elapsed_seconds": 2.2696}
{"arm": "nemotron-3b-ex-ar", "case_id": "live_multiple_1052-279-0", "stop_reason": "eos", "output_tokens": 22, "nfe": 23, "elapsed_seconds": 0.8979}
{"arm": "nemotron-3b-ex-ar", "case_id": "live_parallel_0-0-0", "stop_reason": "eos", "output_tokens": 34, "nfe": 35, "elapsed_seconds": 1.3404}
{"arm": "nemotron-3b-ex-ar", "case_id": "live_parallel_1-0-1", "stop_reason": "eos", "output_tokens": 34, "nfe": 35, "elapsed_seconds": 1.327}
{"arm": "nemotron-3b-ex-ar", "case_id": "live_parallel_2-0-2", "stop_reason": "eos", "output_tokens": 34, "nfe": 35, "elapsed_seconds": 1.3165}
{"arm": "nemotron-3b-ex-ar", "case_id": "live_parallel_3-0-3", "stop_reason": "eos", "output_tokens": 53, "nfe": 54, "elapsed_seconds": 1.9981}
{"arm": "nemotron-3b-ex-ar", "case_id": "live_parallel_4-1-0", "stop_reason": "eos", "output_tokens": 24, "nfe": 25, "elapsed_seconds": 0.9432}
{"arm": "nemotron-3b-ex-ar", "case_id": "live_parallel_5-2-0", "stop_reason": "eos", "output_tokens": 34, "nfe": 35, "elapsed_seconds": 1.3238}
{"arm": "nemotron-3b-ex-ar", "case_id": "live_parallel_6-3-0", "stop_reason": "eos", "output_tokens": 25, "nfe": 26, "elapsed_seconds": 1.0114}
{"arm": "nemotron-3b-ex-ar", "case_id": "live_parallel_7-3-1", "stop_reason": "eos", "output_tokens": 34, "nfe": 35, "elapsed_seconds": 1.3392}
{"arm": "nemotron-3b-ex-ar", "case_id": "live_parallel_8-4-0", "stop_reason": "eos", "output_tokens": 43, "nfe": 44, "elapsed_seconds": 1.6238}
{"arm": "nemotron-3b-ex-ar", "case_id": "live_parallel_9-5-0", "stop_reason": "eos", "output_tokens": 31, "nfe": 32, "elapsed_seconds": 1.2308}
{"arm": "nemotron-3b-ex-ar", "case_id": "live_parallel_10-6-0", "stop_reason": "eos", "output_tokens": 113, "nfe": 114, "elapsed_seconds": 4.1335}
{"arm": "nemotron-3b-ex-ar", "case_id": "live_parallel_11-7-0", "stop_reason": "eos", "output_tokens": 112, "nfe": 113, "elapsed_seconds": 4.0894}
{"arm": "nemotron-3b-ex-ar", "case_id": "live_parallel_12-8-0", "stop_reason": "eos", "output_tokens": 146, "nfe": 147, "elapsed_seconds": 5.352}
{"arm": "nemotron-3b-ex-ar", "case_id": "live_parallel_13-9-0", "stop_reason": "eos", "output_tokens": 24, "nfe": 25, "elapsed_seconds": 0.9519}
{"arm": "nemotron-3b-ex-ar", "case_id": "live_parallel_14-10-0", "stop_reason": "eos", "output_tokens": 34, "nfe": 35, "elapsed_seconds": 1.3067}
{"arm": "nemotron-3b-ex-ar", "case_id": "live_parallel_15-11-0", "stop_reason": "eos", "output_tokens": 41, "nfe": 42, "elapsed_seconds": 1.5507}
{"arm": "nemotron-3b-ex-ar", "case_id": "live_parallel_multiple_0-0-0", "stop_reason": "eos", "output_tokens": 80, "nfe": 81, "elapsed_seconds": 3.0272}
{"arm": "nemotron-3b-ex-ar", "case_id": "live_parallel_multiple_1-1-0", "stop_reason": "eos", "output_tokens": 34, "nfe": 35, "elapsed_seconds": 1.3851}
{"arm": "nemotron-3b-ex-ar", "case_id": "live_parallel_multiple_2-2-0", "stop_reason": "eos", "output_tokens": 32, "nfe": 33, "elapsed_seconds": 1.4346}
{"arm": "nemotron-3b-ex-ar", "case_id": "live_parallel_multiple_3-2-1", "stop_reason": "eos", "output_tokens": 98, "nfe": 99, "elapsed_seconds": 3.8157}
{"arm": "nemotron-3b-ex-ar", "case_id": "live_parallel_multiple_4-3-0", "stop_reason": "eos", "output_tokens": 43, "nfe": 44, "elapsed_seconds": 1.7154}
{"arm": "nemotron-3b-ex-ar", "case_id": "live_parallel_multiple_5-4-0", "stop_reason": "eos", "output_tokens": 30, "nfe": 31, "elapsed_seconds": 1.1864}
{"arm": "nemotron-3b-ex-ar", "case_id": "live_parallel_multiple_6-5-0", "stop_reason": "eos", "output_tokens": 37, "nfe": 38, "elapsed_seconds": 1.4422}
{"arm": "nemotron-3b-ex-ar", "case_id": "live_parallel_multiple_7-6-0", "stop_reason": "eos", "output_tokens": 33, "nfe": 34, "elapsed_seconds": 1.3403}
{"arm": "nemotron-3b-ex-ar", "case_id": "live_parallel_multiple_8-7-0", "stop_reason": "eos", "output_tokens": 74, "nfe": 75, "elapsed_seconds": 2.9057}
{"arm": "nemotron-3b-ex-ar", "case_id": "live_parallel_multiple_9-8-0", "stop_reason": "eos", "output_tokens": 96, "nfe": 97, "elapsed_seconds": 3.7511}
{"arm": "nemotron-3b-ex-ar", "case_id": "live_parallel_multiple_10-9-0", "stop_reason": "eos", "output_tokens": 40, "nfe": 41, "elapsed_seconds": 1.7824}
{"arm": "nemotron-3b-ex-ar", "case_id": "live_parallel_multiple_11-10-0", "stop_reason": "eos", "output_tokens": 32, "nfe": 33, "elapsed_seconds": 1.3621}
{"arm": "nemotron-3b-ex-ar", "case_id": "live_parallel_multiple_12-10-1", "stop_reason": "eos", "output_tokens": 30, "nfe": 31, "elapsed_seconds": 1.3139}
{"arm": "nemotron-3b-ex-ar", "case_id": "live_parallel_multiple_13-11-0", "stop_reason": "eos", "output_tokens": 31, "nfe": 32, "elapsed_seconds": 1.2441}
{"arm": "nemotron-3b-ex-ar", "case_id": "live_parallel_multiple_14-12-0", "stop_reason": "eos", "output_tokens": 31, "nfe": 32, "elapsed_seconds": 1.226}
{"arm": "nemotron-3b-ex-ar", "case_id": "live_parallel_multiple_15-13-0", "stop_reason": "eos", "output_tokens": 26, "nfe": 27, "elapsed_seconds": 1.0546}
{"arm": "nemotron-3b-ex-ar", "case_id": "live_parallel_multiple_16-14-0", "stop_reason": "eos", "output_tokens": 28, "nfe": 29, "elapsed_seconds": 1.1331}
{"arm": "nemotron-3b-ex-ar", "case_id": "live_parallel_multiple_17-15-0", "stop_reason": "eos", "output_tokens": 33, "nfe": 34, "elapsed_seconds": 1.4791}
{"arm": "nemotron-3b-ex-ar", "case_id": "live_parallel_multiple_18-16-0", "stop_reason": "eos", "output_tokens": 34, "nfe": 35, "elapsed_seconds": 1.5642}
{"arm": "nemotron-3b-ex-ar", "case_id": "live_parallel_multiple_19-16-1", "stop_reason": "eos", "output_tokens": 62, "nfe": 63, "elapsed_seconds": 2.5732}
{"arm": "nemotron-3b-ex-ar", "case_id": "live_parallel_multiple_20-17-0", "stop_reason": "eos", "output_tokens": 80, "nfe": 81, "elapsed_seconds": 3.3808}
{"arm": "nemotron-3b-ex-ar", "case_id": "live_parallel_multiple_21-18-0", "stop_reason": "eos", "output_tokens": 57, "nfe": 58, "elapsed_seconds": 2.197}
{"arm": "nemotron-3b-ex-ar", "case_id": "live_parallel_multiple_22-19-0", "stop_reason": "eos", "output_tokens": 34, "nfe": 35, "elapsed_seconds": 1.5188}
{"arm": "nemotron-3b-ex-ar", "case_id": "live_parallel_multiple_23-20-0", "stop_reason": "eos", "output_tokens": 19, "nfe": 20, "elapsed_seconds": 0.7902}
[transformers] Calling `crop` with a positive value is deprecated and will be removed in version 5.18. Please use a negative integer to remove that number of tokens from the cache instead.
{"arm": "nemotron-3b-ex-linear_spec", "case_id": "live_simple_0-0-0", "stop_reason": "eos", "output_tokens": 18, "nfe": 5, "elapsed_seconds": 0.2509}
{"arm": "nemotron-3b-ex-linear_spec", "case_id": "live_simple_1-1-0", "stop_reason": "eos", "output_tokens": 30, "nfe": 7, "elapsed_seconds": 0.3541}
{"arm": "nemotron-3b-ex-linear_spec", "case_id": "live_simple_2-2-0", "stop_reason": "eos", "output_tokens": 30, "nfe": 7, "elapsed_seconds": 0.3603}
{"arm": "nemotron-3b-ex-linear_spec", "case_id": "live_simple_3-2-1", "stop_reason": "eos", "output_tokens": 30, "nfe": 9, "elapsed_seconds": 0.4412}
{"arm": "nemotron-3b-ex-linear_spec", "case_id": "live_simple_4-3-0", "stop_reason": "eos", "output_tokens": 19, "nfe": 7, "elapsed_seconds": 0.3511}
{"arm": "nemotron-3b-ex-linear_spec", "case_id": "live_simple_5-3-1", "stop_reason": "eos", "output_tokens": 21, "nfe": 7, "elapsed_seconds": 0.3341}
{"arm": "nemotron-3b-ex-linear_spec", "case_id": "live_simple_6-3-2", "stop_reason": "eos", "output_tokens": 19, "nfe": 7, "elapsed_seconds": 0.3581}
{"arm": "nemotron-3b-ex-linear_spec", "case_id": "live_simple_7-3-3", "stop_reason": "eos", "output_tokens": 19, "nfe": 7, "elapsed_seconds": 0.3529}
{"arm": "nemotron-3b-ex-linear_spec", "case_id": "live_simple_8-3-4", "stop_reason": "eos", "output_tokens": 18, "nfe": 7, "elapsed_seconds": 0.3522}
{"arm": "nemotron-3b-ex-linear_spec", "case_id": "live_simple_9-3-5", "stop_reason": "eos", "output_tokens": 19, "nfe": 7, "elapsed_seconds": 0.3513}
{"arm": "nemotron-3b-ex-linear_spec", "case_id": "live_simple_10-3-6", "stop_reason": "eos", "output_tokens": 26, "nfe": 9, "elapsed_seconds": 0.44}
{"arm": "nemotron-3b-ex-linear_spec", "case_id": "live_simple_11-3-7", "stop_reason": "eos", "output_tokens": 19, "nfe": 7, "elapsed_seconds": 0.3518}
{"arm": "nemotron-3b-ex-linear_spec", "case_id": "live_simple_12-3-8", "stop_reason": "eos", "output_tokens": 19, "nfe": 5, "elapsed_seconds": 0.2711}
{"arm": "nemotron-3b-ex-linear_spec", "case_id": "live_simple_13-3-9", "stop_reason": "eos", "output_tokens": 18, "nfe": 5, "elapsed_seconds": 0.2705}
{"arm": "nemotron-3b-ex-linear_spec", "case_id": "live_simple_14-3-10", "stop_reason": "eos", "output_tokens": 19, "nfe": 7, "elapsed_seconds": 0.3497}
{"arm": "nemotron-3b-ex-linear_spec", "case_id": "live_simple_15-3-11", "stop_reason": "eos", "output_tokens": 20, "nfe": 7, "elapsed_seconds": 0.349}
{"arm": "nemotron-3b-ex-linear_spec", "case_id": "live_simple_16-3-12", "stop_reason": "eos", "output_tokens": 19, "nfe": 7, "elapsed_seconds": 0.3542}
{"arm": "nemotron-3b-ex-linear_spec", "case_id": "live_simple_17-3-13", "stop_reason": "eos", "output_tokens": 18, "nfe": 7, "elapsed_seconds": 0.3508}
{"arm": "nemotron-3b-ex-linear_spec", "case_id": "live_simple_18-3-14", "stop_reason": "eos", "output_tokens": 20, "nfe": 7, "elapsed_seconds": 0.349}
{"arm": "nemotron-3b-ex-linear_spec", "case_id": "live_simple_19-3-15", "stop_reason": "eos", "output_tokens": 22, "nfe": 7, "elapsed_seconds": 0.3571}
{"arm": "nemotron-3b-ex-linear_spec", "case_id": "live_simple_20-4-0", "stop_reason": "eos", "output_tokens": 21, "nfe": 7, "elapsed_seconds": 0.3357}
{"arm": "nemotron-3b-ex-linear_spec", "case_id": "live_simple_21-4-1", "stop_reason": "eos", "output_tokens": 21, "nfe": 5, "elapsed_seconds": 0.2514}
{"arm": "nemotron-3b-ex-linear_spec", "case_id": "live_simple_22-5-0", "stop_reason": "eos", "output_tokens": 14, "nfe": 9, "elapsed_seconds": 0.413}
{"arm": "nemotron-3b-ex-linear_spec", "case_id": "live_simple_23-5-1", "stop_reason": "eos", "output_tokens": 24, "nfe": 9, "elapsed_seconds": 0.4148}
{"arm": "nemotron-3b-ex-linear_spec", "case_id": "live_simple_24-5-2", "stop_reason": "eos", "output_tokens": 14, "nfe": 5, "elapsed_seconds": 0.2505}
{"arm": "nemotron-3b-ex-linear_spec", "case_id": "live_simple_25-5-3", "stop_reason": "eos", "output_tokens": 14, "nfe": 7, "elapsed_seconds": 0.3358}
{"arm": "nemotron-3b-ex-linear_spec", "case_id": "live_simple_26-6-0", "stop_reason": "eos", "output_tokens": 33, "nfe": 9, "elapsed_seconds": 0.4515}
{"arm": "nemotron-3b-ex-linear_spec", "case_id": "live_simple_27-7-0", "stop_reason": "eos", "output_tokens": 32, "nfe": 11, "elapsed_seconds": 0.5207}
{"arm": "nemotron-3b-ex-linear_spec", "case_id": "live_simple_28-7-1", "stop_reason": "eos", "output_tokens": 53, "nfe": 21, "elapsed_seconds": 0.936}
{"arm": "nemotron-3b-ex-linear_spec", "case_id": "live_simple_29-7-2", "stop_reason": "eos", "output_tokens": 23, "nfe": 11, "elapsed_seconds": 0.5195}
{"arm": "nemotron-3b-ex-linear_spec", "case_id": "live_simple_30-8-0", "stop_reason": "eos", "output_tokens": 37, "nfe": 7, "elapsed_seconds": 0.405}
{"arm": "nemotron-3b-ex-linear_spec", "case_id": "live_simple_31-8-1", "stop_reason": "eos", "output_tokens": 34, "nfe": 7, "elapsed_seconds": 0.4033}
{"arm": "nemotron-3b-ex-linear_spec", "case_id": "live_simple_32-9-0", "stop_reason": "eos", "output_tokens": 24, "nfe": 9, "elapsed_seconds": 0.4127}
{"arm": "nemotron-3b-ex-linear_spec", "case_id": "live_simple_33-10-0", "stop_reason": "eos", "output_tokens": 24, "nfe": 9, "elapsed_seconds": 0.4113}
{"arm": "nemotron-3b-ex-linear_spec", "case_id": "live_simple_34-11-0", "stop_reason": "eos", "output_tokens": 24, "nfe": 7, "elapsed_seconds": 0.3396}
{"arm": "nemotron-3b-ex-linear_spec", "case_id": "live_simple_35-12-0", "stop_reason": "eos", "output_tokens": 86, "nfe": 53, "elapsed_seconds": 2.2271}
{"arm": "nemotron-3b-ex-linear_spec", "case_id": "live_simple_36-13-0", "stop_reason": "eos", "output_tokens": 33, "nfe": 15, "elapsed_seconds": 0.664}
{"arm": "nemotron-3b-ex-linear_spec", "case_id": "live_simple_37-14-0", "stop_reason": "eos", "output_tokens": 22, "nfe": 7, "elapsed_seconds": 0.3309}
{"arm": "nemotron-3b-ex-linear_spec", "case_id": "live_simple_38-15-0", "stop_reason": "eos", "output_tokens": 34, "nfe": 11, "elapsed_seconds": 0.5341}
{"arm": "nemotron-3b-ex-linear_spec", "case_id": "live_simple_39-16-0", "stop_reason": "eos", "output_tokens": 37, "nfe": 9, "elapsed_seconds": 0.4396}
{"arm": "nemotron-3b-ex-linear_spec", "case_id": "live_simple_40-17-0", "stop_reason": "eos", "output_tokens": 36, "nfe": 9, "elapsed_seconds": 0.4876}
{"arm": "nemotron-3b-ex-linear_spec", "case_id": "live_simple_41-17-1", "stop_reason": "eos", "output_tokens": 30, "nfe": 11, "elapsed_seconds": 0.5634}
{"arm": "nemotron-3b-ex-linear_spec", "case_id": "live_simple_42-17-2", "stop_reason": "eos", "output_tokens": 38, "nfe": 13, "elapsed_seconds": 0.6533}
{"arm": "nemotron-3b-ex-linear_spec", "case_id": "live_simple_43-17-3", "stop_reason": "eos", "output_tokens": 27, "nfe": 13, "elapsed_seconds": 0.6594}
{"arm": "nemotron-3b-ex-linear_spec", "case_id": "live_simple_44-18-0", "stop_reason": "eos", "output_tokens": 39, "nfe": 15, "elapsed_seconds": 0.7417}
{"arm": "nemotron-3b-ex-linear_spec", "case_id": "live_simple_45-18-1", "stop_reason": "eos", "output_tokens": 28, "nfe": 15, "elapsed_seconds": 0.743}
{"arm": "nemotron-3b-ex-linear_spec", "case_id": "live_simple_46-19-0", "stop_reason": "eos", "output_tokens": 54, "nfe": 11, "elapsed_seconds": 0.5688}
{"arm": "nemotron-3b-ex-linear_spec", "case_id": "live_simple_47-20-0", "stop_reason": "eos", "output_tokens": 12, "nfe": 3, "elapsed_seconds": 0.1624}
{"arm": "nemotron-3b-ex-linear_spec", "case_id": "live_simple_48-21-0", "stop_reason": "eos", "output_tokens": 46, "nfe": 15, "elapsed_seconds": 0.7385}
{"arm": "nemotron-3b-ex-linear_spec", "case_id": "live_simple_49-21-1", "stop_reason": "eos", "output_tokens": 36, "nfe": 13, "elapsed_seconds": 0.6628}
{"arm": "nemotron-3b-ex-linear_spec", "case_id": "live_simple_50-22-0", "stop_reason": "eos", "output_tokens": 16, "nfe": 5, "elapsed_seconds": 0.2473}
{"arm": "nemotron-3b-ex-linear_spec", "case_id": "live_simple_51-23-0", "stop_reason": "eos", "output_tokens": 53, "nfe": 15, "elapsed_seconds": 0.7578}
{"arm": "nemotron-3b-ex-linear_spec", "case_id": "live_simple_52-23-1", "stop_reason": "eos", "output_tokens": 53, "nfe": 13, "elapsed_seconds": 0.6866}
{"arm": "nemotron-3b-ex-linear_spec", "case_id": "live_simple_53-24-0", "stop_reason": "eos", "output_tokens": 25, "nfe": 11, "elapsed_seconds": 0.4977}
{"arm": "nemotron-3b-ex-linear_spec", "case_id": "live_simple_54-25-0", "stop_reason": "eos", "output_tokens": 22, "nfe": 7, "elapsed_seconds": 0.3451}
{"arm": "nemotron-3b-ex-linear_spec", "case_id": "live_simple_55-25-1", "stop_reason": "eos", "output_tokens": 18, "nfe": 9, "elapsed_seconds": 0.4136}
{"arm": "nemotron-3b-ex-linear_spec", "case_id": "live_simple_56-26-0", "stop_reason": "eos", "output_tokens": 17, "nfe": 7, "elapsed_seconds": 0.3579}
{"arm": "nemotron-3b-ex-linear_spec", "case_id": "live_simple_57-26-1", "stop_reason": "eos", "output_tokens": 33, "nfe": 9, "elapsed_seconds": 0.4409}
{"arm": "nemotron-3b-ex-linear_spec", "case_id": "live_simple_58-27-0", "stop_reason": "eos", "output_tokens": 37, "nfe": 11, "elapsed_seconds": 0.5633}
{"arm": "nemotron-3b-ex-linear_spec", "case_id": "live_simple_59-28-0", "stop_reason": "eos", "output_tokens": 26, "nfe": 11, "elapsed_seconds": 0.5316}
{"arm": "nemotron-3b-ex-linear_spec", "case_id": "live_simple_60-29-0", "stop_reason": "eos", "output_tokens": 27, "nfe": 11, "elapsed_seconds": 0.5023}
{"arm": "nemotron-3b-ex-linear_spec", "case_id": "live_simple_61-29-1", "stop_reason": "eos", "output_tokens": 28, "nfe": 11, "elapsed_seconds": 0.5181}
{"arm": "nemotron-3b-ex-linear_spec", "case_id": "live_simple_62-29-2", "stop_reason": "eos", "output_tokens": 10, "nfe": 9, "elapsed_seconds": 0.4259}
{"arm": "nemotron-3b-ex-linear_spec", "case_id": "live_simple_63-29-3", "stop_reason": "eos", "output_tokens": 27, "nfe": 9, "elapsed_seconds": 0.4163}
{"arm": "nemotron-3b-ex-linear_spec", "case_id": "live_simple_64-29-4", "stop_reason": "eos", "output_tokens": 26, "nfe": 9, "elapsed_seconds": 0.4147}
{"arm": "nemotron-3b-ex-linear_spec", "case_id": "live_simple_65-29-5", "stop_reason": "eos", "output_tokens": 26, "nfe": 9, "elapsed_seconds": 0.4137}
{"arm": "nemotron-3b-ex-linear_spec", "case_id": "live_simple_66-30-0", "stop_reason": "eos", "output_tokens": 28, "nfe": 7, "elapsed_seconds": 0.3554}
{"arm": "nemotron-3b-ex-linear_spec", "case_id": "live_simple_67-31-0", "stop_reason": "eos", "output_tokens": 62, "nfe": 11, "elapsed_seconds": 0.5785}
{"arm": "nemotron-3b-ex-linear_spec", "case_id": "live_simple_68-32-0", "stop_reason": "eos", "output_tokens": 15, "nfe": 5, "elapsed_seconds": 0.2459}
{"arm": "nemotron-3b-ex-linear_spec", "case_id": "live_simple_69-33-0", "stop_reason": "eos", "output_tokens": 44, "nfe": 11, "elapsed_seconds": 0.52}
{"arm": "nemotron-3b-ex-linear_spec", "case_id": "live_simple_70-34-0", "stop_reason": "eos", "output_tokens": 29, "nfe": 9, "elapsed_seconds": 0.4924}
{"arm": "nemotron-3b-ex-linear_spec", "case_id": "live_simple_71-35-0", "stop_reason": "eos", "output_tokens": 64, "nfe": 27, "elapsed_seconds": 1.2545}
{"arm": "nemotron-3b-ex-linear_spec", "case_id": "live_simple_72-36-0", "stop_reason": "eos", "output_tokens": 24, "nfe": 5, "elapsed_seconds": 0.2783}
{"arm": "nemotron-3b-ex-linear_spec", "case_id": "live_simple_73-36-1", "stop_reason": "eos", "output_tokens": 25, "nfe": 7, "elapsed_seconds": 0.3555}
{"arm": "nemotron-3b-ex-linear_spec", "case_id": "live_simple_74-36-2", "stop_reason": "eos", "output_tokens": 24, "nfe": 7, "elapsed_seconds": 0.3508}
{"arm": "nemotron-3b-ex-linear_spec", "case_id": "live_simple_75-36-3", "stop_reason": "eos", "output_tokens": 24, "nfe": 5, "elapsed_seconds": 0.2764}
{"arm": "nemotron-3b-ex-linear_spec", "case_id": "live_simple_76-37-0", "stop_reason": "eos", "output_tokens": 25, "nfe": 7, "elapsed_seconds": 0.3579}
{"arm": "nemotron-3b-ex-linear_spec", "case_id": "live_simple_77-38-0", "stop_reason": "eos", "output_tokens": 22, "nfe": 9, "elapsed_seconds": 0.4461}
{"arm": "nemotron-3b-ex-linear_spec", "case_id": "live_simple_78-39-0", "stop_reason": "eos", "output_tokens": 34, "nfe": 13, "elapsed_seconds": 0.6512}
{"arm": "nemotron-3b-ex-linear_spec", "case_id": "live_simple_79-40-0", "stop_reason": "eos", "output_tokens": 14, "nfe": 7, "elapsed_seconds": 0.3394}
{"arm": "nemotron-3b-ex-linear_spec", "case_id": "live_simple_80-41-0", "stop_reason": "eos", "output_tokens": 79, "nfe": 15, "elapsed_seconds": 0.7027}
{"arm": "nemotron-3b-ex-linear_spec", "case_id": "live_simple_81-42-0", "stop_reason": "eos", "output_tokens": 24, "nfe": 9, "elapsed_seconds": 0.4552}
{"arm": "nemotron-3b-ex-linear_spec", "case_id": "live_simple_82-43-0", "stop_reason": "eos", "output_tokens": 61, "nfe": 27, "elapsed_seconds": 1.1977}
{"arm": "nemotron-3b-ex-linear_spec", "case_id": "live_simple_83-44-0", "stop_reason": "eos", "output_tokens": 66, "nfe": 13, "elapsed_seconds": 0.6209}
{"arm": "nemotron-3b-ex-linear_spec", "case_id": "live_simple_84-45-0", "stop_reason": "eos", "output_tokens": 15, "nfe": 7, "elapsed_seconds": 0.3333}
{"arm": "nemotron-3b-ex-linear_spec", "case_id": "live_simple_85-46-0", "stop_reason": "eos", "output_tokens": 38, "nfe": 7, "elapsed_seconds": 0.3569}
{"arm": "nemotron-3b-ex-linear_spec", "case_id": "live_simple_86-47-0", "stop_reason": "eos", "output_tokens": 35, "nfe": 7, "elapsed_seconds": 0.3496}
{"arm": "nemotron-3b-ex-linear_spec", "case_id": "live_simple_87-48-0", "stop_reason": "eos", "output_tokens": 18, "nfe": 5, "elapsed_seconds": 0.2718}
{"arm": "nemotron-3b-ex-linear_spec", "case_id": "live_simple_88-49-0", "stop_reason": "eos", "output_tokens": 31, "nfe": 7, "elapsed_seconds": 0.362}
{"arm": "nemotron-3b-ex-linear_spec", "case_id": "live_simple_89-50-0", "stop_reason": "eos", "output_tokens": 65, "nfe": 13, "elapsed_seconds": 0.6335}
{"arm": "nemotron-3b-ex-linear_spec", "case_id": "live_simple_90-51-0", "stop_reason": "eos", "output_tokens": 14, "nfe": 7, "elapsed_seconds": 0.3578}
{"arm": "nemotron-3b-ex-linear_spec", "case_id": "live_simple_91-52-0", "stop_reason": "eos", "output_tokens": 8, "nfe": 5, "elapsed_seconds": 0.2505}
{"arm": "nemotron-3b-ex-linear_spec", "case_id": "live_simple_92-53-0", "stop_reason": "eos", "output_tokens": 15, "nfe": 7, "elapsed_seconds": 0.3298}
{"arm": "nemotron-3b-ex-linear_spec", "case_id": "live_simple_93-54-0", "stop_reason": "eos", "output_tokens": 15, "nfe": 5, "elapsed_seconds": 0.2428}
{"arm": "nemotron-3b-ex-linear_spec", "case_id": "live_simple_94-55-0", "stop_reason": "eos", "output_tokens": 22, "nfe": 5, "elapsed_seconds": 0.2447}
{"arm": "nemotron-3b-ex-linear_spec", "case_id": "live_simple_95-56-0", "stop_reason": "eos", "output_tokens": 51, "nfe": 9, "elapsed_seconds": 0.4744}
{"arm": "nemotron-3b-ex-linear_spec", "case_id": "live_simple_96-57-0", "stop_reason": "eos", "output_tokens": 18, "nfe": 7, "elapsed_seconds": 0.337}
{"arm": "nemotron-3b-ex-linear_spec", "case_id": "live_simple_97-57-1", "stop_reason": "eos", "output_tokens": 21, "nfe": 9, "elapsed_seconds": 0.4182}
{"arm": "nemotron-3b-ex-linear_spec", "case_id": "live_simple_98-58-0", "stop_reason": "eos", "output_tokens": 34, "nfe": 5, "elapsed_seconds": 0.2532}
{"arm": "nemotron-3b-ex-linear_spec", "case_id": "live_simple_99-59-0", "stop_reason": "eos", "output_tokens": 11, "nfe": 5, "elapsed_seconds": 0.2737}
{"arm": "nemotron-3b-ex-linear_spec", "case_id": "live_simple_100-59-1", "stop_reason": "eos", "output_tokens": 23, "nfe": 7, "elapsed_seconds": 0.3343}
{"arm": "nemotron-3b-ex-linear_spec", "case_id": "live_simple_101-60-0", "stop_reason": "eos", "output_tokens": 25, "nfe": 9, "elapsed_seconds": 0.4373}
{"arm": "nemotron-3b-ex-linear_spec", "case_id": "live_simple_102-61-0", "stop_reason": "eos", "output_tokens": 28, "nfe": 13, "elapsed_seconds": 0.6184}
{"arm": "nemotron-3b-ex-linear_spec", "case_id": "live_simple_103-61-1", "stop_reason": "eos", "output_tokens": 42, "nfe": 15, "elapsed_seconds": 0.6999}
{"arm": "nemotron-3b-ex-linear_spec", "case_id": "live_simple_104-61-2", "stop_reason": "eos", "output_tokens": 19, "nfe": 7, "elapsed_seconds": 0.3652}
{"arm": "nemotron-3b-ex-linear_spec", "case_id": "live_simple_105-62-0", "stop_reason": "eos", "output_tokens": 28, "nfe": 11, "elapsed_seconds": 0.5081}
{"arm": "nemotron-3b-ex-linear_spec", "case_id": "live_simple_106-63-0", "stop_reason": "eos", "output_tokens": 153, "nfe": 47, "elapsed_seconds": 2.2121}
{"arm": "nemotron-3b-ex-linear_spec", "case_id": "live_simple_107-64-0", "stop_reason": "eos", "output_tokens": 131, "nfe": 29, "elapsed_seconds": 1.2977}
{"arm": "nemotron-3b-ex-linear_spec", "case_id": "live_simple_108-65-0", "stop_reason": "eos", "output_tokens": 116, "nfe": 35, "elapsed_seconds": 1.5466}
{"arm": "nemotron-3b-ex-linear_spec", "case_id": "live_simple_109-66-0", "stop_reason": "eos", "output_tokens": 127, "nfe": 59, "elapsed_seconds": 2.5501}
{"arm": "nemotron-3b-ex-linear_spec", "case_id": "live_simple_110-67-0", "stop_reason": "eos", "output_tokens": 14, "nfe": 9, "elapsed_seconds": 0.4545}
{"arm": "nemotron-3b-ex-linear_spec", "case_id": "live_simple_111-67-1", "stop_reason": "eos", "output_tokens": 122, "nfe": 35, "elapsed_seconds": 1.5852}
{"arm": "nemotron-3b-ex-linear_spec", "case_id": "live_simple_112-68-0", "stop_reason": "eos", "output_tokens": 16, "nfe": 7, "elapsed_seconds": 0.3998}
{"arm": "nemotron-3b-ex-linear_spec", "case_id": "live_simple_113-69-0", "stop_reason": "eos", "output_tokens": 41, "nfe": 9, "elapsed_seconds": 0.4458}
{"arm": "nemotron-3b-ex-linear_spec", "case_id": "live_simple_114-70-0", "stop_reason": "eos", "output_tokens": 37, "nfe": 11, "elapsed_seconds": 0.5267}
{"arm": "nemotron-3b-ex-linear_spec", "case_id": "live_simple_115-71-0", "stop_reason": "eos", "output_tokens": 21, "nfe": 7, "elapsed_seconds": 0.3341}
{"arm": "nemotron-3b-ex-linear_spec", "case_id": "live_simple_116-72-0", "stop_reason": "eos", "output_tokens": 17, "nfe": 5, "elapsed_seconds": 0.2421}
{"arm": "nemotron-3b-ex-linear_spec", "case_id": "live_simple_117-73-0", "stop_reason": "eos", "output_tokens": 10, "nfe": 5, "elapsed_seconds": 0.247}
{"arm": "nemotron-3b-ex-linear_spec", "case_id": "live_simple_118-74-0", "stop_reason": "eos", "output_tokens": 18, "nfe": 7, "elapsed_seconds": 0.352}
{"arm": "nemotron-3b-ex-linear_spec", "case_id": "live_simple_119-75-0", "stop_reason": "eos", "output_tokens": 18, "nfe": 5, "elapsed_seconds": 0.2481}
{"arm": "nemotron-3b-ex-linear_spec", "case_id": "live_simple_120-76-0", "stop_reason": "eos", "output_tokens": 56, "nfe": 9, "elapsed_seconds": 0.4479}
{"arm": "nemotron-3b-ex-linear_spec", "case_id": "live_simple_121-77-0", "stop_reason": "eos", "output_tokens": 67, "nfe": 13, "elapsed_seconds": 0.6148}
{"arm": "nemotron-3b-ex-linear_spec", "case_id": "live_simple_122-78-0", "stop_reason": "eos", "output_tokens": 38, "nfe": 11, "elapsed_seconds": 0.529}
{"arm": "nemotron-3b-ex-linear_spec", "case_id": "live_simple_123-79-0", "stop_reason": "eos", "output_tokens": 104, "nfe": 23, "elapsed_seconds": 1.0194}
{"arm": "nemotron-3b-ex-linear_spec", "case_id": "live_simple_124-80-0", "stop_reason": "eos", "output_tokens": 21, "nfe": 7, "elapsed_seconds": 0.3565}
{"arm": "nemotron-3b-ex-linear_spec", "case_id": "live_simple_125-81-0", "stop_reason": "eos", "output_tokens": 17, "nfe": 9, "elapsed_seconds": 0.4116}
{"arm": "nemotron-3b-ex-linear_spec", "case_id": "live_simple_126-82-0", "stop_reason": "eos", "output_tokens": 43, "nfe": 7, "elapsed_seconds": 0.3563}
{"arm": "nemotron-3b-ex-linear_spec", "case_id": "live_simple_127-82-1", "stop_reason": "eos", "output_tokens": 39, "nfe": 9, "elapsed_seconds": 0.4477}
{"arm": "nemotron-3b-ex-linear_spec", "case_id": "live_simple_128-83-0", "stop_reason": "eos", "output_tokens": 62, "nfe": 17, "elapsed_seconds": 0.776}
{"arm": "nemotron-3b-ex-linear_spec", "case_id": "live_simple_129-83-1", "stop_reason": "eos", "output_tokens": 52, "nfe": 17, "elapsed_seconds": 0.7699}
{"arm": "nemotron-3b-ex-linear_spec", "case_id": "live_simple_130-84-0", "stop_reason": "eos", "output_tokens": 77, "nfe": 21, "elapsed_seconds": 0.9531}
{"arm": "nemotron-3b-ex-linear_spec", "case_id": "live_simple_131-84-1", "stop_reason": "eos", "output_tokens": 87, "nfe": 19, "elapsed_seconds": 0.9021}
{"arm": "nemotron-3b-ex-linear_spec", "case_id": "live_simple_132-85-0", "stop_reason": "eos", "output_tokens": 21, "nfe": 9, "elapsed_seconds": 0.4131}
{"arm": "nemotron-3b-ex-linear_spec", "case_id": "live_simple_133-86-0", "stop_reason": "eos", "output_tokens": 43, "nfe": 13, "elapsed_seconds": 0.6118}
{"arm": "nemotron-3b-ex-linear_spec", "case_id": "live_simple_134-87-0", "stop_reason": "eos", "output_tokens": 37, "nfe": 13, "elapsed_seconds": 0.6111}
{"arm": "nemotron-3b-ex-linear_spec", "case_id": "live_simple_135-88-0", "stop_reason": "eos", "output_tokens": 25, "nfe": 7, "elapsed_seconds": 0.3583}
{"arm": "nemotron-3b-ex-linear_spec", "case_id": "live_simple_136-89-0", "stop_reason": "eos", "output_tokens": 49, "nfe": 11, "elapsed_seconds": 0.5336}
{"arm": "nemotron-3b-ex-linear_spec", "case_id": "live_simple_137-90-0", "stop_reason": "eos", "output_tokens": 45, "nfe": 9, "elapsed_seconds": 0.4387}
{"arm": "nemotron-3b-ex-linear_spec", "case_id": "live_simple_138-91-0", "stop_reason": "eos", "output_tokens": 45, "nfe": 9, "elapsed_seconds": 0.4424}
{"arm": "nemotron-3b-ex-linear_spec", "case_id": "live_simple_139-92-0", "stop_reason": "eos", "output_tokens": 64, "nfe": 15, "elapsed_seconds": 0.6912}
{"arm": "nemotron-3b-ex-linear_spec", "case_id": "live_simple_140-93-0", "stop_reason": "eos", "output_tokens": 22, "nfe": 7, "elapsed_seconds": 0.3528}
{"arm": "nemotron-3b-ex-linear_spec", "case_id": "live_simple_141-94-0", "stop_reason": "eos", "output_tokens": 25, "nfe": 9, "elapsed_seconds": 0.4159}
{"arm": "nemotron-3b-ex-linear_spec", "case_id": "live_simple_142-94-1", "stop_reason": "eos", "output_tokens": 11, "nfe": 9, "elapsed_seconds": 0.4141}
{"arm": "nemotron-3b-ex-linear_spec", "case_id": "live_simple_143-95-0", "stop_reason": "eos", "output_tokens": 11, "nfe": 7, "elapsed_seconds": 0.3312}
{"arm": "nemotron-3b-ex-linear_spec", "case_id": "live_simple_144-95-1", "stop_reason": "eos", "output_tokens": 28, "nfe": 23, "elapsed_seconds": 0.9924}
{"arm": "nemotron-3b-ex-linear_spec", "case_id": "live_simple_145-95-2", "stop_reason": "eos", "output_tokens": 55, "nfe": 39, "elapsed_seconds": 1.6685}
{"arm": "nemotron-3b-ex-linear_spec", "case_id": "live_simple_146-95-3", "stop_reason": "eos", "output_tokens": 17, "nfe": 15, "elapsed_seconds": 0.686}
{"arm": "nemotron-3b-ex-linear_spec", "case_id": "live_simple_147-95-4", "stop_reason": "eos", "output_tokens": 17, "nfe": 13, "elapsed_seconds": 0.6019}
{"arm": "nemotron-3b-ex-linear_spec", "case_id": "live_simple_148-95-5", "stop_reason": "eos", "output_tokens": 14, "nfe": 11, "elapsed_seconds": 0.5014}
{"arm": "nemotron-3b-ex-linear_spec", "case_id": "live_simple_149-95-6", "stop_reason": "eos", "output_tokens": 11, "nfe": 9, "elapsed_seconds": 0.4204}
{"arm": "nemotron-3b-ex-linear_spec", "case_id": "live_simple_150-95-7", "stop_reason": "eos", "output_tokens": 17, "nfe": 7, "elapsed_seconds": 0.3546}
{"arm": "nemotron-3b-ex-linear_spec", "case_id": "live_simple_151-95-8", "stop_reason": "eos", "output_tokens": 14, "nfe": 9, "elapsed_seconds": 0.4165}
{"arm": "nemotron-3b-ex-linear_spec", "case_id": "live_simple_152-95-9", "stop_reason": "eos", "output_tokens": 16, "nfe": 9, "elapsed_seconds": 0.4345}
{"arm": "nemotron-3b-ex-linear_spec", "case_id": "live_simple_153-95-10", "stop_reason": "eos", "output_tokens": 23, "nfe": 13, "elapsed_seconds": 0.594}
{"arm": "nemotron-3b-ex-linear_spec", "case_id": "live_simple_154-95-11", "stop_reason": "eos", "output_tokens": 54, "nfe": 35, "elapsed_seconds": 1.5151}
{"arm": "nemotron-3b-ex-linear_spec", "case_id": "live_simple_155-95-12", "stop_reason": "eos", "output_tokens": 10, "nfe": 7, "elapsed_seconds": 0.3392}
{"arm": "nemotron-3b-ex-linear_spec", "case_id": "live_simple_156-95-13", "stop_reason": "eos", "output_tokens": 15, "nfe": 13, "elapsed_seconds": 0.6015}
{"arm": "nemotron-3b-ex-linear_spec", "case_id": "live_simple_157-95-14", "stop_reason": "eos", "output_tokens": 16, "nfe": 9, "elapsed_seconds": 0.4404}
{"arm": "nemotron-3b-ex-linear_spec", "case_id": "live_simple_158-95-15", "stop_reason": "eos", "output_tokens": 31, "nfe": 17, "elapsed_seconds": 0.749}
{"arm": "nemotron-3b-ex-linear_spec", "case_id": "live_simple_159-95-16", "stop_reason": "eos", "output_tokens": 13, "nfe": 7, "elapsed_seconds": 0.3529}
{"arm": "nemotron-3b-ex-linear_spec", "case_id": "live_simple_160-95-17", "stop_reason": "eos", "output_tokens": 16, "nfe": 11, "elapsed_seconds": 0.5139}
{"arm": "nemotron-3b-ex-linear_spec", "case_id": "live_simple_161-96-0", "stop_reason": "eos", "output_tokens": 54, "nfe": 15, "elapsed_seconds": 0.6874}
{"arm": "nemotron-3b-ex-linear_spec", "case_id": "live_simple_162-96-1", "stop_reason": "eos", "output_tokens": 30, "nfe": 7, "elapsed_seconds": 0.3364}
{"arm": "nemotron-3b-ex-linear_spec", "case_id": "live_simple_163-96-2", "stop_reason": "eos", "output_tokens": 35, "nfe": 9, "elapsed_seconds": 0.4391}
{"arm": "nemotron-3b-ex-linear_spec", "case_id": "live_simple_164-97-0", "stop_reason": "eos", "output_tokens": 32, "nfe": 13, "elapsed_seconds": 0.6092}
{"arm": "nemotron-3b-ex-linear_spec", "case_id": "live_simple_165-98-0", "stop_reason": "eos", "output_tokens": 44, "nfe": 13, "elapsed_seconds": 0.6148}
{"arm": "nemotron-3b-ex-linear_spec", "case_id": "live_simple_166-99-0", "stop_reason": "eos", "output_tokens": 13, "nfe": 7, "elapsed_seconds": 0.3337}
{"arm": "nemotron-3b-ex-linear_spec", "case_id": "live_simple_167-99-1", "stop_reason": "eos", "output_tokens": 20, "nfe": 11, "elapsed_seconds": 0.493}
{"arm": "nemotron-3b-ex-linear_spec", "case_id": "live_simple_168-99-2", "stop_reason": "eos", "output_tokens": 11, "nfe": 7, "elapsed_seconds": 0.3311}
{"arm": "nemotron-3b-ex-linear_spec", "case_id": "live_simple_169-99-3", "stop_reason": "eos", "output_tokens": 32, "nfe": 15, "elapsed_seconds": 0.6658}
{"arm": "nemotron-3b-ex-linear_spec", "case_id": "live_simple_170-99-4", "stop_reason": "eos", "output_tokens": 12, "nfe": 11, "elapsed_seconds": 0.4958}
{"arm": "nemotron-3b-ex-linear_spec", "case_id": "live_simple_171-99-5", "stop_reason": "eos", "output_tokens": 13, "nfe": 9, "elapsed_seconds": 0.4169}
{"arm": "nemotron-3b-ex-linear_spec", "case_id": "live_simple_172-99-6", "stop_reason": "eos", "output_tokens": 25, "nfe": 19, "elapsed_seconds": 0.824}
{"arm": "nemotron-3b-ex-linear_spec", "case_id": "live_simple_173-99-7", "stop_reason": "eos", "output_tokens": 11, "nfe": 7, "elapsed_seconds": 0.3306}
{"arm": "nemotron-3b-ex-linear_spec", "case_id": "live_simple_174-100-0", "stop_reason": "eos", "output_tokens": 10, "nfe": 5, "elapsed_seconds": 0.2766}
{"arm": "nemotron-3b-ex-linear_spec", "case_id": "live_simple_175-101-0", "stop_reason": "eos", "output_tokens": 15, "nfe": 7, "elapsed_seconds": 0.3502}
{"arm": "nemotron-3b-ex-linear_spec", "case_id": "live_simple_176-102-0", "stop_reason": "eos", "output_tokens": 14, "nfe": 7, "elapsed_seconds": 0.3345}
{"arm": "nemotron-3b-ex-linear_spec", "case_id": "live_simple_177-103-0", "stop_reason": "eos", "output_tokens": 14, "nfe": 5, "elapsed_seconds": 0.2531}
{"arm": "nemotron-3b-ex-linear_spec", "case_id": "live_simple_178-103-1", "stop_reason": "eos", "output_tokens": 14, "nfe": 7, "elapsed_seconds": 0.3348}
{"arm": "nemotron-3b-ex-linear_spec", "case_id": "live_simple_179-104-0", "stop_reason": "eos", "output_tokens": 15, "nfe": 5, "elapsed_seconds": 0.2766}
{"arm": "nemotron-3b-ex-linear_spec", "case_id": "live_simple_180-105-0", "stop_reason": "eos", "output_tokens": 21, "nfe": 7, "elapsed_seconds": 0.3536}
{"arm": "nemotron-3b-ex-linear_spec", "case_id": "live_simple_181-106-0", "stop_reason": "eos", "output_tokens": 28, "nfe": 9, "elapsed_seconds": 0.4505}
{"arm": "nemotron-3b-ex-linear_spec", "case_id": "live_simple_182-107-0", "stop_reason": "eos", "output_tokens": 40, "nfe": 9, "elapsed_seconds": 0.4525}
{"arm": "nemotron-3b-ex-linear_spec", "case_id": "live_simple_183-108-0", "stop_reason": "eos", "output_tokens": 20, "nfe": 7, "elapsed_seconds": 0.3604}
{"arm": "nemotron-3b-ex-linear_spec", "case_id": "live_simple_184-109-0", "stop_reason": "eos", "output_tokens": 23, "nfe": 9, "elapsed_seconds": 0.4461}
{"arm": "nemotron-3b-ex-linear_spec", "case_id": "live_simple_185-110-0", "stop_reason": "eos", "output_tokens": 43, "nfe": 19, "elapsed_seconds": 0.8779}
{"arm": "nemotron-3b-ex-linear_spec", "case_id": "live_simple_186-111-0", "stop_reason": "eos", "output_tokens": 76, "nfe": 17, "elapsed_seconds": 0.8224}
{"arm": "nemotron-3b-ex-linear_spec", "case_id": "live_simple_187-112-0", "stop_reason": "eos", "output_tokens": 85, "nfe": 19, "elapsed_seconds": 0.9077}
{"arm": "nemotron-3b-ex-linear_spec", "case_id": "live_simple_188-113-0", "stop_reason": "eos", "output_tokens": 40, "nfe": 11, "elapsed_seconds": 0.572}
{"arm": "nemotron-3b-ex-linear_spec", "case_id": "live_simple_189-114-0", "stop_reason": "eos", "output_tokens": 50, "nfe": 13, "elapsed_seconds": 0.6256}
{"arm": "nemotron-3b-ex-linear_spec", "case_id": "live_simple_190-115-0", "stop_reason": "eos", "output_tokens": 25, "nfe": 7, "elapsed_seconds": 0.3605}
{"arm": "nemotron-3b-ex-linear_spec", "case_id": "live_simple_191-115-1", "stop_reason": "eos", "output_tokens": 26, "nfe": 11, "elapsed_seconds": 0.5223}
{"arm": "nemotron-3b-ex-linear_spec", "case_id": "live_simple_192-116-0", "stop_reason": "eos", "output_tokens": 27, "nfe": 7, "elapsed_seconds": 0.3301}
{"arm": "nemotron-3b-ex-linear_spec", "case_id": "live_simple_193-116-1", "stop_reason": "eos", "output_tokens": 27, "nfe": 7, "elapsed_seconds": 0.3299}
{"arm": "nemotron-3b-ex-linear_spec", "case_id": "live_simple_194-116-2", "stop_reason": "eos", "output_tokens": 27, "nfe": 7, "elapsed_seconds": 0.335}
{"arm": "nemotron-3b-ex-linear_spec", "case_id": "live_simple_195-116-3", "stop_reason": "eos", "output_tokens": 28, "nfe": 7, "elapsed_seconds": 0.3358}
{"arm": "nemotron-3b-ex-linear_spec", "case_id": "live_simple_196-116-4", "stop_reason": "eos", "output_tokens": 28, "nfe": 7, "elapsed_seconds": 0.3344}
{"arm": "nemotron-3b-ex-linear_spec", "case_id": "live_simple_197-116-5", "stop_reason": "eos", "output_tokens": 28, "nfe": 7, "elapsed_seconds": 0.3357}
{"arm": "nemotron-3b-ex-linear_spec", "case_id": "live_simple_198-116-6", "stop_reason": "eos", "output_tokens": 28, "nfe": 7, "elapsed_seconds": 0.3344}
{"arm": "nemotron-3b-ex-linear_spec", "case_id": "live_simple_199-116-7", "stop_reason": "eos", "output_tokens": 27, "nfe": 11, "elapsed_seconds": 0.5015}
{"arm": "nemotron-3b-ex-linear_spec", "case_id": "live_simple_200-116-8", "stop_reason": "eos", "output_tokens": 28, "nfe": 9, "elapsed_seconds": 0.4101}
{"arm": "nemotron-3b-ex-linear_spec", "case_id": "live_simple_201-116-9", "stop_reason": "eos", "output_tokens": 27, "nfe": 7, "elapsed_seconds": 0.3337}
{"arm": "nemotron-3b-ex-linear_spec", "case_id": "live_simple_202-116-10", "stop_reason": "eos", "output_tokens": 28, "nfe": 7, "elapsed_seconds": 0.3341}
{"arm": "nemotron-3b-ex-linear_spec", "case_id": "live_simple_203-116-11", "stop_reason": "eos", "output_tokens": 28, "nfe": 7, "elapsed_seconds": 0.3328}
{"arm": "nemotron-3b-ex-linear_spec", "case_id": "live_simple_204-116-12", "stop_reason": "eos", "output_tokens": 29, "nfe": 7, "elapsed_seconds": 0.3357}
{"arm": "nemotron-3b-ex-linear_spec", "case_id": "live_simple_205-116-13", "stop_reason": "eos", "output_tokens": 27, "nfe": 9, "elapsed_seconds": 0.4173}
{"arm": "nemotron-3b-ex-linear_spec", "case_id": "live_simple_206-116-14", "stop_reason": "eos", "output_tokens": 28, "nfe": 7, "elapsed_seconds": 0.3331}
{"arm": "nemotron-3b-ex-linear_spec", "case_id": "live_simple_207-116-15", "stop_reason": "eos", "output_tokens": 27, "nfe": 7, "elapsed_seconds": 0.331}
{"arm": "nemotron-3b-ex-linear_spec", "case_id": "live_simple_208-117-0", "stop_reason": "eos", "output_tokens": 30, "nfe": 11, "elapsed_seconds": 0.5342}
{"arm": "nemotron-3b-ex-linear_spec", "case_id": "live_simple_209-117-1", "stop_reason": "eos", "output_tokens": 33, "nfe": 7, "elapsed_seconds": 0.3619}
{"arm": "nemotron-3b-ex-linear_spec", "case_id": "live_simple_210-117-2", "stop_reason": "eos", "output_tokens": 26, "nfe": 9, "elapsed_seconds": 0.436}
{"arm": "nemotron-3b-ex-linear_spec", "case_id": "live_simple_211-117-3", "stop_reason": "eos", "output_tokens": 27, "nfe": 11, "elapsed_seconds": 0.5239}
{"arm": "nemotron-3b-ex-linear_spec", "case_id": "live_simple_212-117-4", "stop_reason": "eos", "output_tokens": 27, "nfe": 11, "elapsed_seconds": 0.5326}
{"arm": "nemotron-3b-ex-linear_spec", "case_id": "live_simple_213-117-5", "stop_reason": "eos", "output_tokens": 26, "nfe": 11, "elapsed_seconds": 0.5357}
{"arm": "nemotron-3b-ex-linear_spec", "case_id": "live_simple_214-117-6", "stop_reason": "eos", "output_tokens": 30, "nfe": 7, "elapsed_seconds": 0.3662}
{"arm": "nemotron-3b-ex-linear_spec", "case_id": "live_simple_215-117-7", "stop_reason": "eos", "output_tokens": 26, "nfe": 11, "elapsed_seconds": 0.5433}
{"arm": "nemotron-3b-ex-linear_spec", "case_id": "live_simple_216-117-8", "stop_reason": "eos", "output_tokens": 26, "nfe": 11, "elapsed_seconds": 0.5278}
{"arm": "nemotron-3b-ex-linear_spec", "case_id": "live_simple_217-117-9", "stop_reason": "eos", "output_tokens": 30, "nfe": 9, "elapsed_seconds": 0.4505}
{"arm": "nemotron-3b-ex-linear_spec", "case_id": "live_simple_218-117-10", "stop_reason": "eos", "output_tokens": 31, "nfe": 11, "elapsed_seconds": 0.5294}
{"arm": "nemotron-3b-ex-linear_spec", "case_id": "live_simple_219-117-11", "stop_reason": "eos", "output_tokens": 30, "nfe": 9, "elapsed_seconds": 0.4446}
{"arm": "nemotron-3b-ex-linear_spec", "case_id": "live_simple_220-117-12", "stop_reason": "eos", "output_tokens": 28, "nfe": 9, "elapsed_seconds": 0.4502}
{"arm": "nemotron-3b-ex-linear_spec", "case_id": "live_simple_221-117-13", "stop_reason": "eos", "output_tokens": 26, "nfe": 9, "elapsed_seconds": 0.4375}
{"arm": "nemotron-3b-ex-linear_spec", "case_id": "live_simple_222-117-14", "stop_reason": "eos", "output_tokens": 33, "nfe": 13, "elapsed_seconds": 0.6067}
{"arm": "nemotron-3b-ex-linear_spec", "case_id": "live_simple_223-117-15", "stop_reason": "eos", "output_tokens": 26, "nfe": 11, "elapsed_seconds": 0.5287}
{"arm": "nemotron-3b-ex-linear_spec", "case_id": "live_simple_224-117-16", "stop_reason": "eos", "output_tokens": 27, "nfe": 9, "elapsed_seconds": 0.4518}
{"arm": "nemotron-3b-ex-linear_spec", "case_id": "live_simple_225-117-17", "stop_reason": "eos", "output_tokens": 33, "nfe": 7, "elapsed_seconds": 0.3606}
{"arm": "nemotron-3b-ex-linear_spec", "case_id": "live_simple_226-118-0", "stop_reason": "eos", "output_tokens": 37, "nfe": 9, "elapsed_seconds": 0.4419}
{"arm": "nemotron-3b-ex-linear_spec", "case_id": "live_simple_227-118-1", "stop_reason": "eos", "output_tokens": 31, "nfe": 11, "elapsed_seconds": 0.5296}
{"arm": "nemotron-3b-ex-linear_spec", "case_id": "live_simple_228-119-0", "stop_reason": "eos", "output_tokens": 31, "nfe": 9, "elapsed_seconds": 0.4465}
{"arm": "nemotron-3b-ex-linear_spec", "case_id": "live_simple_229-120-0", "stop_reason": "eos", "output_tokens": 11, "nfe": 5, "elapsed_seconds": 0.2518}
{"arm": "nemotron-3b-ex-linear_spec", "case_id": "live_simple_230-121-0", "stop_reason": "eos", "output_tokens": 29, "nfe": 9, "elapsed_seconds": 0.4333}
{"arm": "nemotron-3b-ex-linear_spec", "case_id": "live_simple_231-122-0", "stop_reason": "eos", "output_tokens": 41, "nfe": 9, "elapsed_seconds": 0.4374}
{"arm": "nemotron-3b-ex-linear_spec", "case_id": "live_simple_232-122-1", "stop_reason": "eos", "output_tokens": 39, "nfe": 7, "elapsed_seconds": 0.3569}
{"arm": "nemotron-3b-ex-linear_spec", "case_id": "live_simple_233-123-0", "stop_reason": "eos", "output_tokens": 38, "nfe": 11, "elapsed_seconds": 0.5274}
{"arm": "nemotron-3b-ex-linear_spec", "case_id": "live_simple_234-123-1", "stop_reason": "eos", "output_tokens": 39, "nfe": 11, "elapsed_seconds": 0.5212}
{"arm": "nemotron-3b-ex-linear_spec", "case_id": "live_simple_235-124-0", "stop_reason": "eos", "output_tokens": 27, "nfe": 9, "elapsed_seconds": 0.4422}
{"arm": "nemotron-3b-ex-linear_spec", "case_id": "live_simple_236-124-1", "stop_reason": "eos", "output_tokens": 30, "nfe": 9, "elapsed_seconds": 0.4395}
{"arm": "nemotron-3b-ex-linear_spec", "case_id": "live_simple_237-125-0", "stop_reason": "eos", "output_tokens": 30, "nfe": 13, "elapsed_seconds": 0.5962}
{"arm": "nemotron-3b-ex-linear_spec", "case_id": "live_simple_238-125-1", "stop_reason": "eos", "output_tokens": 29, "nfe": 11, "elapsed_seconds": 0.5246}
{"arm": "nemotron-3b-ex-linear_spec", "case_id": "live_simple_239-125-2", "stop_reason": "eos", "output_tokens": 29, "nfe": 11, "elapsed_seconds": 0.5321}
{"arm": "nemotron-3b-ex-linear_spec", "case_id": "live_simple_240-125-3", "stop_reason": "eos", "output_tokens": 19, "nfe": 11, "elapsed_seconds": 0.5252}
{"arm": "nemotron-3b-ex-linear_spec", "case_id": "live_simple_241-125-4", "stop_reason": "eos", "output_tokens": 25, "nfe": 11, "elapsed_seconds": 0.5412}
{"arm": "nemotron-3b-ex-linear_spec", "case_id": "live_simple_242-126-0", "stop_reason": "eos", "output_tokens": 10, "nfe": 3, "elapsed_seconds": 0.1651}
{"arm": "nemotron-3b-ex-linear_spec", "case_id": "live_simple_243-126-1", "stop_reason": "eos", "output_tokens": 10, "nfe": 3, "elapsed_seconds": 0.1611}
{"arm": "nemotron-3b-ex-linear_spec", "case_id": "live_simple_244-126-2", "stop_reason": "eos", "output_tokens": 10, "nfe": 3, "elapsed_seconds": 0.1588}
{"arm": "nemotron-3b-ex-linear_spec", "case_id": "live_simple_245-127-0", "stop_reason": "eos", "output_tokens": 37, "nfe": 7, "elapsed_seconds": 0.3648}
{"arm": "nemotron-3b-ex-linear_spec", "case_id": "live_simple_246-128-0", "stop_reason": "eos", "output_tokens": 30, "nfe": 7, "elapsed_seconds": 0.3482}
{"arm": "nemotron-3b-ex-linear_spec", "case_id": "live_simple_247-129-0", "stop_reason": "eos", "output_tokens": 10, "nfe": 5, "elapsed_seconds": 0.2272}
{"arm": "nemotron-3b-ex-linear_spec", "case_id": "live_simple_248-130-0", "stop_reason": "eos", "output_tokens": 27, "nfe": 11, "elapsed_seconds": 0.5158}
{"arm": "nemotron-3b-ex-linear_spec", "case_id": "live_simple_249-131-0", "stop_reason": "eos", "output_tokens": 19, "nfe": 7, "elapsed_seconds": 0.3303}
{"arm": "nemotron-3b-ex-linear_spec", "case_id": "live_simple_250-132-0", "stop_reason": "eos", "output_tokens": 32, "nfe": 9, "elapsed_seconds": 0.433}
{"arm": "nemotron-3b-ex-linear_spec", "case_id": "live_simple_251-133-0", "stop_reason": "eos", "output_tokens": 31, "nfe": 7, "elapsed_seconds": 0.3594}
{"arm": "nemotron-3b-ex-linear_spec", "case_id": "live_simple_252-134-0", "stop_reason": "eos", "output_tokens": 27, "nfe": 9, "elapsed_seconds": 0.4401}
{"arm": "nemotron-3b-ex-linear_spec", "case_id": "live_simple_253-135-0", "stop_reason": "eos", "output_tokens": 31, "nfe": 13, "elapsed_seconds": 0.6022}
{"arm": "nemotron-3b-ex-linear_spec", "case_id": "live_simple_254-136-0", "stop_reason": "eos", "output_tokens": 17, "nfe": 7, "elapsed_seconds": 0.3566}
{"arm": "nemotron-3b-ex-linear_spec", "case_id": "live_simple_255-136-1", "stop_reason": "eos", "output_tokens": 18, "nfe": 7, "elapsed_seconds": 0.3569}
{"arm": "nemotron-3b-ex-linear_spec", "case_id": "live_simple_256-137-0", "stop_reason": "eos", "output_tokens": 29, "nfe": 13, "elapsed_seconds": 0.6064}
{"arm": "nemotron-3b-ex-linear_spec", "case_id": "live_simple_257-137-1", "stop_reason": "eos", "output_tokens": 28, "nfe": 11, "elapsed_seconds": 0.5236}
{"arm": "nemotron-3b-ex-linear_spec", "case_id": "live_multiple_1-0-1", "stop_reason": "eos", "output_tokens": 39, "nfe": 15, "elapsed_seconds": 0.7672}
{"arm": "nemotron-3b-ex-linear_spec", "case_id": "live_multiple_2-1-0", "stop_reason": "eos", "output_tokens": 29, "nfe": 7, "elapsed_seconds": 0.4097}
{"arm": "nemotron-3b-ex-linear_spec", "case_id": "live_multiple_3-2-0", "stop_reason": "eos", "output_tokens": 14, "nfe": 5, "elapsed_seconds": 0.2801}
{"arm": "nemotron-3b-ex-linear_spec", "case_id": "live_multiple_17-4-9", "stop_reason": "eos", "output_tokens": 32, "nfe": 13, "elapsed_seconds": 0.8435}
{"arm": "nemotron-3b-ex-linear_spec", "case_id": "live_multiple_19-4-11", "stop_reason": "eos", "output_tokens": 46, "nfe": 11, "elapsed_seconds": 0.7504}
{"arm": "nemotron-3b-ex-linear_spec", "case_id": "live_multiple_23-5-0", "stop_reason": "eos", "output_tokens": 19, "nfe": 9, "elapsed_seconds": 0.5095}
{"arm": "nemotron-3b-ex-linear_spec", "case_id": "live_multiple_33-10-3", "stop_reason": "eos", "output_tokens": 13, "nfe": 7, "elapsed_seconds": 0.4759}
{"arm": "nemotron-3b-ex-linear_spec", "case_id": "live_multiple_39-14-1", "stop_reason": "eos", "output_tokens": 20, "nfe": 7, "elapsed_seconds": 0.3578}
{"arm": "nemotron-3b-ex-linear_spec", "case_id": "live_multiple_40-15-0", "stop_reason": "eos", "output_tokens": 17, "nfe": 5, "elapsed_seconds": 0.2735}
{"arm": "nemotron-3b-ex-linear_spec", "case_id": "live_multiple_51-21-0", "stop_reason": "eos", "output_tokens": 19, "nfe": 9, "elapsed_seconds": 0.565}
{"arm": "nemotron-3b-ex-linear_spec", "case_id": "live_multiple_59-22-6", "stop_reason": "eos", "output_tokens": 39, "nfe": 15, "elapsed_seconds": 0.8109}
{"arm": "nemotron-3b-ex-linear_spec", "case_id": "live_multiple_65-26-1", "stop_reason": "eos", "output_tokens": 18, "nfe": 5, "elapsed_seconds": 0.3248}
{"arm": "nemotron-3b-ex-linear_spec", "case_id": "live_multiple_94-41-1", "stop_reason": "eos", "output_tokens": 10, "nfe": 7, "elapsed_seconds": 0.5445}
{"arm": "nemotron-3b-ex-linear_spec", "case_id": "live_multiple_96-42-0", "stop_reason": "eos", "output_tokens": 13, "nfe": 9, "elapsed_seconds": 0.7321}
{"arm": "nemotron-3b-ex-linear_spec", "case_id": "live_multiple_118-45-3", "stop_reason": "eos", "output_tokens": 10, "nfe": 5, "elapsed_seconds": 0.3861}
{"arm": "nemotron-3b-ex-linear_spec", "case_id": "live_multiple_129-50-1", "stop_reason": "eos", "output_tokens": 20, "nfe": 7, "elapsed_seconds": 0.526}
{"arm": "nemotron-3b-ex-linear_spec", "case_id": "live_multiple_185-80-0", "stop_reason": "eos", "output_tokens": 15, "nfe": 7, "elapsed_seconds": 0.6347}
{"arm": "nemotron-3b-ex-linear_spec", "case_id": "live_multiple_186-81-0", "stop_reason": "eos", "output_tokens": 23, "nfe": 11, "elapsed_seconds": 0.5345}
{"arm": "nemotron-3b-ex-linear_spec", "case_id": "live_multiple_193-87-0", "stop_reason": "eos", "output_tokens": 16, "nfe": 5, "elapsed_seconds": 0.285}
{"arm": "nemotron-3b-ex-linear_spec", "case_id": "live_multiple_198-90-0", "stop_reason": "eos", "output_tokens": 6, "nfe": 5, "elapsed_seconds": 0.4089}
{"arm": "nemotron-3b-ex-linear_spec", "case_id": "live_multiple_200-90-2", "stop_reason": "eos", "output_tokens": 23, "nfe": 9, "elapsed_seconds": 0.605}
{"arm": "nemotron-3b-ex-linear_spec", "case_id": "live_multiple_204-90-6", "stop_reason": "eos", "output_tokens": 79, "nfe": 17, "elapsed_seconds": 0.9352}
{"arm": "nemotron-3b-ex-linear_spec", "case_id": "live_multiple_206-91-0", "stop_reason": "eos", "output_tokens": 10, "nfe": 5, "elapsed_seconds": 0.4423}
{"arm": "nemotron-3b-ex-linear_spec", "case_id": "live_multiple_216-92-0", "stop_reason": "eos", "output_tokens": 33, "nfe": 9, "elapsed_seconds": 0.4837}
{"arm": "nemotron-3b-ex-linear_spec", "case_id": "live_multiple_239-107-0", "stop_reason": "eos", "output_tokens": 20, "nfe": 9, "elapsed_seconds": 0.6325}
{"arm": "nemotron-3b-ex-linear_spec", "case_id": "live_multiple_244-108-0", "stop_reason": "eos", "output_tokens": 10, "nfe": 5, "elapsed_seconds": 0.3454}
{"arm": "nemotron-3b-ex-linear_spec", "case_id": "live_multiple_263-126-0", "stop_reason": "eos", "output_tokens": 40, "nfe": 11, "elapsed_seconds": 0.5341}
{"arm": "nemotron-3b-ex-linear_spec", "case_id": "live_multiple_274-127-9", "stop_reason": "eos", "output_tokens": 26, "nfe": 9, "elapsed_seconds": 0.724}
{"arm": "nemotron-3b-ex-linear_spec", "case_id": "live_multiple_290-129-5", "stop_reason": "eos", "output_tokens": 24, "nfe": 9, "elapsed_seconds": 0.5154}
{"arm": "nemotron-3b-ex-linear_spec", "case_id": "live_multiple_323-132-13", "stop_reason": "eos", "output_tokens": 27, "nfe": 9, "elapsed_seconds": 0.6105}
{"arm": "nemotron-3b-ex-linear_spec", "case_id": "live_multiple_325-132-15", "stop_reason": "eos", "output_tokens": 29, "nfe": 11, "elapsed_seconds": 0.6942}
{"arm": "nemotron-3b-ex-linear_spec", "case_id": "live_multiple_326-132-16", "stop_reason": "eos", "output_tokens": 32, "nfe": 11, "elapsed_seconds": 0.6949}
{"arm": "nemotron-3b-ex-linear_spec", "case_id": "live_multiple_342-133-6", "stop_reason": "eos", "output_tokens": 31, "nfe": 13, "elapsed_seconds": 0.7334}
{"arm": "nemotron-3b-ex-linear_spec", "case_id": "live_multiple_346-133-10", "stop_reason": "eos", "output_tokens": 26, "nfe": 7, "elapsed_seconds": 0.4696}
{"arm": "nemotron-3b-ex-linear_spec", "case_id": "live_multiple_354-133-18", "stop_reason": "eos", "output_tokens": 33, "nfe": 13, "elapsed_seconds": 0.7332}
{"arm": "nemotron-3b-ex-linear_spec", "case_id": "live_multiple_363-134-8", "stop_reason": "eos", "output_tokens": 25, "nfe": 9, "elapsed_seconds": 0.5585}
{"arm": "nemotron-3b-ex-linear_spec", "case_id": "live_multiple_367-134-12", "stop_reason": "eos", "output_tokens": 25, "nfe": 9, "elapsed_seconds": 0.5634}
{"arm": "nemotron-3b-ex-linear_spec", "case_id": "live_multiple_379-136-0", "stop_reason": "eos", "output_tokens": 19, "nfe": 9, "elapsed_seconds": 0.7346}
{"arm": "nemotron-3b-ex-linear_spec", "case_id": "live_multiple_385-137-3", "stop_reason": "eos", "output_tokens": 20, "nfe": 9, "elapsed_seconds": 0.5634}
{"arm": "nemotron-3b-ex-linear_spec", "case_id": "live_multiple_400-139-4", "stop_reason": "eos", "output_tokens": 33, "nfe": 9, "elapsed_seconds": 0.5223}
{"arm": "nemotron-3b-ex-linear_spec", "case_id": "live_multiple_412-141-1", "stop_reason": "eos", "output_tokens": 54, "nfe": 13, "elapsed_seconds": 0.7432}
{"arm": "nemotron-3b-ex-linear_spec", "case_id": "live_multiple_416-141-5", "stop_reason": "eos", "output_tokens": 97, "nfe": 23, "elapsed_seconds": 1.1834}
{"arm": "nemotron-3b-ex-linear_spec", "case_id": "live_multiple_425-141-14", "stop_reason": "eos", "output_tokens": 42, "nfe": 13, "elapsed_seconds": 0.7435}
{"arm": "nemotron-3b-ex-linear_spec", "case_id": "live_multiple_426-141-15", "stop_reason": "eos", "output_tokens": 27, "nfe": 9, "elapsed_seconds": 0.5604}
{"arm": "nemotron-3b-ex-linear_spec", "case_id": "live_multiple_434-142-0", "stop_reason": "eos", "output_tokens": 62, "nfe": 11, "elapsed_seconds": 0.9374}
{"arm": "nemotron-3b-ex-linear_spec", "case_id": "live_multiple_438-142-4", "stop_reason": "eos", "output_tokens": 56, "nfe": 11, "elapsed_seconds": 0.9485}
{"arm": "nemotron-3b-ex-linear_spec", "case_id": "live_multiple_450-145-1", "stop_reason": "eos", "output_tokens": 29, "nfe": 13, "elapsed_seconds": 0.9237}
{"arm": "nemotron-3b-ex-linear_spec", "case_id": "live_multiple_457-145-8", "stop_reason": "eos", "output_tokens": 35, "nfe": 11, "elapsed_seconds": 0.82}
{"arm": "nemotron-3b-ex-linear_spec", "case_id": "live_multiple_463-145-14", "stop_reason": "eos", "output_tokens": 32, "nfe": 11, "elapsed_seconds": 0.8163}
{"arm": "nemotron-3b-ex-linear_spec", "case_id": "live_multiple_477-146-2", "stop_reason": "eos", "output_tokens": 36, "nfe": 11, "elapsed_seconds": 0.5832}
{"arm": "nemotron-3b-ex-linear_spec", "case_id": "live_multiple_486-147-1", "stop_reason": "eos", "output_tokens": 70, "nfe": 13, "elapsed_seconds": 1.0024}
{"arm": "nemotron-3b-ex-linear_spec", "case_id": "live_multiple_493-148-3", "stop_reason": "eos", "output_tokens": 35, "nfe": 9, "elapsed_seconds": 0.5718}
{"arm": "nemotron-3b-ex-linear_spec", "case_id": "live_multiple_497-148-7", "stop_reason": "eos", "output_tokens": 36, "nfe": 9, "elapsed_seconds": 0.5638}
{"arm": "nemotron-3b-ex-linear_spec", "case_id": "live_multiple_515-150-3", "stop_reason": "eos", "output_tokens": 39, "nfe": 15, "elapsed_seconds": 0.9739}
{"arm": "nemotron-3b-ex-linear_spec", "case_id": "live_multiple_522-150-10", "stop_reason": "eos", "output_tokens": 34, "nfe": 13, "elapsed_seconds": 0.8883}
{"arm": "nemotron-3b-ex-linear_spec", "case_id": "live_multiple_529-151-5", "stop_reason": "eos", "output_tokens": 34, "nfe": 9, "elapsed_seconds": 0.4783}
{"arm": "nemotron-3b-ex-linear_spec", "case_id": "live_multiple_532-151-8", "stop_reason": "eos", "output_tokens": 26, "nfe": 11, "elapsed_seconds": 0.5675}
{"arm": "nemotron-3b-ex-linear_spec", "case_id": "live_multiple_541-152-3", "stop_reason": "eos", "output_tokens": 38, "nfe": 9, "elapsed_seconds": 0.558}
{"arm": "nemotron-3b-ex-linear_spec", "case_id": "live_multiple_553-153-2", "stop_reason": "eos", "output_tokens": 25, "nfe": 11, "elapsed_seconds": 0.6059}
{"arm": "nemotron-3b-ex-linear_spec", "case_id": "live_multiple_569-155-9", "stop_reason": "eos", "output_tokens": 34, "nfe": 11, "elapsed_seconds": 0.8055}
{"arm": "nemotron-3b-ex-linear_spec", "case_id": "live_multiple_573-155-13", "stop_reason": "eos", "output_tokens": 34, "nfe": 9, "elapsed_seconds": 0.7211}
{"arm": "nemotron-3b-ex-linear_spec", "case_id": "live_multiple_590-157-11", "stop_reason": "eos", "output_tokens": 25, "nfe": 9, "elapsed_seconds": 0.4896}
{"arm": "nemotron-3b-ex-linear_spec", "case_id": "live_multiple_606-158-12", "stop_reason": "eos", "output_tokens": 33, "nfe": 11, "elapsed_seconds": 0.5855}
{"arm": "nemotron-3b-ex-linear_spec", "case_id": "live_multiple_624-160-4", "stop_reason": "eos", "output_tokens": 31, "nfe": 7, "elapsed_seconds": 0.3978}
{"arm": "nemotron-3b-ex-linear_spec", "case_id": "live_multiple_633-161-1", "stop_reason": "eos", "output_tokens": 32, "nfe": 7, "elapsed_seconds": 0.5349}
{"arm": "nemotron-3b-ex-linear_spec", "case_id": "live_multiple_663-162-5", "stop_reason": "eos", "output_tokens": 33, "nfe": 9, "elapsed_seconds": 0.908}
{"arm": "nemotron-3b-ex-linear_spec", "case_id": "live_multiple_687-164-3", "stop_reason": "eos", "output_tokens": 24, "nfe": 11, "elapsed_seconds": 0.595}
{"arm": "nemotron-3b-ex-linear_spec", "case_id": "live_multiple_696-164-12", "stop_reason": "eos", "output_tokens": 17, "nfe": 9, "elapsed_seconds": 0.5209}
{"arm": "nemotron-3b-ex-linear_spec", "case_id": "live_multiple_712-164-28", "stop_reason": "eos", "output_tokens": 26, "nfe": 11, "elapsed_seconds": 0.6066}
{"arm": "nemotron-3b-ex-linear_spec", "case_id": "live_multiple_718-165-5", "stop_reason": "eos", "output_tokens": 78, "nfe": 13, "elapsed_seconds": 0.7472}
{"arm": "nemotron-3b-ex-linear_spec", "case_id": "live_multiple_720-165-7", "stop_reason": "eos", "output_tokens": 72, "nfe": 13, "elapsed_seconds": 0.738}
{"arm": "nemotron-3b-ex-linear_spec", "case_id": "live_multiple_728-166-3", "stop_reason": "eos", "output_tokens": 62, "nfe": 15, "elapsed_seconds": 0.7522}
{"arm": "nemotron-3b-ex-linear_spec", "case_id": "live_multiple_740-168-2", "stop_reason": "eos", "output_tokens": 36, "nfe": 9, "elapsed_seconds": 0.6168}
{"arm": "nemotron-3b-ex-linear_spec", "case_id": "live_multiple_757-169-12", "stop_reason": "eos", "output_tokens": 21, "nfe": 9, "elapsed_seconds": 0.6547}
{"arm": "nemotron-3b-ex-linear_spec", "case_id": "live_multiple_760-169-15", "stop_reason": "eos", "output_tokens": 22, "nfe": 7, "elapsed_seconds": 0.565}
{"arm": "nemotron-3b-ex-linear_spec", "case_id": "live_multiple_761-169-16", "stop_reason": "eos", "output_tokens": 21, "nfe": 9, "elapsed_seconds": 0.6543}
{"arm": "nemotron-3b-ex-linear_spec", "case_id": "live_multiple_780-173-2", "stop_reason": "eos", "output_tokens": 23, "nfe": 7, "elapsed_seconds": 0.404}
{"arm": "nemotron-3b-ex-linear_spec", "case_id": "live_multiple_796-175-2", "stop_reason": "eos", "output_tokens": 14, "nfe": 5, "elapsed_seconds": 0.4982}
{"arm": "nemotron-3b-ex-linear_spec", "case_id": "live_multiple_815-176-6", "stop_reason": "eos", "output_tokens": 28, "nfe": 7, "elapsed_seconds": 0.3575}
{"arm": "nemotron-3b-ex-linear_spec", "case_id": "live_multiple_819-177-2", "stop_reason": "eos", "output_tokens": 103, "nfe": 29, "elapsed_seconds": 1.5098}
{"arm": "nemotron-3b-ex-linear_spec", "case_id": "live_multiple_823-177-6", "stop_reason": "eos", "output_tokens": 58, "nfe": 17, "elapsed_seconds": 0.9729}
{"arm": "nemotron-3b-ex-linear_spec", "case_id": "live_multiple_857-180-5", "stop_reason": "eos", "output_tokens": 45, "nfe": 11, "elapsed_seconds": 0.7093}
{"arm": "nemotron-3b-ex-linear_spec", "case_id": "live_multiple_864-182-1", "stop_reason": "eos", "output_tokens": 46, "nfe": 13, "elapsed_seconds": 0.9094}
{"arm": "nemotron-3b-ex-linear_spec", "case_id": "live_multiple_870-182-7", "stop_reason": "eos", "output_tokens": 67, "nfe": 21, "elapsed_seconds": 1.282}
{"arm": "nemotron-3b-ex-linear_spec", "case_id": "live_multiple_879-183-4", "stop_reason": "eos", "output_tokens": 35, "nfe": 11, "elapsed_seconds": 0.8273}
{"arm": "nemotron-3b-ex-linear_spec", "case_id": "live_multiple_883-184-0", "stop_reason": "eos", "output_tokens": 39, "nfe": 11, "elapsed_seconds": 0.8046}
{"arm": "nemotron-3b-ex-linear_spec", "case_id": "live_multiple_884-184-1", "stop_reason": "eos", "output_tokens": 53, "nfe": 23, "elapsed_seconds": 1.359}
{"arm": "nemotron-3b-ex-linear_spec", "case_id": "live_multiple_891-185-1", "stop_reason": "eos", "output_tokens": 25, "nfe": 7, "elapsed_seconds": 0.5571}
{"arm": "nemotron-3b-ex-linear_spec", "case_id": "live_multiple_910-189-0", "stop_reason": "eos", "output_tokens": 10, "nfe": 3, "elapsed_seconds": 0.248}
{"arm": "nemotron-3b-ex-linear_spec", "case_id": "live_multiple_932-191-20", "stop_reason": "eos", "output_tokens": 16, "nfe": 5, "elapsed_seconds": 0.4507}
{"arm": "nemotron-3b-ex-linear_spec", "case_id": "live_multiple_947-197-0", "stop_reason": "eos", "output_tokens": 18, "nfe": 9, "elapsed_seconds": 0.5584}
{"arm": "nemotron-3b-ex-linear_spec", "case_id": "live_multiple_949-199-0", "stop_reason": "eos", "output_tokens": 23, "nfe": 9, "elapsed_seconds": 0.4745}
{"arm": "nemotron-3b-ex-linear_spec", "case_id": "live_multiple_978-215-2", "stop_reason": "eos", "output_tokens": 27, "nfe": 11, "elapsed_seconds": 0.7403}
{"arm": "nemotron-3b-ex-linear_spec", "case_id": "live_multiple_984-215-8", "stop_reason": "eos", "output_tokens": 16, "nfe": 5, "elapsed_seconds": 0.4578}
{"arm": "nemotron-3b-ex-linear_spec", "case_id": "live_multiple_985-216-0", "stop_reason": "eos", "output_tokens": 19, "nfe": 7, "elapsed_seconds": 1.666}
{"arm": "nemotron-3b-ex-linear_spec", "case_id": "live_multiple_1012-241-0", "stop_reason": "eos", "output_tokens": 46, "nfe": 15, "elapsed_seconds": 0.7551}
{"arm": "nemotron-3b-ex-linear_spec", "case_id": "live_multiple_1033-261-0", "stop_reason": "eos", "output_tokens": 32, "nfe": 11, "elapsed_seconds": 0.5725}
{"arm": "nemotron-3b-ex-linear_spec", "case_id": "live_multiple_1037-264-0", "stop_reason": "eos", "output_tokens": 42, "nfe": 11, "elapsed_seconds": 0.6993}
{"arm": "nemotron-3b-ex-linear_spec", "case_id": "live_multiple_1047-274-0", "stop_reason": "eos", "output_tokens": 59, "nfe": 9, "elapsed_seconds": 0.4889}
{"arm": "nemotron-3b-ex-linear_spec", "case_id": "live_multiple_1052-279-0", "stop_reason": "eos", "output_tokens": 22, "nfe": 9, "elapsed_seconds": 0.4409}
{"arm": "nemotron-3b-ex-linear_spec", "case_id": "live_parallel_0-0-0", "stop_reason": "eos", "output_tokens": 34, "nfe": 11, "elapsed_seconds": 0.516}
{"arm": "nemotron-3b-ex-linear_spec", "case_id": "live_parallel_1-0-1", "stop_reason": "eos", "output_tokens": 34, "nfe": 7, "elapsed_seconds": 0.3529}
{"arm": "nemotron-3b-ex-linear_spec", "case_id": "live_parallel_2-0-2", "stop_reason": "eos", "output_tokens": 34, "nfe": 9, "elapsed_seconds": 0.4285}
{"arm": "nemotron-3b-ex-linear_spec", "case_id": "live_parallel_3-0-3", "stop_reason": "eos", "output_tokens": 53, "nfe": 13, "elapsed_seconds": 0.6078}
{"arm": "nemotron-3b-ex-linear_spec", "case_id": "live_parallel_4-1-0", "stop_reason": "eos", "output_tokens": 24, "nfe": 7, "elapsed_seconds": 0.3375}
{"arm": "nemotron-3b-ex-linear_spec", "case_id": "live_parallel_5-2-0", "stop_reason": "eos", "output_tokens": 34, "nfe": 7, "elapsed_seconds": 0.3558}
{"arm": "nemotron-3b-ex-linear_spec", "case_id": "live_parallel_6-3-0", "stop_reason": "eos", "output_tokens": 25, "nfe": 9, "elapsed_seconds": 0.4424}
{"arm": "nemotron-3b-ex-linear_spec", "case_id": "live_parallel_7-3-1", "stop_reason": "eos", "output_tokens": 34, "nfe": 7, "elapsed_seconds": 0.364}
{"arm": "nemotron-3b-ex-linear_spec", "case_id": "live_parallel_8-4-0", "stop_reason": "eos", "output_tokens": 43, "nfe": 11, "elapsed_seconds": 0.4995}
{"arm": "nemotron-3b-ex-linear_spec", "case_id": "live_parallel_9-5-0", "stop_reason": "eos", "output_tokens": 31, "nfe": 9, "elapsed_seconds": 0.4435}
{"arm": "nemotron-3b-ex-linear_spec", "case_id": "live_parallel_10-6-0", "stop_reason": "eos", "output_tokens": 113, "nfe": 17, "elapsed_seconds": 0.7868}
{"arm": "nemotron-3b-ex-linear_spec", "case_id": "live_parallel_11-7-0", "stop_reason": "eos", "output_tokens": 112, "nfe": 21, "elapsed_seconds": 0.9466}
{"arm": "nemotron-3b-ex-linear_spec", "case_id": "live_parallel_12-8-0", "stop_reason": "eos", "output_tokens": 146, "nfe": 25, "elapsed_seconds": 1.112}
{"arm": "nemotron-3b-ex-linear_spec", "case_id": "live_parallel_13-9-0", "stop_reason": "eos", "output_tokens": 24, "nfe": 9, "elapsed_seconds": 0.4188}
{"arm": "nemotron-3b-ex-linear_spec", "case_id": "live_parallel_14-10-0", "stop_reason": "eos", "output_tokens": 34, "nfe": 7, "elapsed_seconds": 0.3323}
{"arm": "nemotron-3b-ex-linear_spec", "case_id": "live_parallel_15-11-0", "stop_reason": "eos", "output_tokens": 41, "nfe": 21, "elapsed_seconds": 0.9073}
{"arm": "nemotron-3b-ex-linear_spec", "case_id": "live_parallel_multiple_0-0-0", "stop_reason": "eos", "output_tokens": 80, "nfe": 23, "elapsed_seconds": 1.1054}
{"arm": "nemotron-3b-ex-linear_spec", "case_id": "live_parallel_multiple_1-1-0", "stop_reason": "eos", "output_tokens": 34, "nfe": 9, "elapsed_seconds": 0.5122}
{"arm": "nemotron-3b-ex-linear_spec", "case_id": "live_parallel_multiple_2-2-0", "stop_reason": "eos", "output_tokens": 32, "nfe": 15, "elapsed_seconds": 0.94}
{"arm": "nemotron-3b-ex-linear_spec", "case_id": "live_parallel_multiple_3-2-1", "stop_reason": "eos", "output_tokens": 98, "nfe": 27, "elapsed_seconds": 1.4925}
{"arm": "nemotron-3b-ex-linear_spec", "case_id": "live_parallel_multiple_4-3-0", "stop_reason": "eos", "output_tokens": 43, "nfe": 9, "elapsed_seconds": 0.4967}
{"arm": "nemotron-3b-ex-linear_spec", "case_id": "live_parallel_multiple_5-4-0", "stop_reason": "eos", "output_tokens": 30, "nfe": 9, "elapsed_seconds": 0.4381}
{"arm": "nemotron-3b-ex-linear_spec", "case_id": "live_parallel_multiple_6-5-0", "stop_reason": "eos", "output_tokens": 37, "nfe": 11, "elapsed_seconds": 0.5259}
{"arm": "nemotron-3b-ex-linear_spec", "case_id": "live_parallel_multiple_7-6-0", "stop_reason": "eos", "output_tokens": 33, "nfe": 9, "elapsed_seconds": 0.4848}
{"arm": "nemotron-3b-ex-linear_spec", "case_id": "live_parallel_multiple_8-7-0", "stop_reason": "eos", "output_tokens": 70, "nfe": 23, "elapsed_seconds": 1.2245}
{"arm": "nemotron-3b-ex-linear_spec", "case_id": "live_parallel_multiple_9-8-0", "stop_reason": "eos", "output_tokens": 96, "nfe": 23, "elapsed_seconds": 1.2859}
{"arm": "nemotron-3b-ex-linear_spec", "case_id": "live_parallel_multiple_10-9-0", "stop_reason": "eos", "output_tokens": 40, "nfe": 17, "elapsed_seconds": 1.1029}
{"arm": "nemotron-3b-ex-linear_spec", "case_id": "live_parallel_multiple_11-10-0", "stop_reason": "eos", "output_tokens": 32, "nfe": 19, "elapsed_seconds": 1.0021}
{"arm": "nemotron-3b-ex-linear_spec", "case_id": "live_parallel_multiple_12-10-1", "stop_reason": "eos", "output_tokens": 30, "nfe": 11, "elapsed_seconds": 0.6488}
{"arm": "nemotron-3b-ex-linear_spec", "case_id": "live_parallel_multiple_13-11-0", "stop_reason": "eos", "output_tokens": 31, "nfe": 9, "elapsed_seconds": 0.4536}
{"arm": "nemotron-3b-ex-linear_spec", "case_id": "live_parallel_multiple_14-12-0", "stop_reason": "eos", "output_tokens": 31, "nfe": 9, "elapsed_seconds": 0.452}
{"arm": "nemotron-3b-ex-linear_spec", "case_id": "live_parallel_multiple_15-13-0", "stop_reason": "eos", "output_tokens": 26, "nfe": 7, "elapsed_seconds": 0.3639}
{"arm": "nemotron-3b-ex-linear_spec", "case_id": "live_parallel_multiple_16-14-0", "stop_reason": "eos", "output_tokens": 28, "nfe": 9, "elapsed_seconds": 0.4431}
{"arm": "nemotron-3b-ex-linear_spec", "case_id": "live_parallel_multiple_17-15-0", "stop_reason": "eos", "output_tokens": 33, "nfe": 9, "elapsed_seconds": 0.6275}
{"arm": "nemotron-3b-ex-linear_spec", "case_id": "live_parallel_multiple_18-16-0", "stop_reason": "eos", "output_tokens": 34, "nfe": 9, "elapsed_seconds": 0.7183}
{"arm": "nemotron-3b-ex-linear_spec", "case_id": "live_parallel_multiple_19-16-1", "stop_reason": "eos", "output_tokens": 62, "nfe": 15, "elapsed_seconds": 0.9992}
{"arm": "nemotron-3b-ex-linear_spec", "case_id": "live_parallel_multiple_20-17-0", "stop_reason": "eos", "output_tokens": 80, "nfe": 17, "elapsed_seconds": 1.3198}
{"arm": "nemotron-3b-ex-linear_spec", "case_id": "live_parallel_multiple_21-18-0", "stop_reason": "eos", "output_tokens": 57, "nfe": 11, "elapsed_seconds": 0.5794}
{"arm": "nemotron-3b-ex-linear_spec", "case_id": "live_parallel_multiple_22-19-0", "stop_reason": "eos", "output_tokens": 34, "nfe": 7, "elapsed_seconds": 0.5568}
{"arm": "nemotron-3b-ex-linear_spec", "case_id": "live_parallel_multiple_23-20-0", "stop_reason": "eos", "output_tokens": 19, "nfe": 7, "elapsed_seconds": 0.362}
{"arm": "nemotron-3b-ex-diffusion", "case_id": "live_simple_0-0-0", "stop_reason": "eos", "output_tokens": 18, "nfe": 5, "elapsed_seconds": 0.2846}
{"arm": "nemotron-3b-ex-diffusion", "case_id": "live_simple_1-1-0", "stop_reason": "eos", "output_tokens": 30, "nfe": 8, "elapsed_seconds": 0.4277}
{"arm": "nemotron-3b-ex-diffusion", "case_id": "live_simple_2-2-0", "stop_reason": "eos", "output_tokens": 30, "nfe": 7, "elapsed_seconds": 0.397}
{"arm": "nemotron-3b-ex-diffusion", "case_id": "live_simple_3-2-1", "stop_reason": "eos", "output_tokens": 30, "nfe": 6, "elapsed_seconds": 0.3581}
{"arm": "nemotron-3b-ex-diffusion", "case_id": "live_simple_4-3-0", "stop_reason": "eos", "output_tokens": 19, "nfe": 5, "elapsed_seconds": 0.3191}
{"arm": "nemotron-3b-ex-diffusion", "case_id": "live_simple_5-3-1", "stop_reason": "eos", "output_tokens": 21, "nfe": 6, "elapsed_seconds": 0.3334}
{"arm": "nemotron-3b-ex-diffusion", "case_id": "live_simple_6-3-2", "stop_reason": "eos", "output_tokens": 19, "nfe": 5, "elapsed_seconds": 0.3139}
{"arm": "nemotron-3b-ex-diffusion", "case_id": "live_simple_7-3-3", "stop_reason": "eos", "output_tokens": 19, "nfe": 5, "elapsed_seconds": 0.3124}
{"arm": "nemotron-3b-ex-diffusion", "case_id": "live_simple_8-3-4", "stop_reason": "eos", "output_tokens": 18, "nfe": 5, "elapsed_seconds": 0.3123}
{"arm": "nemotron-3b-ex-diffusion", "case_id": "live_simple_9-3-5", "stop_reason": "eos", "output_tokens": 17, "nfe": 9, "elapsed_seconds": 0.4685}
{"arm": "nemotron-3b-ex-diffusion", "case_id": "live_simple_10-3-6", "stop_reason": "eos", "output_tokens": 26, "nfe": 10, "elapsed_seconds": 0.5158}
{"arm": "nemotron-3b-ex-diffusion", "case_id": "live_simple_11-3-7", "stop_reason": "eos", "output_tokens": 19, "nfe": 6, "elapsed_seconds": 0.3574}
{"arm": "nemotron-3b-ex-diffusion", "case_id": "live_simple_12-3-8", "stop_reason": "eos", "output_tokens": 19, "nfe": 5, "elapsed_seconds": 0.3116}
{"arm": "nemotron-3b-ex-diffusion", "case_id": "live_simple_13-3-9", "stop_reason": "eos", "output_tokens": 18, "nfe": 5, "elapsed_seconds": 0.3156}
{"arm": "nemotron-3b-ex-diffusion", "case_id": "live_simple_14-3-10", "stop_reason": "eos", "output_tokens": 20, "nfe": 8, "elapsed_seconds": 0.4319}
{"arm": "nemotron-3b-ex-diffusion", "case_id": "live_simple_15-3-11", "stop_reason": "eos", "output_tokens": 20, "nfe": 6, "elapsed_seconds": 0.3512}
{"arm": "nemotron-3b-ex-diffusion", "case_id": "live_simple_16-3-12", "stop_reason": "eos", "output_tokens": 19, "nfe": 5, "elapsed_seconds": 0.3134}
{"arm": "nemotron-3b-ex-diffusion", "case_id": "live_simple_17-3-13", "stop_reason": "eos", "output_tokens": 18, "nfe": 6, "elapsed_seconds": 0.3573}
{"arm": "nemotron-3b-ex-diffusion", "case_id": "live_simple_18-3-14", "stop_reason": "eos", "output_tokens": 20, "nfe": 6, "elapsed_seconds": 0.3536}
{"arm": "nemotron-3b-ex-diffusion", "case_id": "live_simple_19-3-15", "stop_reason": "eos", "output_tokens": 22, "nfe": 5, "elapsed_seconds": 0.3171}
{"arm": "nemotron-3b-ex-diffusion", "case_id": "live_simple_20-4-0", "stop_reason": "eos", "output_tokens": 21, "nfe": 7, "elapsed_seconds": 0.3734}
{"arm": "nemotron-3b-ex-diffusion", "case_id": "live_simple_21-4-1", "stop_reason": "eos", "output_tokens": 21, "nfe": 5, "elapsed_seconds": 0.2955}
{"arm": "nemotron-3b-ex-diffusion", "case_id": "live_simple_22-5-0", "stop_reason": "eos", "output_tokens": 14, "nfe": 10, "elapsed_seconds": 0.4967}
{"arm": "nemotron-3b-ex-diffusion", "case_id": "live_simple_23-5-1", "stop_reason": "eos", "output_tokens": 14, "nfe": 10, "elapsed_seconds": 0.4932}
{"arm": "nemotron-3b-ex-diffusion", "case_id": "live_simple_24-5-2", "stop_reason": "eos", "output_tokens": 14, "nfe": 5, "elapsed_seconds": 0.2983}
{"arm": "nemotron-3b-ex-diffusion", "case_id": "live_simple_25-5-3", "stop_reason": "eos", "output_tokens": 14, "nfe": 9, "elapsed_seconds": 0.4507}
{"arm": "nemotron-3b-ex-diffusion", "case_id": "live_simple_26-6-0", "stop_reason": "eos", "output_tokens": 33, "nfe": 11, "elapsed_seconds": 0.5681}
{"arm": "nemotron-3b-ex-diffusion", "case_id": "live_simple_27-7-0", "stop_reason": "eos", "output_tokens": 32, "nfe": 12, "elapsed_seconds": 0.604}
{"arm": "nemotron-3b-ex-diffusion", "case_id": "live_simple_28-7-1", "stop_reason": "eos", "output_tokens": 51, "nfe": 31, "elapsed_seconds": 1.3643}
{"arm": "nemotron-3b-ex-diffusion", "case_id": "live_simple_29-7-2", "stop_reason": "eos", "output_tokens": 24, "nfe": 13, "elapsed_seconds": 0.6392}
{"arm": "nemotron-3b-ex-diffusion", "case_id": "live_simple_30-8-0", "stop_reason": "eos", "output_tokens": 37, "nfe": 7, "elapsed_seconds": 0.4519}
{"arm": "nemotron-3b-ex-diffusion", "case_id": "live_simple_31-8-1", "stop_reason": "eos", "output_tokens": 34, "nfe": 7, "elapsed_seconds": 0.4538}
{"arm": "nemotron-3b-ex-diffusion", "case_id": "live_simple_32-9-0", "stop_reason": "eos", "output_tokens": 8, "nfe": 19, "elapsed_seconds": 0.8504}
{"arm": "nemotron-3b-ex-diffusion", "case_id": "live_simple_33-10-0", "stop_reason": "eos", "output_tokens": 2, "nfe": 17, "elapsed_seconds": 0.7676}
{"arm": "nemotron-3b-ex-diffusion", "case_id": "live_simple_34-11-0", "stop_reason": "eos", "output_tokens": 24, "nfe": 10, "elapsed_seconds": 0.4954}
{"arm": "nemotron-3b-ex-diffusion", "case_id": "live_simple_35-12-0", "stop_reason": "eos", "output_tokens": 2, "nfe": 20, "elapsed_seconds": 0.8956}
{"arm": "nemotron-3b-ex-diffusion", "case_id": "live_simple_36-13-0", "stop_reason": "eos", "output_tokens": 2, "nfe": 15, "elapsed_seconds": 0.6922}
{"arm": "nemotron-3b-ex-diffusion", "case_id": "live_simple_37-14-0", "stop_reason": "eos", "output_tokens": 2, "nfe": 24, "elapsed_seconds": 1.052}
{"arm": "nemotron-3b-ex-diffusion", "case_id": "live_simple_38-15-0", "stop_reason": "eos", "output_tokens": 31, "nfe": 14, "elapsed_seconds": 0.6897}
{"arm": "nemotron-3b-ex-diffusion", "case_id": "live_simple_39-16-0", "stop_reason": "eos", "output_tokens": 37, "nfe": 11, "elapsed_seconds": 0.5676}
{"arm": "nemotron-3b-ex-diffusion", "case_id": "live_simple_40-17-0", "stop_reason": "eos", "output_tokens": 36, "nfe": 10, "elapsed_seconds": 0.5697}
{"arm": "nemotron-3b-ex-diffusion", "case_id": "live_simple_41-17-1", "stop_reason": "eos", "output_tokens": 41, "nfe": 23, "elapsed_seconds": 1.0903}
{"arm": "nemotron-3b-ex-diffusion", "case_id": "live_simple_42-17-2", "stop_reason": "eos", "output_tokens": 37, "nfe": 15, "elapsed_seconds": 0.7742}
{"arm": "nemotron-3b-ex-diffusion", "case_id": "live_simple_43-17-3", "stop_reason": "eos", "output_tokens": 36, "nfe": 11, "elapsed_seconds": 0.61}
{"arm": "nemotron-3b-ex-diffusion", "case_id": "live_simple_44-18-0", "stop_reason": "eos", "output_tokens": 39, "nfe": 14, "elapsed_seconds": 0.736}
{"arm": "nemotron-3b-ex-diffusion", "case_id": "live_simple_45-18-1", "stop_reason": "eos", "output_tokens": 37, "nfe": 16, "elapsed_seconds": 0.8193}
{"arm": "nemotron-3b-ex-diffusion", "case_id": "live_simple_46-19-0", "stop_reason": "eos", "output_tokens": 54, "nfe": 10, "elapsed_seconds": 0.5655}
{"arm": "nemotron-3b-ex-diffusion", "case_id": "live_simple_47-20-0", "stop_reason": "eos", "output_tokens": 12, "nfe": 3, "elapsed_seconds": 0.2093}
{"arm": "nemotron-3b-ex-diffusion", "case_id": "live_simple_48-21-0", "stop_reason": "eos", "output_tokens": 40, "nfe": 28, "elapsed_seconds": 1.3076}
{"arm": "nemotron-3b-ex-diffusion", "case_id": "live_simple_49-21-1", "stop_reason": "eos", "output_tokens": 36, "nfe": 17, "elapsed_seconds": 0.8628}
{"arm": "nemotron-3b-ex-diffusion", "case_id": "live_simple_50-22-0", "stop_reason": "eos", "output_tokens": 16, "nfe": 4, "elapsed_seconds": 0.2458}
{"arm": "nemotron-3b-ex-diffusion", "case_id": "live_simple_51-23-0", "stop_reason": "eos", "output_tokens": 61, "nfe": 16, "elapsed_seconds": 0.8442}
{"arm": "nemotron-3b-ex-diffusion", "case_id": "live_simple_52-23-1", "stop_reason": "eos", "output_tokens": 44, "nfe": 30, "elapsed_seconds": 1.4129}
{"arm": "nemotron-3b-ex-diffusion", "case_id": "live_simple_53-24-0", "stop_reason": "eos", "output_tokens": 15, "nfe": 5, "elapsed_seconds": 0.2906}
{"arm": "nemotron-3b-ex-diffusion", "case_id": "live_simple_54-25-0", "stop_reason": "eos", "output_tokens": 13, "nfe": 9, "elapsed_seconds": 0.4488}
{"arm": "nemotron-3b-ex-diffusion", "case_id": "live_simple_55-25-1", "stop_reason": "eos", "output_tokens": 18, "nfe": 5, "elapsed_seconds": 0.2922}
{"arm": "nemotron-3b-ex-diffusion", "case_id": "live_simple_56-26-0", "stop_reason": "eos", "output_tokens": 17, "nfe": 6, "elapsed_seconds": 0.3596}
{"arm": "nemotron-3b-ex-diffusion", "case_id": "live_simple_57-26-1", "stop_reason": "eos", "output_tokens": 21, "nfe": 5, "elapsed_seconds": 0.3158}
{"arm": "nemotron-3b-ex-diffusion", "case_id": "live_simple_58-27-0", "stop_reason": "eos", "output_tokens": 16, "nfe": 21, "elapsed_seconds": 1.0044}
{"arm": "nemotron-3b-ex-diffusion", "case_id": "live_simple_59-28-0", "stop_reason": "eos", "output_tokens": 16, "nfe": 15, "elapsed_seconds": 0.7293}
{"arm": "nemotron-3b-ex-diffusion", "case_id": "live_simple_60-29-0", "stop_reason": "eos", "output_tokens": 15, "nfe": 14, "elapsed_seconds": 0.664}
{"arm": "nemotron-3b-ex-diffusion", "case_id": "live_simple_61-29-1", "stop_reason": "eos", "output_tokens": 15, "nfe": 6, "elapsed_seconds": 0.3376}
{"arm": "nemotron-3b-ex-diffusion", "case_id": "live_simple_62-29-2", "stop_reason": "eos", "output_tokens": 13, "nfe": 9, "elapsed_seconds": 0.4576}
{"arm": "nemotron-3b-ex-diffusion", "case_id": "live_simple_63-29-3", "stop_reason": "eos", "output_tokens": 18, "nfe": 5, "elapsed_seconds": 0.2948}
{"arm": "nemotron-3b-ex-diffusion", "case_id": "live_simple_64-29-4", "stop_reason": "eos", "output_tokens": 14, "nfe": 6, "elapsed_seconds": 0.3353}
{"arm": "nemotron-3b-ex-diffusion", "case_id": "live_simple_65-29-5", "stop_reason": "eos", "output_tokens": 15, "nfe": 7, "elapsed_seconds": 0.3716}
{"arm": "nemotron-3b-ex-diffusion", "case_id": "live_simple_66-30-0", "stop_reason": "eos", "output_tokens": 22, "nfe": 11, "elapsed_seconds": 0.5681}
{"arm": "nemotron-3b-ex-diffusion", "case_id": "live_simple_67-31-0", "stop_reason": "eos", "output_tokens": 68, "nfe": 17, "elapsed_seconds": 0.8834}
{"arm": "nemotron-3b-ex-diffusion", "case_id": "live_simple_68-32-0", "stop_reason": "eos", "output_tokens": 15, "nfe": 3, "elapsed_seconds": 0.208}
{"arm": "nemotron-3b-ex-diffusion", "case_id": "live_simple_69-33-0", "stop_reason": "eos", "output_tokens": 44, "nfe": 11, "elapsed_seconds": 0.5614}
{"arm": "nemotron-3b-ex-diffusion", "case_id": "live_simple_70-34-0", "stop_reason": "eos", "output_tokens": 28, "nfe": 10, "elapsed_seconds": 0.5757}
{"arm": "nemotron-3b-ex-diffusion", "case_id": "live_simple_71-35-0", "stop_reason": "eos", "output_tokens": 63, "nfe": 35, "elapsed_seconds": 1.6038}
{"arm": "nemotron-3b-ex-diffusion", "case_id": "live_simple_72-36-0", "stop_reason": "eos", "output_tokens": 25, "nfe": 6, "elapsed_seconds": 0.3615}
{"arm": "nemotron-3b-ex-diffusion", "case_id": "live_simple_73-36-1", "stop_reason": "eos", "output_tokens": 26, "nfe": 6, "elapsed_seconds": 0.3574}
{"arm": "nemotron-3b-ex-diffusion", "case_id": "live_simple_74-36-2", "stop_reason": "eos", "output_tokens": 25, "nfe": 6, "elapsed_seconds": 0.3634}
{"arm": "nemotron-3b-ex-diffusion", "case_id": "live_simple_75-36-3", "stop_reason": "eos", "output_tokens": 24, "nfe": 5, "elapsed_seconds": 0.3209}
{"arm": "nemotron-3b-ex-diffusion", "case_id": "live_simple_76-37-0", "stop_reason": "eos", "output_tokens": 25, "nfe": 7, "elapsed_seconds": 0.4018}
{"arm": "nemotron-3b-ex-diffusion", "case_id": "live_simple_77-38-0", "stop_reason": "eos", "output_tokens": 18, "nfe": 8, "elapsed_seconds": 0.4406}
{"arm": "nemotron-3b-ex-diffusion", "case_id": "live_simple_78-39-0", "stop_reason": "eos", "output_tokens": 33, "nfe": 12, "elapsed_seconds": 0.6533}
{"arm": "nemotron-3b-ex-diffusion", "case_id": "live_simple_79-40-0", "stop_reason": "eos", "output_tokens": 14, "nfe": 5, "elapsed_seconds": 0.2976}
{"arm": "nemotron-3b-ex-diffusion", "case_id": "live_simple_80-41-0", "stop_reason": "eos", "output_tokens": 94, "nfe": 30, "elapsed_seconds": 1.3539}
{"arm": "nemotron-3b-ex-diffusion", "case_id": "live_simple_81-42-0", "stop_reason": "eos", "output_tokens": 24, "nfe": 10, "elapsed_seconds": 0.5309}
{"arm": "nemotron-3b-ex-diffusion", "case_id": "live_simple_82-43-0", "stop_reason": "eos", "output_tokens": 50, "nfe": 36, "elapsed_seconds": 1.5737}
{"arm": "nemotron-3b-ex-diffusion", "case_id": "live_simple_83-44-0", "stop_reason": "eos", "output_tokens": 66, "nfe": 13, "elapsed_seconds": 0.6627}
{"arm": "nemotron-3b-ex-diffusion", "case_id": "live_simple_84-45-0", "stop_reason": "eos", "output_tokens": 15, "nfe": 5, "elapsed_seconds": 0.2949}
{"arm": "nemotron-3b-ex-diffusion", "case_id": "live_simple_85-46-0", "stop_reason": "eos", "output_tokens": 38, "nfe": 8, "elapsed_seconds": 0.4398}
{"arm": "nemotron-3b-ex-diffusion", "case_id": "live_simple_86-47-0", "stop_reason": "eos", "output_tokens": 33, "nfe": 9, "elapsed_seconds": 0.4702}
{"arm": "nemotron-3b-ex-diffusion", "case_id": "live_simple_87-48-0", "stop_reason": "eos", "output_tokens": 23, "nfe": 7, "elapsed_seconds": 0.3908}
{"arm": "nemotron-3b-ex-diffusion", "case_id": "live_simple_88-49-0", "stop_reason": "eos", "output_tokens": 32, "nfe": 9, "elapsed_seconds": 0.4864}
{"arm": "nemotron-3b-ex-diffusion", "case_id": "live_simple_89-50-0", "stop_reason": "eos", "output_tokens": 67, "nfe": 19, "elapsed_seconds": 0.8971}
{"arm": "nemotron-3b-ex-diffusion", "case_id": "live_simple_90-51-0", "stop_reason": "eos", "output_tokens": 16, "nfe": 6, "elapsed_seconds": 0.3603}
{"arm": "nemotron-3b-ex-diffusion", "case_id": "live_simple_91-52-0", "stop_reason": "eos", "output_tokens": 8, "nfe": 3, "elapsed_seconds": 0.2068}
{"arm": "nemotron-3b-ex-diffusion", "case_id": "live_simple_92-53-0", "stop_reason": "eos", "output_tokens": 15, "nfe": 4, "elapsed_seconds": 0.2538}
{"arm": "nemotron-3b-ex-diffusion", "case_id": "live_simple_93-54-0", "stop_reason": "eos", "output_tokens": 15, "nfe": 4, "elapsed_seconds": 0.2425}
{"arm": "nemotron-3b-ex-diffusion", "case_id": "live_simple_94-55-0", "stop_reason": "eos", "output_tokens": 22, "nfe": 4, "elapsed_seconds": 0.25}
{"arm": "nemotron-3b-ex-diffusion", "case_id": "live_simple_95-56-0", "stop_reason": "eos", "output_tokens": 50, "nfe": 13, "elapsed_seconds": 0.6823}
{"arm": "nemotron-3b-ex-diffusion", "case_id": "live_simple_96-57-0", "stop_reason": "eos", "output_tokens": 18, "nfe": 7, "elapsed_seconds": 0.3736}
{"arm": "nemotron-3b-ex-diffusion", "case_id": "live_simple_97-57-1", "stop_reason": "eos", "output_tokens": 16, "nfe": 18, "elapsed_seconds": 0.8224}
{"arm": "nemotron-3b-ex-diffusion", "case_id": "live_simple_98-58-0", "stop_reason": "eos", "output_tokens": 34, "nfe": 6, "elapsed_seconds": 0.3433}
{"arm": "nemotron-3b-ex-diffusion", "case_id": "live_simple_99-59-0", "stop_reason": "eos", "output_tokens": 12, "nfe": 8, "elapsed_seconds": 0.4155}
{"arm": "nemotron-3b-ex-diffusion", "case_id": "live_simple_100-59-1", "stop_reason": "eos", "output_tokens": 23, "nfe": 6, "elapsed_seconds": 0.3303}
{"arm": "nemotron-3b-ex-diffusion", "case_id": "live_simple_101-60-0", "stop_reason": "eos", "output_tokens": 25, "nfe": 7, "elapsed_seconds": 0.3991}
{"arm": "nemotron-3b-ex-diffusion", "case_id": "live_simple_102-61-0", "stop_reason": "eos", "output_tokens": 19, "nfe": 8, "elapsed_seconds": 0.4493}
{"arm": "nemotron-3b-ex-diffusion", "case_id": "live_simple_103-61-1", "stop_reason": "eos", "output_tokens": 19, "nfe": 8, "elapsed_seconds": 0.4415}
{"arm": "nemotron-3b-ex-diffusion", "case_id": "live_simple_104-61-2", "stop_reason": "eos", "output_tokens": 19, "nfe": 11, "elapsed_seconds": 0.5674}
{"arm": "nemotron-3b-ex-diffusion", "case_id": "live_simple_105-62-0", "stop_reason": "eos", "output_tokens": 28, "nfe": 11, "elapsed_seconds": 0.5399}
{"arm": "nemotron-3b-ex-diffusion", "case_id": "live_simple_106-63-0", "stop_reason": "eos", "output_tokens": 283, "nfe": 81, "elapsed_seconds": 3.6257}
{"arm": "nemotron-3b-ex-diffusion", "case_id": "live_simple_107-64-0", "stop_reason": "eos", "output_tokens": 133, "nfe": 34, "elapsed_seconds": 1.5217}
{"arm": "nemotron-3b-ex-diffusion", "case_id": "live_simple_108-65-0", "stop_reason": "eos", "output_tokens": 133, "nfe": 49, "elapsed_seconds": 2.1273}
{"arm": "nemotron-3b-ex-diffusion", "case_id": "live_simple_109-66-0", "stop_reason": "eos", "output_tokens": 99, "nfe": 45, "elapsed_seconds": 1.9392}
{"arm": "nemotron-3b-ex-diffusion", "case_id": "live_simple_110-67-0", "stop_reason": "eos", "output_tokens": 15, "nfe": 12, "elapsed_seconds": 0.6188}
{"arm": "nemotron-3b-ex-diffusion", "case_id": "live_simple_111-67-1", "stop_reason": "eos", "output_tokens": 103, "nfe": 46, "elapsed_seconds": 2.0514}
{"arm": "nemotron-3b-ex-diffusion", "case_id": "live_simple_112-68-0", "stop_reason": "eos", "output_tokens": 2, "nfe": 21, "elapsed_seconds": 1.0193}
{"arm": "nemotron-3b-ex-diffusion", "case_id": "live_simple_113-69-0", "stop_reason": "eos", "output_tokens": 42, "nfe": 9, "elapsed_seconds": 0.4987}
{"arm": "nemotron-3b-ex-diffusion", "case_id": "live_simple_114-70-0", "stop_reason": "eos", "output_tokens": 35, "nfe": 12, "elapsed_seconds": 0.6106}
{"arm": "nemotron-3b-ex-diffusion", "case_id": "live_simple_115-71-0", "stop_reason": "eos", "output_tokens": 17, "nfe": 6, "elapsed_seconds": 0.3319}
{"arm": "nemotron-3b-ex-diffusion", "case_id": "live_simple_116-72-0", "stop_reason": "eos", "output_tokens": 17, "nfe": 6, "elapsed_seconds": 0.3212}
{"arm": "nemotron-3b-ex-diffusion", "case_id": "live_simple_117-73-0", "stop_reason": "eos", "output_tokens": 10, "nfe": 4, "elapsed_seconds": 0.2491}
{"arm": "nemotron-3b-ex-diffusion", "case_id": "live_simple_118-74-0", "stop_reason": "eos", "output_tokens": 19, "nfe": 13, "elapsed_seconds": 0.6338}
{"arm": "nemotron-3b-ex-diffusion", "case_id": "live_simple_119-75-0", "stop_reason": "eos", "output_tokens": 18, "nfe": 4, "elapsed_seconds": 0.2512}
{"arm": "nemotron-3b-ex-diffusion", "case_id": "live_simple_120-76-0", "stop_reason": "eos", "output_tokens": 56, "nfe": 10, "elapsed_seconds": 0.5223}
{"arm": "nemotron-3b-ex-diffusion", "case_id": "live_simple_121-77-0", "stop_reason": "eos", "output_tokens": 67, "nfe": 10, "elapsed_seconds": 0.5288}
{"arm": "nemotron-3b-ex-diffusion", "case_id": "live_simple_122-78-0", "stop_reason": "eos", "output_tokens": 39, "nfe": 10, "elapsed_seconds": 0.5248}
{"arm": "nemotron-3b-ex-diffusion", "case_id": "live_simple_123-79-0", "stop_reason": "eos", "output_tokens": 104, "nfe": 20, "elapsed_seconds": 0.9309}
{"arm": "nemotron-3b-ex-diffusion", "case_id": "live_simple_124-80-0", "stop_reason": "eos", "output_tokens": 22, "nfe": 6, "elapsed_seconds": 0.3577}
{"arm": "nemotron-3b-ex-diffusion", "case_id": "live_simple_125-81-0", "stop_reason": "eos", "output_tokens": 15, "nfe": 16, "elapsed_seconds": 0.7321}
{"arm": "nemotron-3b-ex-diffusion", "case_id": "live_simple_126-82-0", "stop_reason": "eos", "output_tokens": 44, "nfe": 8, "elapsed_seconds": 0.4506}
{"arm": "nemotron-3b-ex-diffusion", "case_id": "live_simple_127-82-1", "stop_reason": "eos", "output_tokens": 40, "nfe": 9, "elapsed_seconds": 0.4916}
{"arm": "nemotron-3b-ex-diffusion", "case_id": "live_simple_128-83-0", "stop_reason": "eos", "output_tokens": 54, "nfe": 13, "elapsed_seconds": 0.6476}
{"arm": "nemotron-3b-ex-diffusion", "case_id": "live_simple_129-83-1", "stop_reason": "eos", "output_tokens": 51, "nfe": 16, "elapsed_seconds": 0.7639}
{"arm": "nemotron-3b-ex-diffusion", "case_id": "live_simple_130-84-0", "stop_reason": "eos", "output_tokens": 91, "nfe": 22, "elapsed_seconds": 1.0247}
{"arm": "nemotron-3b-ex-diffusion", "case_id": "live_simple_131-84-1", "stop_reason": "eos", "output_tokens": 86, "nfe": 17, "elapsed_seconds": 0.8549}
{"arm": "nemotron-3b-ex-diffusion", "case_id": "live_simple_132-85-0", "stop_reason": "eos", "output_tokens": 20, "nfe": 9, "elapsed_seconds": 0.4516}
{"arm": "nemotron-3b-ex-diffusion", "case_id": "live_simple_133-86-0", "stop_reason": "eos", "output_tokens": 38, "nfe": 22, "elapsed_seconds": 1.0042}
{"arm": "nemotron-3b-ex-diffusion", "case_id": "live_simple_134-87-0", "stop_reason": "eos", "output_tokens": 36, "nfe": 17, "elapsed_seconds": 0.8124}
{"arm": "nemotron-3b-ex-diffusion", "case_id": "live_simple_135-88-0", "stop_reason": "eos", "output_tokens": 26, "nfe": 6, "elapsed_seconds": 0.3604}
{"arm": "nemotron-3b-ex-diffusion", "case_id": "live_simple_136-89-0", "stop_reason": "eos", "output_tokens": 49, "nfe": 11, "elapsed_seconds": 0.5718}
{"arm": "nemotron-3b-ex-diffusion", "case_id": "live_simple_137-90-0", "stop_reason": "eos", "output_tokens": 45, "nfe": 9, "elapsed_seconds": 0.4773}
{"arm": "nemotron-3b-ex-diffusion", "case_id": "live_simple_138-91-0", "stop_reason": "eos", "output_tokens": 44, "nfe": 10, "elapsed_seconds": 0.5278}
{"arm": "nemotron-3b-ex-diffusion", "case_id": "live_simple_139-92-0", "stop_reason": "eos", "output_tokens": 64, "nfe": 22, "elapsed_seconds": 1.0033}
{"arm": "nemotron-3b-ex-diffusion", "case_id": "live_simple_140-93-0", "stop_reason": "eos", "output_tokens": 22, "nfe": 7, "elapsed_seconds": 0.3957}
{"arm": "nemotron-3b-ex-diffusion", "case_id": "live_simple_141-94-0", "stop_reason": "eos", "output_tokens": 12, "nfe": 10, "elapsed_seconds": 0.498}
{"arm": "nemotron-3b-ex-diffusion", "case_id": "live_simple_142-94-1", "stop_reason": "eos", "output_tokens": 11, "nfe": 13, "elapsed_seconds": 0.6086}
{"arm": "nemotron-3b-ex-diffusion", "case_id": "live_simple_143-95-0", "stop_reason": "eos", "output_tokens": 11, "nfe": 7, "elapsed_seconds": 0.3781}
{"arm": "nemotron-3b-ex-diffusion", "case_id": "live_simple_144-95-1", "stop_reason": "eos", "output_tokens": 16, "nfe": 14, "elapsed_seconds": 0.6579}
{"arm": "nemotron-3b-ex-diffusion", "case_id": "live_simple_145-95-2", "stop_reason": "eos", "output_tokens": 2, "nfe": 23, "elapsed_seconds": 1.0175}
{"arm": "nemotron-3b-ex-diffusion", "case_id": "live_simple_146-95-3", "stop_reason": "eos", "output_tokens": 3, "nfe": 21, "elapsed_seconds": 0.9537}
{"arm": "nemotron-3b-ex-diffusion", "case_id": "live_simple_147-95-4", "stop_reason": "eos", "output_tokens": 16, "nfe": 13, "elapsed_seconds": 0.6343}
{"arm": "nemotron-3b-ex-diffusion", "case_id": "live_simple_148-95-5", "stop_reason": "eos", "output_tokens": 11, "nfe": 19, "elapsed_seconds": 0.8524}
{"arm": "nemotron-3b-ex-diffusion", "case_id": "live_simple_149-95-6", "stop_reason": "eos", "output_tokens": 11, "nfe": 13, "elapsed_seconds": 0.6123}
{"arm": "nemotron-3b-ex-diffusion", "case_id": "live_simple_150-95-7", "stop_reason": "eos", "output_tokens": 17, "nfe": 6, "elapsed_seconds": 0.3559}
{"arm": "nemotron-3b-ex-diffusion", "case_id": "live_simple_151-95-8", "stop_reason": "eos", "output_tokens": 15, "nfe": 10, "elapsed_seconds": 0.4948}
{"arm": "nemotron-3b-ex-diffusion", "case_id": "live_simple_152-95-9", "stop_reason": "eos", "output_tokens": 16, "nfe": 11, "elapsed_seconds": 0.5534}
{"arm": "nemotron-3b-ex-diffusion", "case_id": "live_simple_153-95-10", "stop_reason": "eos", "output_tokens": 21, "nfe": 13, "elapsed_seconds": 0.6385}
{"arm": "nemotron-3b-ex-diffusion", "case_id": "live_simple_154-95-11", "stop_reason": "eos", "output_tokens": 33, "nfe": 15, "elapsed_seconds": 0.7133}
{"arm": "nemotron-3b-ex-diffusion", "case_id": "live_simple_155-95-12", "stop_reason": "eos", "output_tokens": 10, "nfe": 13, "elapsed_seconds": 0.6149}
{"arm": "nemotron-3b-ex-diffusion", "case_id": "live_simple_156-95-13", "stop_reason": "eos", "output_tokens": 11, "nfe": 14, "elapsed_seconds": 0.6727}
{"arm": "nemotron-3b-ex-diffusion", "case_id": "live_simple_157-95-14", "stop_reason": "eos", "output_tokens": 13, "nfe": 10, "elapsed_seconds": 0.5135}
{"arm": "nemotron-3b-ex-diffusion", "case_id": "live_simple_158-95-15", "stop_reason": "eos", "output_tokens": 18, "nfe": 22, "elapsed_seconds": 0.9738}
{"arm": "nemotron-3b-ex-diffusion", "case_id": "live_simple_159-95-16", "stop_reason": "eos", "output_tokens": 13, "nfe": 8, "elapsed_seconds": 0.4359}
{"arm": "nemotron-3b-ex-diffusion", "case_id": "live_simple_160-95-17", "stop_reason": "eos", "output_tokens": 11, "nfe": 22, "elapsed_seconds": 0.9718}
{"arm": "nemotron-3b-ex-diffusion", "case_id": "live_simple_161-96-0", "stop_reason": "eos", "output_tokens": 52, "nfe": 18, "elapsed_seconds": 0.8601}
{"arm": "nemotron-3b-ex-diffusion", "case_id": "live_simple_162-96-1", "stop_reason": "eos", "output_tokens": 30, "nfe": 8, "elapsed_seconds": 0.4144}
{"arm": "nemotron-3b-ex-diffusion", "case_id": "live_simple_163-96-2", "stop_reason": "eos", "output_tokens": 35, "nfe": 11, "elapsed_seconds": 0.5629}
{"arm": "nemotron-3b-ex-diffusion", "case_id": "live_simple_164-97-0", "stop_reason": "eos", "output_tokens": 33, "nfe": 14, "elapsed_seconds": 0.701}
{"arm": "nemotron-3b-ex-diffusion", "case_id": "live_simple_165-98-0", "stop_reason": "eos", "output_tokens": 44, "nfe": 13, "elapsed_seconds": 0.6505}
{"arm": "nemotron-3b-ex-diffusion", "case_id": "live_simple_166-99-0", "stop_reason": "eos", "output_tokens": 13, "nfe": 6, "elapsed_seconds": 0.3324}
{"arm": "nemotron-3b-ex-diffusion", "case_id": "live_simple_167-99-1", "stop_reason": "eos", "output_tokens": 20, "nfe": 9, "elapsed_seconds": 0.4529}
{"arm": "nemotron-3b-ex-diffusion", "case_id": "live_simple_168-99-2", "stop_reason": "eos", "output_tokens": 11, "nfe": 10, "elapsed_seconds": 0.4932}
{"arm": "nemotron-3b-ex-diffusion", "case_id": "live_simple_169-99-3", "stop_reason": "eos", "output_tokens": 36, "nfe": 21, "elapsed_seconds": 0.9367}
{"arm": "nemotron-3b-ex-diffusion", "case_id": "live_simple_170-99-4", "stop_reason": "eos", "output_tokens": 12, "nfe": 12, "elapsed_seconds": 0.5716}
{"arm": "nemotron-3b-ex-diffusion", "case_id": "live_simple_171-99-5", "stop_reason": "eos", "output_tokens": 13, "nfe": 8, "elapsed_seconds": 0.4142}
{"arm": "nemotron-3b-ex-diffusion", "case_id": "live_simple_172-99-6", "stop_reason": "eos", "output_tokens": 12, "nfe": 19, "elapsed_seconds": 0.8536}
{"arm": "nemotron-3b-ex-diffusion", "case_id": "live_simple_173-99-7", "stop_reason": "eos", "output_tokens": 11, "nfe": 6, "elapsed_seconds": 0.3432}
{"arm": "nemotron-3b-ex-diffusion", "case_id": "live_simple_174-100-0", "stop_reason": "eos", "output_tokens": 10, "nfe": 5, "elapsed_seconds": 0.32}
{"arm": "nemotron-3b-ex-diffusion", "case_id": "live_simple_175-101-0", "stop_reason": "eos", "output_tokens": 14, "nfe": 7, "elapsed_seconds": 0.3991}
{"arm": "nemotron-3b-ex-diffusion", "case_id": "live_simple_176-102-0", "stop_reason": "eos", "output_tokens": 2, "nfe": 20, "elapsed_seconds": 0.9034}
{"arm": "nemotron-3b-ex-diffusion", "case_id": "live_simple_177-103-0", "stop_reason": "eos", "output_tokens": 2, "nfe": 20, "elapsed_seconds": 0.8869}
{"arm": "nemotron-3b-ex-diffusion", "case_id": "live_simple_178-103-1", "stop_reason": "eos", "output_tokens": 2, "nfe": 20, "elapsed_seconds": 0.8926}
{"arm": "nemotron-3b-ex-diffusion", "case_id": "live_simple_179-104-0", "stop_reason": "eos", "output_tokens": 15, "nfe": 3, "elapsed_seconds": 0.2355}
{"arm": "nemotron-3b-ex-diffusion", "case_id": "live_simple_180-105-0", "stop_reason": "eos", "output_tokens": 21, "nfe": 7, "elapsed_seconds": 0.4017}
{"arm": "nemotron-3b-ex-diffusion", "case_id": "live_simple_181-106-0", "stop_reason": "eos", "output_tokens": 29, "nfe": 7, "elapsed_seconds": 0.3978}
{"arm": "nemotron-3b-ex-diffusion", "case_id": "live_simple_182-107-0", "stop_reason": "eos", "output_tokens": 41, "nfe": 11, "elapsed_seconds": 0.5742}
{"arm": "nemotron-3b-ex-diffusion", "case_id": "live_simple_183-108-0", "stop_reason": "eos", "output_tokens": 31, "nfe": 9, "elapsed_seconds": 0.4845}
{"arm": "nemotron-3b-ex-diffusion", "case_id": "live_simple_184-109-0", "stop_reason": "eos", "output_tokens": 23, "nfe": 7, "elapsed_seconds": 0.4038}
{"arm": "nemotron-3b-ex-diffusion", "case_id": "live_simple_185-110-0", "stop_reason": "eos", "output_tokens": 45, "nfe": 13, "elapsed_seconds": 0.6502}
{"arm": "nemotron-3b-ex-diffusion", "case_id": "live_simple_186-111-0", "stop_reason": "eos", "output_tokens": 79, "nfe": 19, "elapsed_seconds": 0.9427}
{"arm": "nemotron-3b-ex-diffusion", "case_id": "live_simple_187-112-0", "stop_reason": "eos", "output_tokens": 80, "nfe": 17, "elapsed_seconds": 0.8636}
{"arm": "nemotron-3b-ex-diffusion", "case_id": "live_simple_188-113-0", "stop_reason": "eos", "output_tokens": 40, "nfe": 9, "elapsed_seconds": 0.5297}
{"arm": "nemotron-3b-ex-diffusion", "case_id": "live_simple_189-114-0", "stop_reason": "eos", "output_tokens": 45, "nfe": 23, "elapsed_seconds": 1.0462}
{"arm": "nemotron-3b-ex-diffusion", "case_id": "live_simple_190-115-0", "stop_reason": "eos", "output_tokens": 25, "nfe": 6, "elapsed_seconds": 0.3609}
{"arm": "nemotron-3b-ex-diffusion", "case_id": "live_simple_191-115-1", "stop_reason": "eos", "output_tokens": 23, "nfe": 8, "elapsed_seconds": 0.4373}
{"arm": "nemotron-3b-ex-diffusion", "case_id": "live_simple_192-116-0", "stop_reason": "eos", "output_tokens": 28, "nfe": 6, "elapsed_seconds": 0.3338}
{"arm": "nemotron-3b-ex-diffusion", "case_id": "live_simple_193-116-1", "stop_reason": "eos", "output_tokens": 27, "nfe": 5, "elapsed_seconds": 0.2975}
{"arm": "nemotron-3b-ex-diffusion", "case_id": "live_simple_194-116-2", "stop_reason": "eos", "output_tokens": 27, "nfe": 5, "elapsed_seconds": 0.2985}
{"arm": "nemotron-3b-ex-diffusion", "case_id": "live_simple_195-116-3", "stop_reason": "eos", "output_tokens": 28, "nfe": 6, "elapsed_seconds": 0.3344}
{"arm": "nemotron-3b-ex-diffusion", "case_id": "live_simple_196-116-4", "stop_reason": "eos", "output_tokens": 28, "nfe": 9, "elapsed_seconds": 0.4527}
{"arm": "nemotron-3b-ex-diffusion", "case_id": "live_simple_197-116-5", "stop_reason": "eos", "output_tokens": 28, "nfe": 5, "elapsed_seconds": 0.298}
{"arm": "nemotron-3b-ex-diffusion", "case_id": "live_simple_198-116-6", "stop_reason": "eos", "output_tokens": 28, "nfe": 6, "elapsed_seconds": 0.3359}
{"arm": "nemotron-3b-ex-diffusion", "case_id": "live_simple_199-116-7", "stop_reason": "eos", "output_tokens": 29, "nfe": 7, "elapsed_seconds": 0.3741}
{"arm": "nemotron-3b-ex-diffusion", "case_id": "live_simple_200-116-8", "stop_reason": "eos", "output_tokens": 28, "nfe": 5, "elapsed_seconds": 0.2939}
{"arm": "nemotron-3b-ex-diffusion", "case_id": "live_simple_201-116-9", "stop_reason": "eos", "output_tokens": 27, "nfe": 6, "elapsed_seconds": 0.3347}
{"arm": "nemotron-3b-ex-diffusion", "case_id": "live_simple_202-116-10", "stop_reason": "eos", "output_tokens": 28, "nfe": 5, "elapsed_seconds": 0.2943}
{"arm": "nemotron-3b-ex-diffusion", "case_id": "live_simple_203-116-11", "stop_reason": "eos", "output_tokens": 28, "nfe": 5, "elapsed_seconds": 0.2915}
{"arm": "nemotron-3b-ex-diffusion", "case_id": "live_simple_204-116-12", "stop_reason": "eos", "output_tokens": 29, "nfe": 7, "elapsed_seconds": 0.372}
{"arm": "nemotron-3b-ex-diffusion", "case_id": "live_simple_205-116-13", "stop_reason": "eos", "output_tokens": 28, "nfe": 8, "elapsed_seconds": 0.4183}
{"arm": "nemotron-3b-ex-diffusion", "case_id": "live_simple_206-116-14", "stop_reason": "eos", "output_tokens": 28, "nfe": 7, "elapsed_seconds": 0.3774}
{"arm": "nemotron-3b-ex-diffusion", "case_id": "live_simple_207-116-15", "stop_reason": "eos", "output_tokens": 28, "nfe": 9, "elapsed_seconds": 0.4502}
{"arm": "nemotron-3b-ex-diffusion", "case_id": "live_simple_208-117-0", "stop_reason": "eos", "output_tokens": 30, "nfe": 10, "elapsed_seconds": 0.5254}
{"arm": "nemotron-3b-ex-diffusion", "case_id": "live_simple_209-117-1", "stop_reason": "eos", "output_tokens": 33, "nfe": 10, "elapsed_seconds": 0.531}
{"arm": "nemotron-3b-ex-diffusion", "case_id": "live_simple_210-117-2", "stop_reason": "eos", "output_tokens": 26, "nfe": 7, "elapsed_seconds": 0.4067}
{"arm": "nemotron-3b-ex-diffusion", "case_id": "live_simple_211-117-3", "stop_reason": "eos", "output_tokens": 27, "nfe": 9, "elapsed_seconds": 0.4759}
{"arm": "nemotron-3b-ex-diffusion", "case_id": "live_simple_212-117-4", "stop_reason": "eos", "output_tokens": 27, "nfe": 7, "elapsed_seconds": 0.3996}
{"arm": "nemotron-3b-ex-diffusion", "case_id": "live_simple_213-117-5", "stop_reason": "eos", "output_tokens": 26, "nfe": 6, "elapsed_seconds": 0.3662}
{"arm": "nemotron-3b-ex-diffusion", "case_id": "live_simple_214-117-6", "stop_reason": "eos", "output_tokens": 30, "nfe": 7, "elapsed_seconds": 0.4053}
{"arm": "nemotron-3b-ex-diffusion", "case_id": "live_simple_215-117-7", "stop_reason": "eos", "output_tokens": 15, "nfe": 14, "elapsed_seconds": 0.6864}
{"arm": "nemotron-3b-ex-diffusion", "case_id": "live_simple_216-117-8", "stop_reason": "eos", "output_tokens": 26, "nfe": 6, "elapsed_seconds": 0.3702}
{"arm": "nemotron-3b-ex-diffusion", "case_id": "live_simple_217-117-9", "stop_reason": "eos", "output_tokens": 30, "nfe": 7, "elapsed_seconds": 0.4061}
{"arm": "nemotron-3b-ex-diffusion", "case_id": "live_simple_218-117-10", "stop_reason": "eos", "output_tokens": 27, "nfe": 12, "elapsed_seconds": 0.6014}
{"arm": "nemotron-3b-ex-diffusion", "case_id": "live_simple_219-117-11", "stop_reason": "eos", "output_tokens": 26, "nfe": 7, "elapsed_seconds": 0.4067}
{"arm": "nemotron-3b-ex-diffusion", "case_id": "live_simple_220-117-12", "stop_reason": "eos", "output_tokens": 28, "nfe": 7, "elapsed_seconds": 0.408}
{"arm": "nemotron-3b-ex-diffusion", "case_id": "live_simple_221-117-13", "stop_reason": "eos", "output_tokens": 26, "nfe": 7, "elapsed_seconds": 0.4}
{"arm": "nemotron-3b-ex-diffusion", "case_id": "live_simple_222-117-14", "stop_reason": "eos", "output_tokens": 32, "nfe": 11, "elapsed_seconds": 0.5598}
{"arm": "nemotron-3b-ex-diffusion", "case_id": "live_simple_223-117-15", "stop_reason": "eos", "output_tokens": 28, "nfe": 7, "elapsed_seconds": 0.4061}
{"arm": "nemotron-3b-ex-diffusion", "case_id": "live_simple_224-117-16", "stop_reason": "eos", "output_tokens": 27, "nfe": 7, "elapsed_seconds": 0.4108}
{"arm": "nemotron-3b-ex-diffusion", "case_id": "live_simple_225-117-17", "stop_reason": "eos", "output_tokens": 33, "nfe": 7, "elapsed_seconds": 0.4}
{"arm": "nemotron-3b-ex-diffusion", "case_id": "live_simple_226-118-0", "stop_reason": "eos", "output_tokens": 38, "nfe": 10, "elapsed_seconds": 0.5248}
{"arm": "nemotron-3b-ex-diffusion", "case_id": "live_simple_227-118-1", "stop_reason": "eos", "output_tokens": 32, "nfe": 13, "elapsed_seconds": 0.6467}
{"arm": "nemotron-3b-ex-diffusion", "case_id": "live_simple_228-119-0", "stop_reason": "eos", "output_tokens": 32, "nfe": 11, "elapsed_seconds": 0.5704}
{"arm": "nemotron-3b-ex-diffusion", "case_id": "live_simple_229-120-0", "stop_reason": "eos", "output_tokens": 11, "nfe": 6, "elapsed_seconds": 0.3318}
{"arm": "nemotron-3b-ex-diffusion", "case_id": "live_simple_230-121-0", "stop_reason": "eos", "output_tokens": 29, "nfe": 8, "elapsed_seconds": 0.44}
{"arm": "nemotron-3b-ex-diffusion", "case_id": "live_simple_231-122-0", "stop_reason": "eos", "output_tokens": 41, "nfe": 9, "elapsed_seconds": 0.4787}
{"arm": "nemotron-3b-ex-diffusion", "case_id": "live_simple_232-122-1", "stop_reason": "eos", "output_tokens": 39, "nfe": 9, "elapsed_seconds": 0.4758}
{"arm": "nemotron-3b-ex-diffusion", "case_id": "live_simple_233-123-0", "stop_reason": "eos", "output_tokens": 35, "nfe": 13, "elapsed_seconds": 0.6469}
{"arm": "nemotron-3b-ex-diffusion", "case_id": "live_simple_234-123-1", "stop_reason": "eos", "output_tokens": 39, "nfe": 16, "elapsed_seconds": 0.7666}
{"arm": "nemotron-3b-ex-diffusion", "case_id": "live_simple_235-124-0", "stop_reason": "eos", "output_tokens": 20, "nfe": 12, "elapsed_seconds": 0.5989}
{"arm": "nemotron-3b-ex-diffusion", "case_id": "live_simple_236-124-1", "stop_reason": "eos", "output_tokens": 29, "nfe": 10, "elapsed_seconds": 0.519}
{"arm": "nemotron-3b-ex-diffusion", "case_id": "live_simple_237-125-0", "stop_reason": "eos", "output_tokens": 30, "nfe": 10, "elapsed_seconds": 0.5161}
{"arm": "nemotron-3b-ex-diffusion", "case_id": "live_simple_238-125-1", "stop_reason": "eos", "output_tokens": 30, "nfe": 14, "elapsed_seconds": 0.6845}
{"arm": "nemotron-3b-ex-diffusion", "case_id": "live_simple_239-125-2", "stop_reason": "eos", "output_tokens": 30, "nfe": 12, "elapsed_seconds": 0.5982}
{"arm": "nemotron-3b-ex-diffusion", "case_id": "live_simple_240-125-3", "stop_reason": "eos", "output_tokens": 22, "nfe": 22, "elapsed_seconds": 0.9918}
{"arm": "nemotron-3b-ex-diffusion", "case_id": "live_simple_241-125-4", "stop_reason": "eos", "output_tokens": 20, "nfe": 17, "elapsed_seconds": 0.7984}
{"arm": "nemotron-3b-ex-diffusion", "case_id": "live_simple_242-126-0", "stop_reason": "eos", "output_tokens": 10, "nfe": 3, "elapsed_seconds": 0.2095}
{"arm": "nemotron-3b-ex-diffusion", "case_id": "live_simple_243-126-1", "stop_reason": "eos", "output_tokens": 10, "nfe": 3, "elapsed_seconds": 0.2134}
{"arm": "nemotron-3b-ex-diffusion", "case_id": "live_simple_244-126-2", "stop_reason": "eos", "output_tokens": 10, "nfe": 3, "elapsed_seconds": 0.2075}
{"arm": "nemotron-3b-ex-diffusion", "case_id": "live_simple_245-127-0", "stop_reason": "eos", "output_tokens": 36, "nfe": 7, "elapsed_seconds": 0.398}
{"arm": "nemotron-3b-ex-diffusion", "case_id": "live_simple_246-128-0", "stop_reason": "eos", "output_tokens": 30, "nfe": 10, "elapsed_seconds": 0.5148}
{"arm": "nemotron-3b-ex-diffusion", "case_id": "live_simple_247-129-0", "stop_reason": "eos", "output_tokens": 10, "nfe": 4, "elapsed_seconds": 0.2274}
{"arm": "nemotron-3b-ex-diffusion", "case_id": "live_simple_248-130-0", "stop_reason": "eos", "output_tokens": 28, "nfe": 10, "elapsed_seconds": 0.5114}
{"arm": "nemotron-3b-ex-diffusion", "case_id": "live_simple_249-131-0", "stop_reason": "eos", "output_tokens": 19, "nfe": 7, "elapsed_seconds": 0.3657}
{"arm": "nemotron-3b-ex-diffusion", "case_id": "live_simple_250-132-0", "stop_reason": "eos", "output_tokens": 34, "nfe": 9, "elapsed_seconds": 0.4809}
{"arm": "nemotron-3b-ex-diffusion", "case_id": "live_simple_251-133-0", "stop_reason": "eos", "output_tokens": 31, "nfe": 6, "elapsed_seconds": 0.3551}
{"arm": "nemotron-3b-ex-diffusion", "case_id": "live_simple_252-134-0", "stop_reason": "eos", "output_tokens": 28, "nfe": 6, "elapsed_seconds": 0.3539}
{"arm": "nemotron-3b-ex-diffusion", "case_id": "live_simple_253-135-0", "stop_reason": "eos", "output_tokens": 33, "nfe": 15, "elapsed_seconds": 0.7229}
{"arm": "nemotron-3b-ex-diffusion", "case_id": "live_simple_254-136-0", "stop_reason": "eos", "output_tokens": 17, "nfe": 6, "elapsed_seconds": 0.359}
{"arm": "nemotron-3b-ex-diffusion", "case_id": "live_simple_255-136-1", "stop_reason": "eos", "output_tokens": 22, "nfe": 5, "elapsed_seconds": 0.3215}
{"arm": "nemotron-3b-ex-diffusion", "case_id": "live_simple_256-137-0", "stop_reason": "eos", "output_tokens": 29, "nfe": 12, "elapsed_seconds": 0.5954}
{"arm": "nemotron-3b-ex-diffusion", "case_id": "live_simple_257-137-1", "stop_reason": "eos", "output_tokens": 28, "nfe": 13, "elapsed_seconds": 0.6418}
{"arm": "nemotron-3b-ex-diffusion", "case_id": "live_multiple_1-0-1", "stop_reason": "eos", "output_tokens": 36, "nfe": 12, "elapsed_seconds": 0.6741}
{"arm": "nemotron-3b-ex-diffusion", "case_id": "live_multiple_2-1-0", "stop_reason": "eos", "output_tokens": 29, "nfe": 5, "elapsed_seconds": 0.3775}
{"arm": "nemotron-3b-ex-diffusion", "case_id": "live_multiple_3-2-0", "stop_reason": "eos", "output_tokens": 14, "nfe": 6, "elapsed_seconds": 0.3628}
{"arm": "nemotron-3b-ex-diffusion", "case_id": "live_multiple_17-4-9", "stop_reason": "eos", "output_tokens": 25, "nfe": 10, "elapsed_seconds": 0.7567}
{"arm": "nemotron-3b-ex-diffusion", "case_id": "live_multiple_19-4-11", "stop_reason": "eos", "output_tokens": 46, "nfe": 15, "elapsed_seconds": 0.9768}
{"arm": "nemotron-3b-ex-diffusion", "case_id": "live_multiple_23-5-0", "stop_reason": "eos", "output_tokens": 20, "nfe": 21, "elapsed_seconds": 1.0404}
{"arm": "nemotron-3b-ex-diffusion", "case_id": "live_multiple_33-10-3", "stop_reason": "eos", "output_tokens": 6, "nfe": 24, "elapsed_seconds": 1.232}
{"arm": "nemotron-3b-ex-diffusion", "case_id": "live_multiple_39-14-1", "stop_reason": "eos", "output_tokens": 20, "nfe": 5, "elapsed_seconds": 0.3302}
{"arm": "nemotron-3b-ex-diffusion", "case_id": "live_multiple_40-15-0", "stop_reason": "eos", "output_tokens": 17, "nfe": 4, "elapsed_seconds": 0.2872}
{"arm": "nemotron-3b-ex-diffusion", "case_id": "live_multiple_51-21-0", "stop_reason": "eos", "output_tokens": 19, "nfe": 8, "elapsed_seconds": 0.5519}
{"arm": "nemotron-3b-ex-diffusion", "case_id": "live_multiple_59-22-6", "stop_reason": "eos", "output_tokens": 23, "nfe": 19, "elapsed_seconds": 1.0311}
{"arm": "nemotron-3b-ex-diffusion", "case_id": "live_multiple_65-26-1", "stop_reason": "eos", "output_tokens": 19, "nfe": 6, "elapsed_seconds": 0.4209}
{"arm": "nemotron-3b-ex-diffusion", "case_id": "live_multiple_94-41-1", "stop_reason": "eos", "output_tokens": 10, "nfe": 5, "elapsed_seconds": 0.5177}
{"arm": "nemotron-3b-ex-diffusion", "case_id": "live_multiple_96-42-0", "stop_reason": "eos", "output_tokens": 12, "nfe": 6, "elapsed_seconds": 0.6528}
{"arm": "nemotron-3b-ex-diffusion", "case_id": "live_multiple_118-45-3", "stop_reason": "eos", "output_tokens": 10, "nfe": 5, "elapsed_seconds": 0.443}
{"arm": "nemotron-3b-ex-diffusion", "case_id": "live_multiple_129-50-1", "stop_reason": "eos", "output_tokens": 20, "nfe": 8, "elapsed_seconds": 0.6213}
{"arm": "nemotron-3b-ex-diffusion", "case_id": "live_multiple_185-80-0", "stop_reason": "eos", "output_tokens": 21, "nfe": 6, "elapsed_seconds": 0.6607}
{"arm": "nemotron-3b-ex-diffusion", "case_id": "live_multiple_186-81-0", "stop_reason": "eos", "output_tokens": 24, "nfe": 10, "elapsed_seconds": 0.5356}
{"arm": "nemotron-3b-ex-diffusion", "case_id": "live_multiple_193-87-0", "stop_reason": "eos", "output_tokens": 16, "nfe": 3, "elapsed_seconds": 0.2537}
{"arm": "nemotron-3b-ex-diffusion", "case_id": "live_multiple_198-90-0", "stop_reason": "eos", "output_tokens": 15, "nfe": 6, "elapsed_seconds": 0.4951}
{"arm": "nemotron-3b-ex-diffusion", "case_id": "live_multiple_200-90-2", "stop_reason": "eos", "output_tokens": 12, "nfe": 9, "elapsed_seconds": 0.6459}
{"arm": "nemotron-3b-ex-diffusion", "case_id": "live_multiple_204-90-6", "stop_reason": "eos", "output_tokens": 17, "nfe": 13, "elapsed_seconds": 0.7955}
{"arm": "nemotron-3b-ex-diffusion", "case_id": "live_multiple_206-91-0", "stop_reason": "eos", "output_tokens": 10, "nfe": 5, "elapsed_seconds": 0.4948}
{"arm": "nemotron-3b-ex-diffusion", "case_id": "live_multiple_216-92-0", "stop_reason": "eos", "output_tokens": 33, "nfe": 14, "elapsed_seconds": 0.7279}
{"arm": "nemotron-3b-ex-diffusion", "case_id": "live_multiple_239-107-0", "stop_reason": "eos", "output_tokens": 20, "nfe": 8, "elapsed_seconds": 0.6529}
{"arm": "nemotron-3b-ex-diffusion", "case_id": "live_multiple_244-108-0", "stop_reason": "eos", "output_tokens": 10, "nfe": 6, "elapsed_seconds": 0.4258}
{"arm": "nemotron-3b-ex-diffusion", "case_id": "live_multiple_263-126-0", "stop_reason": "eos", "output_tokens": 2, "nfe": 27, "elapsed_seconds": 1.2144}
{"arm": "nemotron-3b-ex-diffusion", "case_id": "live_multiple_274-127-9", "stop_reason": "eos", "output_tokens": 26, "nfe": 9, "elapsed_seconds": 0.7653}
{"arm": "nemotron-3b-ex-diffusion", "case_id": "live_multiple_290-129-5", "stop_reason": "eos", "output_tokens": 24, "nfe": 8, "elapsed_seconds": 0.528}
{"arm": "nemotron-3b-ex-diffusion", "case_id": "live_multiple_323-132-13", "stop_reason": "eos", "output_tokens": 22, "nfe": 8, "elapsed_seconds": 0.6211}
{"arm": "nemotron-3b-ex-diffusion", "case_id": "live_multiple_325-132-15", "stop_reason": "eos", "output_tokens": 30, "nfe": 11, "elapsed_seconds": 0.7431}
{"arm": "nemotron-3b-ex-diffusion", "case_id": "live_multiple_326-132-16", "stop_reason": "eos", "output_tokens": 33, "nfe": 14, "elapsed_seconds": 0.8696}
{"arm": "nemotron-3b-ex-diffusion", "case_id": "live_multiple_342-133-6", "stop_reason": "eos", "output_tokens": 31, "nfe": 12, "elapsed_seconds": 0.7227}
{"arm": "nemotron-3b-ex-diffusion", "case_id": "live_multiple_346-133-10", "stop_reason": "eos", "output_tokens": 26, "nfe": 8, "elapsed_seconds": 0.5582}
{"arm": "nemotron-3b-ex-diffusion", "case_id": "live_multiple_354-133-18", "stop_reason": "eos", "output_tokens": 33, "nfe": 12, "elapsed_seconds": 0.7303}
{"arm": "nemotron-3b-ex-diffusion", "case_id": "live_multiple_363-134-8", "stop_reason": "eos", "output_tokens": 31, "nfe": 13, "elapsed_seconds": 0.7615}
{"arm": "nemotron-3b-ex-diffusion", "case_id": "live_multiple_367-134-12", "stop_reason": "eos", "output_tokens": 25, "nfe": 17, "elapsed_seconds": 0.9372}
{"arm": "nemotron-3b-ex-diffusion", "case_id": "live_multiple_379-136-0", "stop_reason": "eos", "output_tokens": 19, "nfe": 6, "elapsed_seconds": 0.6628}
{"arm": "nemotron-3b-ex-diffusion", "case_id": "live_multiple_385-137-3", "stop_reason": "eos", "output_tokens": 20, "nfe": 7, "elapsed_seconds": 0.5242}
{"arm": "nemotron-3b-ex-diffusion", "case_id": "live_multiple_400-139-4", "stop_reason": "eos", "output_tokens": 34, "nfe": 10, "elapsed_seconds": 0.6051}
{"arm": "nemotron-3b-ex-diffusion", "case_id": "live_multiple_412-141-1", "stop_reason": "eos", "output_tokens": 54, "nfe": 12, "elapsed_seconds": 0.745}
{"arm": "nemotron-3b-ex-diffusion", "case_id": "live_multiple_416-141-5", "stop_reason": "eos", "output_tokens": 61, "nfe": 25, "elapsed_seconds": 1.2676}
{"arm": "nemotron-3b-ex-diffusion", "case_id": "live_multiple_425-141-14", "stop_reason": "eos", "output_tokens": 57, "nfe": 18, "elapsed_seconds": 0.9834}
{"arm": "nemotron-3b-ex-diffusion", "case_id": "live_multiple_426-141-15", "stop_reason": "eos", "output_tokens": 70, "nfe": 42, "elapsed_seconds": 1.9863}
{"arm": "nemotron-3b-ex-diffusion", "case_id": "live_multiple_434-142-0", "stop_reason": "eos", "output_tokens": 62, "nfe": 9, "elapsed_seconds": 0.9247}
{"arm": "nemotron-3b-ex-diffusion", "case_id": "live_multiple_438-142-4", "stop_reason": "eos", "output_tokens": 56, "nfe": 10, "elapsed_seconds": 0.9549}
{"arm": "nemotron-3b-ex-diffusion", "case_id": "live_multiple_450-145-1", "stop_reason": "eos", "output_tokens": 34, "nfe": 15, "elapsed_seconds": 1.051}
{"arm": "nemotron-3b-ex-diffusion", "case_id": "live_multiple_457-145-8", "stop_reason": "eos", "output_tokens": 36, "nfe": 12, "elapsed_seconds": 0.9258}
{"arm": "nemotron-3b-ex-diffusion", "case_id": "live_multiple_463-145-14", "stop_reason": "eos", "output_tokens": 35, "nfe": 15, "elapsed_seconds": 1.0605}
{"arm": "nemotron-3b-ex-diffusion", "case_id": "live_multiple_477-146-2", "stop_reason": "eos", "output_tokens": 33, "nfe": 11, "elapsed_seconds": 0.6204}
{"arm": "nemotron-3b-ex-diffusion", "case_id": "live_multiple_486-147-1", "stop_reason": "eos", "output_tokens": 71, "nfe": 14, "elapsed_seconds": 1.0952}
{"arm": "nemotron-3b-ex-diffusion", "case_id": "live_multiple_493-148-3", "stop_reason": "eos", "output_tokens": 35, "nfe": 12, "elapsed_seconds": 0.7327}
{"arm": "nemotron-3b-ex-diffusion", "case_id": "live_multiple_497-148-7", "stop_reason": "eos", "output_tokens": 36, "nfe": 10, "elapsed_seconds": 0.6482}
{"arm": "nemotron-3b-ex-diffusion", "case_id": "live_multiple_515-150-3", "stop_reason": "eos", "output_tokens": 88, "nfe": 32, "elapsed_seconds": 1.7509}
{"arm": "nemotron-3b-ex-diffusion", "case_id": "live_multiple_522-150-10", "stop_reason": "eos", "output_tokens": 34, "nfe": 19, "elapsed_seconds": 1.1795}
{"arm": "nemotron-3b-ex-diffusion", "case_id": "live_multiple_529-151-5", "stop_reason": "eos", "output_tokens": 35, "nfe": 13, "elapsed_seconds": 0.6904}
{"arm": "nemotron-3b-ex-diffusion", "case_id": "live_multiple_532-151-8", "stop_reason": "eos", "output_tokens": 25, "nfe": 18, "elapsed_seconds": 0.8902}
{"arm": "nemotron-3b-ex-diffusion", "case_id": "live_multiple_541-152-3", "stop_reason": "eos", "output_tokens": 38, "nfe": 10, "elapsed_seconds": 0.6505}
{"arm": "nemotron-3b-ex-diffusion", "case_id": "live_multiple_553-153-2", "stop_reason": "eos", "output_tokens": 24, "nfe": 7, "elapsed_seconds": 0.4761}
{"arm": "nemotron-3b-ex-diffusion", "case_id": "live_multiple_569-155-9", "stop_reason": "eos", "output_tokens": 32, "nfe": 11, "elapsed_seconds": 0.866}
{"arm": "nemotron-3b-ex-diffusion", "case_id": "live_multiple_573-155-13", "stop_reason": "eos", "output_tokens": 35, "nfe": 10, "elapsed_seconds": 0.8133}
{"arm": "nemotron-3b-ex-diffusion", "case_id": "live_multiple_590-157-11", "stop_reason": "eos", "output_tokens": 25, "nfe": 9, "elapsed_seconds": 0.5326}
{"arm": "nemotron-3b-ex-diffusion", "case_id": "live_multiple_606-158-12", "stop_reason": "eos", "output_tokens": 34, "nfe": 10, "elapsed_seconds": 0.5845}
{"arm": "nemotron-3b-ex-diffusion", "case_id": "live_multiple_624-160-4", "stop_reason": "eos", "output_tokens": 31, "nfe": 8, "elapsed_seconds": 0.4795}
{"arm": "nemotron-3b-ex-diffusion", "case_id": "live_multiple_633-161-1", "stop_reason": "eos", "output_tokens": 32, "nfe": 9, "elapsed_seconds": 0.6801}
{"arm": "nemotron-3b-ex-diffusion", "case_id": "live_multiple_663-162-5", "stop_reason": "eos", "output_tokens": 33, "nfe": 8, "elapsed_seconds": 0.9331}
{"arm": "nemotron-3b-ex-diffusion", "case_id": "live_multiple_687-164-3", "stop_reason": "eos", "output_tokens": 24, "nfe": 8, "elapsed_seconds": 0.512}
{"arm": "nemotron-3b-ex-diffusion", "case_id": "live_multiple_696-164-12", "stop_reason": "eos", "output_tokens": 24, "nfe": 11, "elapsed_seconds": 0.6472}
{"arm": "nemotron-3b-ex-diffusion", "case_id": "live_multiple_712-164-28", "stop_reason": "eos", "output_tokens": 21, "nfe": 11, "elapsed_seconds": 0.6433}
{"arm": "nemotron-3b-ex-diffusion", "case_id": "live_multiple_718-165-5", "stop_reason": "eos", "output_tokens": 56, "nfe": 9, "elapsed_seconds": 0.6102}
{"arm": "nemotron-3b-ex-diffusion", "case_id": "live_multiple_720-165-7", "stop_reason": "eos", "output_tokens": 72, "nfe": 14, "elapsed_seconds": 0.8228}
{"arm": "nemotron-3b-ex-diffusion", "case_id": "live_multiple_728-166-3", "stop_reason": "eos", "output_tokens": 43, "nfe": 15, "elapsed_seconds": 0.7736}
{"arm": "nemotron-3b-ex-diffusion", "case_id": "live_multiple_740-168-2", "stop_reason": "eos", "output_tokens": 34, "nfe": 11, "elapsed_seconds": 0.7448}
{"arm": "nemotron-3b-ex-diffusion", "case_id": "live_multiple_757-169-12", "stop_reason": "eos", "output_tokens": 22, "nfe": 8, "elapsed_seconds": 0.6599}
{"arm": "nemotron-3b-ex-diffusion", "case_id": "live_multiple_760-169-15", "stop_reason": "eos", "output_tokens": 23, "nfe": 11, "elapsed_seconds": 0.7828}
{"arm": "nemotron-3b-ex-diffusion", "case_id": "live_multiple_761-169-16", "stop_reason": "eos", "output_tokens": 22, "nfe": 12, "elapsed_seconds": 0.8304}
{"arm": "nemotron-3b-ex-diffusion", "case_id": "live_multiple_780-173-2", "stop_reason": "eos", "output_tokens": 23, "nfe": 5, "elapsed_seconds": 0.3683}
{"arm": "nemotron-3b-ex-diffusion", "case_id": "live_multiple_796-175-2", "stop_reason": "eos", "output_tokens": 14, "nfe": 5, "elapsed_seconds": 0.5516}
{"arm": "nemotron-3b-ex-diffusion", "case_id": "live_multiple_815-176-6", "stop_reason": "eos", "output_tokens": 29, "nfe": 10, "elapsed_seconds": 0.5113}
{"arm": "nemotron-3b-ex-diffusion", "case_id": "live_multiple_819-177-2", "stop_reason": "eos", "output_tokens": 62, "nfe": 16, "elapsed_seconds": 0.969}
{"arm": "nemotron-3b-ex-diffusion", "case_id": "live_multiple_823-177-6", "stop_reason": "eos", "output_tokens": 45, "nfe": 8, "elapsed_seconds": 0.6254}
{"arm": "nemotron-3b-ex-diffusion", "case_id": "live_multiple_857-180-5", "stop_reason": "eos", "output_tokens": 46, "nfe": 12, "elapsed_seconds": 0.7871}
{"arm": "nemotron-3b-ex-diffusion", "case_id": "live_multiple_864-182-1", "stop_reason": "eos", "output_tokens": 36, "nfe": 21, "elapsed_seconds": 1.3126}
{"arm": "nemotron-3b-ex-diffusion", "case_id": "live_multiple_870-182-7", "stop_reason": "eos", "output_tokens": 26, "nfe": 16, "elapsed_seconds": 1.0923}
{"arm": "nemotron-3b-ex-diffusion", "case_id": "live_multiple_879-183-4", "stop_reason": "eos", "output_tokens": 36, "nfe": 15, "elapsed_seconds": 1.0627}
{"arm": "nemotron-3b-ex-diffusion", "case_id": "live_multiple_883-184-0", "stop_reason": "eos", "output_tokens": 40, "nfe": 14, "elapsed_seconds": 1.0018}
{"arm": "nemotron-3b-ex-diffusion", "case_id": "live_multiple_884-184-1", "stop_reason": "eos", "output_tokens": 55, "nfe": 24, "elapsed_seconds": 1.4247}
{"arm": "nemotron-3b-ex-diffusion", "case_id": "live_multiple_891-185-1", "stop_reason": "eos", "output_tokens": 29, "nfe": 16, "elapsed_seconds": 0.9814}
{"arm": "nemotron-3b-ex-diffusion", "case_id": "live_multiple_910-189-0", "stop_reason": "eos", "output_tokens": 10, "nfe": 4, "elapsed_seconds": 0.3518}
{"arm": "nemotron-3b-ex-diffusion", "case_id": "live_multiple_932-191-20", "stop_reason": "eos", "output_tokens": 16, "nfe": 3, "elapsed_seconds": 0.4353}
{"arm": "nemotron-3b-ex-diffusion", "case_id": "live_multiple_947-197-0", "stop_reason": "eos", "output_tokens": 18, "nfe": 9, "elapsed_seconds": 0.5912}
{"arm": "nemotron-3b-ex-diffusion", "case_id": "live_multiple_949-199-0", "stop_reason": "eos", "output_tokens": 13, "nfe": 21, "elapsed_seconds": 1.0028}
{"arm": "nemotron-3b-ex-diffusion", "case_id": "live_multiple_978-215-2", "stop_reason": "eos", "output_tokens": 27, "nfe": 11, "elapsed_seconds": 0.7907}
{"arm": "nemotron-3b-ex-diffusion", "case_id": "live_multiple_984-215-8", "stop_reason": "eos", "output_tokens": 17, "nfe": 5, "elapsed_seconds": 0.5138}
{"arm": "nemotron-3b-ex-diffusion", "case_id": "live_multiple_985-216-0", "stop_reason": "eos", "output_tokens": 19, "nfe": 6, "elapsed_seconds": 1.7226}
{"arm": "nemotron-3b-ex-diffusion", "case_id": "live_multiple_1012-241-0", "stop_reason": "eos", "output_tokens": 29, "nfe": 10, "elapsed_seconds": 0.5722}
{"arm": "nemotron-3b-ex-diffusion", "case_id": "live_multiple_1033-261-0", "stop_reason": "eos", "output_tokens": 32, "nfe": 17, "elapsed_seconds": 0.8563}
{"arm": "nemotron-3b-ex-diffusion", "case_id": "live_multiple_1037-264-0", "stop_reason": "eos", "output_tokens": 34, "nfe": 16, "elapsed_seconds": 0.9604}
{"arm": "nemotron-3b-ex-diffusion", "case_id": "live_multiple_1047-274-0", "stop_reason": "eos", "output_tokens": 58, "nfe": 12, "elapsed_seconds": 0.6654}
{"arm": "nemotron-3b-ex-diffusion", "case_id": "live_multiple_1052-279-0", "stop_reason": "eos", "output_tokens": 27, "nfe": 10, "elapsed_seconds": 0.532}
{"arm": "nemotron-3b-ex-diffusion", "case_id": "live_parallel_0-0-0", "stop_reason": "eos", "output_tokens": 34, "nfe": 9, "elapsed_seconds": 0.4966}
{"arm": "nemotron-3b-ex-diffusion", "case_id": "live_parallel_1-0-1", "stop_reason": "eos", "output_tokens": 35, "nfe": 17, "elapsed_seconds": 0.7975}
{"arm": "nemotron-3b-ex-diffusion", "case_id": "live_parallel_2-0-2", "stop_reason": "eos", "output_tokens": 34, "nfe": 8, "elapsed_seconds": 0.4437}
{"arm": "nemotron-3b-ex-diffusion", "case_id": "live_parallel_3-0-3", "stop_reason": "eos", "output_tokens": 65, "nfe": 21, "elapsed_seconds": 0.9679}
{"arm": "nemotron-3b-ex-diffusion", "case_id": "live_parallel_4-1-0", "stop_reason": "eos", "output_tokens": 24, "nfe": 10, "elapsed_seconds": 0.5014}
{"arm": "nemotron-3b-ex-diffusion", "case_id": "live_parallel_5-2-0", "stop_reason": "eos", "output_tokens": 35, "nfe": 12, "elapsed_seconds": 0.6002}
{"arm": "nemotron-3b-ex-diffusion", "case_id": "live_parallel_6-3-0", "stop_reason": "eos", "output_tokens": 35, "nfe": 14, "elapsed_seconds": 0.703}
{"arm": "nemotron-3b-ex-diffusion", "case_id": "live_parallel_7-3-1", "stop_reason": "eos", "output_tokens": 34, "nfe": 8, "elapsed_seconds": 0.4519}
{"arm": "nemotron-3b-ex-diffusion", "case_id": "live_parallel_8-4-0", "stop_reason": "eos", "output_tokens": 25, "nfe": 7, "elapsed_seconds": 0.379}
{"arm": "nemotron-3b-ex-diffusion", "case_id": "live_parallel_9-5-0", "stop_reason": "eos", "output_tokens": 17, "nfe": 18, "elapsed_seconds": 0.8383}
{"arm": "nemotron-3b-ex-diffusion", "case_id": "live_parallel_10-6-0", "stop_reason": "eos", "output_tokens": 114, "nfe": 16, "elapsed_seconds": 0.7755}
{"arm": "nemotron-3b-ex-diffusion", "case_id": "live_parallel_11-7-0", "stop_reason": "eos", "output_tokens": 112, "nfe": 25, "elapsed_seconds": 1.1549}
{"arm": "nemotron-3b-ex-diffusion", "case_id": "live_parallel_12-8-0", "stop_reason": "eos", "output_tokens": 165, "nfe": 35, "elapsed_seconds": 1.5502}
{"arm": "nemotron-3b-ex-diffusion", "case_id": "live_parallel_13-9-0", "stop_reason": "eos", "output_tokens": 34, "nfe": 9, "elapsed_seconds": 0.468}
{"arm": "nemotron-3b-ex-diffusion", "case_id": "live_parallel_14-10-0", "stop_reason": "eos", "output_tokens": 34, "nfe": 8, "elapsed_seconds": 0.4205}
{"arm": "nemotron-3b-ex-diffusion", "case_id": "live_parallel_15-11-0", "stop_reason": "eos", "output_tokens": 23, "nfe": 18, "elapsed_seconds": 0.8118}
{"arm": "nemotron-3b-ex-diffusion", "case_id": "live_parallel_multiple_0-0-0", "stop_reason": "eos", "output_tokens": 66, "nfe": 19, "elapsed_seconds": 0.9623}
{"arm": "nemotron-3b-ex-diffusion", "case_id": "live_parallel_multiple_1-1-0", "stop_reason": "eos", "output_tokens": 33, "nfe": 9, "elapsed_seconds": 0.5595}
{"arm": "nemotron-3b-ex-diffusion", "case_id": "live_parallel_multiple_2-2-0", "stop_reason": "eos", "output_tokens": 85, "nfe": 51, "elapsed_seconds": 2.5269}
{"arm": "nemotron-3b-ex-diffusion", "case_id": "live_parallel_multiple_3-2-1", "stop_reason": "eos", "output_tokens": 78, "nfe": 31, "elapsed_seconds": 1.6707}
{"arm": "nemotron-3b-ex-diffusion", "case_id": "live_parallel_multiple_4-3-0", "stop_reason": "eos", "output_tokens": 43, "nfe": 8, "elapsed_seconds": 0.4856}
{"arm": "nemotron-3b-ex-diffusion", "case_id": "live_parallel_multiple_5-4-0", "stop_reason": "eos", "output_tokens": 30, "nfe": 5, "elapsed_seconds": 0.3251}
{"arm": "nemotron-3b-ex-diffusion", "case_id": "live_parallel_multiple_6-5-0", "stop_reason": "eos", "output_tokens": 38, "nfe": 15, "elapsed_seconds": 0.7248}
{"arm": "nemotron-3b-ex-diffusion", "case_id": "live_parallel_multiple_7-6-0", "stop_reason": "eos", "output_tokens": 33, "nfe": 8, "elapsed_seconds": 0.4895}
{"arm": "nemotron-3b-ex-diffusion", "case_id": "live_parallel_multiple_8-7-0", "stop_reason": "eos", "output_tokens": 74, "nfe": 20, "elapsed_seconds": 1.1258}
{"arm": "nemotron-3b-ex-diffusion", "case_id": "live_parallel_multiple_9-8-0", "stop_reason": "eos", "output_tokens": 109, "nfe": 41, "elapsed_seconds": 2.0753}
{"arm": "nemotron-3b-ex-diffusion", "case_id": "live_parallel_multiple_10-9-0", "stop_reason": "eos", "output_tokens": 41, "nfe": 27, "elapsed_seconds": 1.6003}
{"arm": "nemotron-3b-ex-diffusion", "case_id": "live_parallel_multiple_11-10-0", "stop_reason": "eos", "output_tokens": 55, "nfe": 19, "elapsed_seconds": 1.0281}
{"arm": "nemotron-3b-ex-diffusion", "case_id": "live_parallel_multiple_12-10-1", "stop_reason": "eos", "output_tokens": 27, "nfe": 12, "elapsed_seconds": 0.7358}
{"arm": "nemotron-3b-ex-diffusion", "case_id": "live_parallel_multiple_13-11-0", "stop_reason": "eos", "output_tokens": 31, "nfe": 12, "elapsed_seconds": 0.6124}
{"arm": "nemotron-3b-ex-diffusion", "case_id": "live_parallel_multiple_14-12-0", "stop_reason": "eos", "output_tokens": 43, "nfe": 14, "elapsed_seconds": 0.6909}
{"arm": "nemotron-3b-ex-diffusion", "case_id": "live_parallel_multiple_15-13-0", "stop_reason": "eos", "output_tokens": 26, "nfe": 7, "elapsed_seconds": 0.4108}
{"arm": "nemotron-3b-ex-diffusion", "case_id": "live_parallel_multiple_16-14-0", "stop_reason": "eos", "output_tokens": 24, "nfe": 15, "elapsed_seconds": 0.7292}
{"arm": "nemotron-3b-ex-diffusion", "case_id": "live_parallel_multiple_17-15-0", "stop_reason": "eos", "output_tokens": 21, "nfe": 12, "elapsed_seconds": 0.8031}
{"arm": "nemotron-3b-ex-diffusion", "case_id": "live_parallel_multiple_18-16-0", "stop_reason": "eos", "output_tokens": 34, "nfe": 9, "elapsed_seconds": 0.7865}
{"arm": "nemotron-3b-ex-diffusion", "case_id": "live_parallel_multiple_19-16-1", "stop_reason": "eos", "output_tokens": 32, "nfe": 10, "elapsed_seconds": 0.8264}
{"arm": "nemotron-3b-ex-diffusion", "case_id": "live_parallel_multiple_20-17-0", "stop_reason": "eos", "output_tokens": 80, "nfe": 18, "elapsed_seconds": 1.4032}
{"arm": "nemotron-3b-ex-diffusion", "case_id": "live_parallel_multiple_21-18-0", "stop_reason": "eos", "output_tokens": 57, "nfe": 10, "elapsed_seconds": 0.5886}
{"arm": "nemotron-3b-ex-diffusion", "case_id": "live_parallel_multiple_22-19-0", "stop_reason": "eos", "output_tokens": 34, "nfe": 7, "elapsed_seconds": 0.618}
{"arm": "nemotron-3b-ex-diffusion", "case_id": "live_parallel_multiple_23-20-0", "stop_reason": "eos", "output_tokens": 57, "nfe": 13, "elapsed_seconds": 0.648}
